review_text,review_title,rating,date,platform,app_version,language,thumbs_up_count,review_id,source_app,source_package,source_method
amazing app,,5,2026-09-12,play_store,18.16.1,en,0,687e7948-37cb-4400-b2d0-718bb259cc43,Groww,com.nextbillion.groww,google_play_public_no_login_fetcher
nowadays this app work too slowly everything feels laggy we can't see Even how many stocks we pledged and we can't see our balance properly too many glitches,,5,2026-09-12,play_store,,en,0,c9f2102b-5acd-4c3a-8d87-0cfd12c361e5,Groww,com.nextbillion.groww,google_play_public_no_login_fetcher
real trust ❤️❤️,,5,2026-09-12,play_store,18.16.1,en,0,0a6598e2-2020-4a9b-ba34-47db0c433179,Groww,com.nextbillion.groww,google_play_public_no_login_fetcher
wonderful 😊 for life,,5,2026-09-12,play_store,18.16.1,en,0,cdd1646a-45ac-4255-b425-e1c99ccd89a4,Groww,com.nextbillion.groww,google_play_public_no_login_fetcher
too much charges,,1,2026-09-12,play_store,18.17.3,en,0,b15cce3f-2257-4c79-87b3-bff4fc99cba9,Groww,com.nextbillion.groww,google_play_public_no_login_fetcher
I withdraw money it not come 😭,,1,2026-09-12,play_store,18.16.1,en,0,f76a56fa-c043-4871-a41a-599412833159,Groww,com.nextbillion.groww,google_play_public_no_login_fetcher
nice,,5,2026-09-12,play_store,18.16.1,en,0,de37db4e-a706-4770-b39d-63659af1e98d,Groww,com.nextbillion.groww,google_play_public_no_login_fetcher
Good,,5,2026-09-12,play_store,18.16.1,en,0,546ef0ab-d306-458b-a140-c2b5ca203486,Groww,com.nextbillion.groww,google_play_public_no_login_fetcher
nice,,5,2026-09-12,play_store,18.17.3,en,1,78de6f80-bf77-4eed-a6fe-f93b4da68c3b,Groww,com.nextbillion.groww,google_play_public_no_login_fetcher
nice,,5,2026-09-12,play_store,18.17.3,en,1,77ffc317-8c92-48d2-a9e4-3390642f7972,Groww,com.nextbillion.groww,google_play_public_no_login_fetcher
wd waaas se,,1,2026-09-12,play_store,18.14.1,en,0,68959db8-b522-4aeb-9ad1-0a58c5fc49e2,Groww,com.nextbillion.groww,google_play_public_no_login_fetcher
nice,,5,2026-09-12,play_store,18.17.3,en,0,51eb8847-7fde-49c3-bb62-4f7527a8124b,Groww,com.nextbillion.groww,google_play_public_no_login_fetcher
nice,,5,2026-09-12,play_store,18.17.3,en,0,e4a57730-8204-47b3-8d14-b8258d083660,Groww,com.nextbillion.groww,google_play_public_no_login_fetcher
bekar,,1,2026-09-12,play_store,18.16.1,en,0,82adb055-1db3-47f0-acaf-0cbe5ee41d30,Groww,com.nextbillion.groww,google_play_public_no_login_fetcher
very good,,5,2026-09-12,play_store,18.16.1,en,1,d314acb2-49d3-45bf-8d7c-7d72a120f396,Groww,com.nextbillion.groww,google_play_public_no_login_fetcher
very good broker,,5,2026-09-12,play_store,,en,0,b5eb65fa-fc6c-45b8-b2d6-17303776e402,Groww,com.nextbillion.groww,google_play_public_no_login_fetcher
"groww app F and O always struck, glitches,slow moments very bad",,1,2026-09-12,play_store,,en,0,24607b05-ee98-499a-bf09-acbeecdb83a4,Groww,com.nextbillion.groww,google_play_public_no_login_fetcher
jabse ye aap mobile me aai hai me road pr aa gya,,5,2026-09-12,play_store,18.16.1,en,0,64892fc6-9fbe-4cb0-bdae-84e2e969b14c,Groww,com.nextbillion.groww,google_play_public_no_login_fetcher
super,,5,2026-09-12,play_store,18.16.1,en,0,704b52b7-56f4-44be-9bef-e4c16a048adf,Groww,com.nextbillion.groww,google_play_public_no_login_fetcher
good,,1,2026-09-12,play_store,18.16.1,en,0,272c9812-7a79-4b70-b4cb-3699fe5f6d8b,Groww,com.nextbillion.groww,google_play_public_no_login_fetcher
nice 🤩,,3,2026-09-12,play_store,18.17.3,en,0,6c377c86-d0a4-4ca6-9ad2-57ac105b73a1,Groww,com.nextbillion.groww,google_play_public_no_login_fetcher
nice,,5,2026-09-12,play_store,18.16.1,en,1,c7b9d04e-654b-4060-8aca-8f68941af264,Groww,com.nextbillion.groww,google_play_public_no_login_fetcher
best app,,5,2026-09-12,play_store,18.16.1,en,0,f60a21bd-1a2c-4353-9938-e91f45d691ee,Groww,com.nextbillion.groww,google_play_public_no_login_fetcher
simplest KYC,,5,2026-09-12,play_store,18.17.3,en,0,fc82b767-174a-485e-9b7b-b62927f78686,Groww,com.nextbillion.groww,google_play_public_no_login_fetcher
good,,5,2026-09-12,play_store,18.16.1,en,0,636727e1-7a23-4112-b4ae-48a9c389bcd2,Groww,com.nextbillion.groww,google_play_public_no_login_fetcher
amazing,,5,2026-09-12,play_store,18.16.1,en,0,0f402a3e-fc07-47db-b0c2-2da221b140d1,Groww,com.nextbillion.groww,google_play_public_no_login_fetcher
omg,,5,2026-09-12,play_store,18.15.1,en,0,2382925b-703b-44f4-b341-2d7e0d9811c4,Groww,com.nextbillion.groww,google_play_public_no_login_fetcher
nice and safe app,,4,2026-09-12,play_store,18.16.1,en,0,862d308e-f743-4a64-b6ef-a91e0e3eda34,Groww,com.nextbillion.groww,google_play_public_no_login_fetcher
The letters in the app should be a bit larger; they are very small.,,5,2026-09-12,play_store,18.16.1,en,0,4ef63ea7-d802-46bc-8dff-46e5e644730a,Groww,com.nextbillion.groww,google_play_public_no_login_fetcher
use full,,5,2026-09-12,play_store,18.17.3,en,0,ded58a83-146f-415b-ad90-14cf6c2d0bbf,Groww,com.nextbillion.groww,google_play_public_no_login_fetcher
good service,,5,2026-09-12,play_store,17.94.1,en,0,82714fd0-330b-48cb-9efc-da8acdafdad8,Groww,com.nextbillion.groww,google_play_public_no_login_fetcher
roj value,,5,2026-09-12,play_store,18.16.1,en,0,cf07b522-0a1c-4ad3-8b6e-c947f884fbe4,Groww,com.nextbillion.groww,google_play_public_no_login_fetcher
useless app. it refuses to accept my non google mail account.,,1,2026-09-12,play_store,,en,1,c4c9a11b-c44f-4614-a142-aa280236ab99,Groww,com.nextbillion.groww,google_play_public_no_login_fetcher
good,,5,2026-09-12,play_store,18.16.1,en,0,746be85d-22f2-4d83-9a82-cd7b1b9a72eb,Groww,com.nextbillion.groww,google_play_public_no_login_fetcher
Good,,5,2026-09-12,play_store,18.16.1,en,0,8ae7f55d-8085-457c-a13c-701e73c45111,Groww,com.nextbillion.groww,google_play_public_no_login_fetcher
very easy n nice,,3,2026-09-12,play_store,18.16.1,en,0,2c036a05-a3ad-4875-a91a-fcaebdf66453,Groww,com.nextbillion.groww,google_play_public_no_login_fetcher
"There are lots of bugs in your app or server, sometimes IPO dates change, Sometimes the pre-apply option appears and disappears. Fix those things.",,2,2026-09-12,play_store,18.17.3,en,1,afc3c524-54fe-4d87-8699-033ca3b084bc,Groww,com.nextbillion.groww,google_play_public_no_login_fetcher
everything positive things,,5,2026-09-12,play_store,18.13.2,en,0,cc3a73d4-48ec-41dc-bc11-47b2b18b7ebd,Groww,com.nextbillion.groww,google_play_public_no_login_fetcher
retrun,,5,2026-09-12,play_store,18.15.1,en,0,e36859eb-04a9-46f0-96ef-8a38fe1dfeb5,Groww,com.nextbillion.groww,google_play_public_no_login_fetcher
i deposit money but I can't buy it,,1,2026-09-12,play_store,18.16.1,en,0,68108801-bc2c-4417-9b70-ea9c63c33aac,Groww,com.nextbillion.groww,google_play_public_no_login_fetcher
good,,5,2026-09-12,play_store,18.16.1,en,0,8905da8e-6819-4fa0-8c0b-a34a8e6a77cc,Groww,com.nextbillion.groww,google_play_public_no_login_fetcher
super,,4,2026-09-12,play_store,18.16.1,en,0,dd829072-d7e9-484d-9e70-3c5d4237b3bb,Groww,com.nextbillion.groww,google_play_public_no_login_fetcher
good,,5,2026-09-12,play_store,18.16.1,en,0,d0d1b093-ffbc-43e7-b969-0274205ee3ff,Groww,com.nextbillion.groww,google_play_public_no_login_fetcher
suppar,,5,2026-09-12,play_store,18.16.1,en,0,a76c4630-2118-4ae0-a349-0b014ec1e6aa,Groww,com.nextbillion.groww,google_play_public_no_login_fetcher
good 😊,,5,2026-09-12,play_store,18.15.1,en,0,050d861e-90a3-445c-97a0-b0a3bf151acb,Groww,com.nextbillion.groww,google_play_public_no_login_fetcher
good 👍,,5,2026-09-12,play_store,18.16.1,en,0,7be9ab06-09aa-43f5-85db-9380fee591d4,Groww,com.nextbillion.groww,google_play_public_no_login_fetcher
good,,5,2026-09-12,play_store,,en,0,efe6994c-9322-447f-ab39-47cd6ba863ee,Groww,com.nextbillion.groww,google_play_public_no_login_fetcher
good,,5,2026-09-12,play_store,18.15.1,en,0,d29048e7-f753-4f02-9d04-022c45b10c1e,Groww,com.nextbillion.groww,google_play_public_no_login_fetcher
good,,5,2026-09-12,play_store,18.15.0,en,0,f59008ea-8c14-42e8-b3cd-88557a9b56e7,Groww,com.nextbillion.groww,google_play_public_no_login_fetcher
mkcbl nnoun,,4,2026-09-12,play_store,18.16.1,en,0,d73715b1-8b4a-49c0-b826-4cb6d95c6482,Groww,com.nextbillion.groww,google_play_public_no_login_fetcher
good,,4,2026-09-12,play_store,18.17.3,en,0,e160854c-3c80-4e94-9a18-5e699d7d4128,Groww,com.nextbillion.groww,google_play_public_no_login_fetcher
nice,,5,2026-09-12,play_store,18.15.1,en,0,d3101792-01da-4815-a6ac-0f0b9ece06ff,Groww,com.nextbillion.groww,google_play_public_no_login_fetcher
accha hai,,5,2026-09-12,play_store,18.16.1,en,0,a8f4dfb3-9cda-49a8-800b-5971b77382db,Groww,com.nextbillion.groww,google_play_public_no_login_fetcher
very good,,5,2026-09-12,play_store,18.17.3,en,0,74b671e7-8e42-4763-926f-79c9f45a8cfe,Groww,com.nextbillion.groww,google_play_public_no_login_fetcher
super 😊 and 🥇,,5,2026-09-12,play_store,18.16.1,en,0,c9114527-028d-4e8c-a477-d093e2d3a00c,Groww,com.nextbillion.groww,google_play_public_no_login_fetcher
Worst experience! Groww needs brokerage only even in customer loss.,,1,2026-09-12,play_store,18.17.3,en,0,9fc17399-9daa-4e0d-896c-fbafc11c5c8a,Groww,com.nextbillion.groww,google_play_public_no_login_fetcher
good,,5,2026-09-12,play_store,18.16.1,en,0,5a6b241d-7490-43f0-b7b4-cea89ed5fa53,Groww,com.nextbillion.groww,google_play_public_no_login_fetcher
Bad,,1,2026-09-12,play_store,18.17.3,en,0,2d951f51-9219-4bd5-a230-264b72a99442,Groww,com.nextbillion.groww,google_play_public_no_login_fetcher
Rakesh,,5,2026-09-12,play_store,18.17.3,en,0,10c7b4cc-8f3e-42c5-b812-4a885ba8e6a0,Groww,com.nextbillion.groww,google_play_public_no_login_fetcher
Good,,5,2026-09-12,play_store,18.14.2,en,0,8f8b21c0-d24f-4f22-b317-983f6d8c1f45,Groww,com.nextbillion.groww,google_play_public_no_login_fetcher
nice,,5,2026-09-12,play_store,18.16.1,en,0,b9393ce6-13ad-4437-9065-68d409f7bb31,Groww,com.nextbillion.groww,google_play_public_no_login_fetcher
very good broker app,,5,2026-09-12,play_store,,en,0,aec54537-8eac-4308-84e5-68943b303ac6,Groww,com.nextbillion.groww,google_play_public_no_login_fetcher
best app in word,,5,2026-09-12,play_store,18.13.2,en,0,fa440cb3-9c4c-494a-bc05-79aab1869384,Groww,com.nextbillion.groww,google_play_public_no_login_fetcher
good,,5,2026-09-12,play_store,18.17.3,en,0,02ccd1fd-5b1f-4dc6-83fd-56d22beda3cc,Groww,com.nextbillion.groww,google_play_public_no_login_fetcher
user friendly,,5,2026-09-12,play_store,18.17.3,en,0,3bec83bf-2ce2-4c83-8767-ce22c475f7fe,Groww,com.nextbillion.groww,google_play_public_no_login_fetcher
Good app . but some time app was freezing.,,4,2026-09-12,play_store,18.16.1,en,0,3753d59c-cf49-4983-acf5-f7ad741fc788,Groww,com.nextbillion.groww,google_play_public_no_login_fetcher
good,,5,2026-09-12,play_store,18.16.1,en,0,89dc44d3-5db2-4dca-896c-aff340906eb6,Groww,com.nextbillion.groww,google_play_public_no_login_fetcher
okay,,4,2026-09-12,play_store,18.17.3,en,0,d8337954-6304-48b0-9da0-49dc08568c4c,Groww,com.nextbillion.groww,google_play_public_no_login_fetcher
nice app,,5,2026-09-12,play_store,18.17.3,en,0,965ede66-7306-4345-9156-bed868488e20,Groww,com.nextbillion.groww,google_play_public_no_login_fetcher
very nice,,5,2026-09-12,play_store,18.17.3,en,0,777de55e-2939-4d58-8712-06feb37546d8,Groww,com.nextbillion.groww,google_play_public_no_login_fetcher
best,,5,2026-09-12,play_store,18.13.2,en,0,f0d94ea0-c0c1-4f5e-ad2f-8f3a65b80f38,Groww,com.nextbillion.groww,google_play_public_no_login_fetcher
great,,5,2026-09-12,play_store,18.17.3,en,0,224374ce-7871-4eb2-a507-8c768479753f,Groww,com.nextbillion.groww,google_play_public_no_login_fetcher
गुडमॉर्निंग,,5,2026-09-12,play_store,18.17.3,en,0,d5fce1d8-d7f2-4905-99ef-9e366686c2ad,Groww,com.nextbillion.groww,google_play_public_no_login_fetcher
nice,,5,2026-09-12,play_store,,en,0,6de406ce-224a-4112-b857-84d4ccb2a1b1,Groww,com.nextbillion.groww,google_play_public_no_login_fetcher
best,,5,2026-09-12,play_store,18.17.3,en,0,83206f76-62ee-4371-8cfe-ff00e1676222,Groww,com.nextbillion.groww,google_play_public_no_login_fetcher
good,,5,2026-09-12,play_store,18.16.1,en,0,4ddb2926-737a-4af2-84f7-96bdae0c1caf,Groww,com.nextbillion.groww,google_play_public_no_login_fetcher
smooth user interface,,5,2026-09-12,play_store,18.16.1,en,0,551bb896-14a2-4abe-9a1e-82190b2e0f41,Groww,com.nextbillion.groww,google_play_public_no_login_fetcher
esy to use and clean app,,5,2026-09-12,play_store,18.16.1,en,0,783b3123-cfe6-4e88-84cc-a11095f8c8d5,Groww,com.nextbillion.groww,google_play_public_no_login_fetcher
ok,,5,2026-09-12,play_store,18.17.3,en,0,ff3133e8-9f66-436c-ba92-2a41331471ff,Groww,com.nextbillion.groww,google_play_public_no_login_fetcher
very good,,5,2026-09-12,play_store,18.17.3,en,0,436cea70-2f2d-43c1-8ecd-8149bf0ce6eb,Groww,com.nextbillion.groww,google_play_public_no_login_fetcher
Nice App,,5,2026-09-12,play_store,,en,0,0c712b38-1bee-4c6e-b274-c8113ce65010,Groww,com.nextbillion.groww,google_play_public_no_login_fetcher
great 👍,,5,2026-09-11,play_store,18.17.3,en,0,395af9aa-1872-4214-9c58-7ae9976da67c,Groww,com.nextbillion.groww,google_play_public_no_login_fetcher
super experience thanks groww stocks ❤️🙏🕉️,,5,2026-09-11,play_store,18.16.1,en,0,999d0752-6af9-4140-9764-359b281abc46,Groww,com.nextbillion.groww,google_play_public_no_login_fetcher
very nice,,5,2026-09-11,play_store,18.11.1,en,0,33f12f35-4e23-41b6-a85d-c20988a3574e,Groww,com.nextbillion.groww,google_play_public_no_login_fetcher
thik aahe,,5,2026-09-11,play_store,18.16.1,en,0,b8c53af7-4720-4c77-a3f3-3debf9d398ff,Groww,com.nextbillion.groww,google_play_public_no_login_fetcher
nice,,5,2026-09-11,play_store,18.16.1,en,0,ccf024fb-fc87-49df-abcd-a848ac5ca9b1,Groww,com.nextbillion.groww,google_play_public_no_login_fetcher
".. 0 , in . Cv , Mm",,3,2026-09-11,play_store,17.59,en,0,0602d27a-c272-480c-ad32-e3f3836851f1,Groww,com.nextbillion.groww,google_play_public_no_login_fetcher
Good,,5,2026-09-11,play_store,18.16.1,en,0,c1b4ccd9-5b65-4118-869e-3d5984624b9f,Groww,com.nextbillion.groww,google_play_public_no_login_fetcher
ok,,5,2026-09-11,play_store,,en,0,1d6330fc-494a-4440-8bfc-40914d2c7ee3,Groww,com.nextbillion.groww,google_play_public_no_login_fetcher
Need to simplify and easy understanding,,4,2026-09-11,play_store,18.17.3,en,0,db36ca95-f9c9-4f19-93dc-f3ab4bb75511,Groww,com.nextbillion.groww,google_play_public_no_login_fetcher
very good,,5,2026-09-11,play_store,18.15.1,en,0,6c75b1d0-6fe4-4887-9233-33a1f8695bfb,Groww,com.nextbillion.groww,google_play_public_no_login_fetcher
Nice app,,4,2026-09-11,play_store,18.16.1,en,0,7eff231f-bd22-4b95-bad4-45d16901d33f,Groww,com.nextbillion.groww,google_play_public_no_login_fetcher
best app,,5,2026-09-11,play_store,18.16.1,en,0,4ab9ea78-8843-449b-9c86-8759e904aea4,Groww,com.nextbillion.groww,google_play_public_no_login_fetcher
veri good,,5,2026-09-11,play_store,18.16.1,en,0,15d67894-d92f-40c7-b674-8a0fb85e4bf9,Groww,com.nextbillion.groww,google_play_public_no_login_fetcher
super 👌👍,,5,2026-09-11,play_store,18.16.1,en,0,49bf4a7f-0c78-44c4-a6c4-131ee7aa098f,Groww,com.nextbillion.groww,google_play_public_no_login_fetcher
excellent for beginners,,5,2026-09-11,play_store,18.13.2,en,0,69e470cf-fc2a-40d6-a1b5-0d68a5fbaa08,Groww,com.nextbillion.groww,google_play_public_no_login_fetcher
Good,,5,2026-09-11,play_store,18.14.1,en,0,8b21936e-a186-49c4-a68e-7249bcdeff27,Groww,com.nextbillion.groww,google_play_public_no_login_fetcher
MTF policy is pathetic,,2,2026-09-11,play_store,18.16.1,en,1,000c1374-7c25-474c-9932-f0f90ea9901a,Groww,com.nextbillion.groww,google_play_public_no_login_fetcher
bhai keyboard sahi karo GR-1 ka please.,,5,2026-09-11,play_store,18.17.3,en,0,7acedd6c-2526-4466-9998-b7683b17c3f8,Groww,com.nextbillion.groww,google_play_public_no_login_fetcher
Awesome 😎👍🏻👍🏻,,5,2026-09-11,play_store,18.17.3,en,0,99251835-4913-4e4f-a0a1-32e49f6ddcb3,Groww,com.nextbillion.groww,google_play_public_no_login_fetcher
good👍💯💯💯,,5,2026-09-11,play_store,18.16.1,en,0,4089d4f1-0f75-4162-be9f-15fdadb7cf5e,Groww,com.nextbillion.groww,google_play_public_no_login_fetcher
good 👍,,5,2026-09-11,play_store,18.16.1,en,0,4bbc67f8-66d4-4ac3-860b-dd5bcd06b9d3,Groww,com.nextbillion.groww,google_play_public_no_login_fetcher
very good service,,5,2026-09-11,play_store,18.13.2,en,0,0058e71c-3f38-4c74-a93e-96ad8daf30d0,Groww,com.nextbillion.groww,google_play_public_no_login_fetcher
I feel good,,3,2026-09-11,play_store,18.16.1,en,0,609f4c92-42b2-4eae-ae2d-a179634561fb,Groww,com.nextbillion.groww,google_play_public_no_login_fetcher
best ok,,5,2026-09-11,play_store,18.16.1,en,1,3b03f3b5-1fe0-4587-84ba-fd82bea40354,Groww,com.nextbillion.groww,google_play_public_no_login_fetcher
Platform is getting worst day by day. Customer service is worst. They don't have any solution for any of the issues being faced by the user. Today I have noticed that they subscription rate of IPOs being shown on Groww is incorrect and is far less than actual subscription rate. As expected from the worst platform.,,1,2026-09-11,play_store,18.16.1,en,3,b2b6ea4e-566b-410e-ac3b-d4bb79765195,Groww,com.nextbillion.groww,google_play_public_no_login_fetcher
super,,5,2026-09-11,play_store,18.16.1,en,0,357f1126-787b-41aa-b618-5637f2e88423,Groww,com.nextbillion.groww,google_play_public_no_login_fetcher
good,,5,2026-09-11,play_store,18.17.3,en,0,02f6ec79-05c2-495d-9920-810563ef030b,Groww,com.nextbillion.groww,google_play_public_no_login_fetcher
bahut badhiya hai,,5,2026-09-11,play_store,,en,0,49f9a719-7a35-48b6-9e41-402e462754cd,Groww,com.nextbillion.groww,google_play_public_no_login_fetcher
good 👍,,5,2026-09-11,play_store,18.13.2,en,0,fde46a62-706f-4394-bb96-1ceaea69768e,Groww,com.nextbillion.groww,google_play_public_no_login_fetcher
"I have been utilizing Groww as my primary investment platform. I particularly appreciate its intuitive interface and user-friendly design. The recently launched GR-1 AI assistant has proven to be an invaluable tool. It efficiently provides comprehensive information, eliminating the need for extensive internet searches. I was genuinely impressed by its capabilities and have, therefore, noted its recent absence following an update. I kindly request its reinstatement at your earliest convenience.",,5,2026-09-11,play_store,18.16.1,en,0,61ea59fd-c8f1-4603-a530-1932b67538a9,Groww,com.nextbillion.groww,google_play_public_no_login_fetcher
good,,5,2026-09-11,play_store,18.16.1,en,1,e93111c6-11ce-42a1-ba2e-ceb092d7df4e,Groww,com.nextbillion.groww,google_play_public_no_login_fetcher
bed,,1,2026-09-11,play_store,18.16.1,en,0,59a60892-b446-42f8-95cd-c442b33557b0,Groww,com.nextbillion.groww,google_play_public_no_login_fetcher
good,,5,2026-09-11,play_store,18.16.1,en,0,6e403d63-8a26-4ba3-a042-93ddc0415265,Groww,com.nextbillion.groww,google_play_public_no_login_fetcher
very easy to use always support for every query to resolve.,,5,2026-09-11,play_store,18.16.1,en,0,740cc804-f0bd-4a8a-83a4-35dc61049ced,Groww,com.nextbillion.groww,google_play_public_no_login_fetcher
nice,,5,2026-09-11,play_store,18.17.3,en,0,66f13eaf-a195-4b2c-9978-ba729a4defe4,Groww,com.nextbillion.groww,google_play_public_no_login_fetcher
excellent,,5,2026-09-11,play_store,18.16.1,en,0,8ec7e5d5-5047-465a-9f54-56ceb9d6df0b,Groww,com.nextbillion.groww,google_play_public_no_login_fetcher
this app is so hard for using,,2,2026-09-11,play_store,18.16.1,en,0,e71495d8-3751-4997-b010-8d524789f7f4,Groww,com.nextbillion.groww,google_play_public_no_login_fetcher
"Hidden charges not use the app buy sell charge square off charge account mobile nabar edit chanrge hazro charge ,better upstox , dhan , zaroda",,1,2026-09-11,play_store,,en,0,38e82da5-4f0b-491d-99a7-8add68d853b0,Groww,com.nextbillion.groww,google_play_public_no_login_fetcher
easy app koi bhi ise use krega use mza aye ga ise chlana ashan h I love groww app best feature kon kon use kr rha h like kre👌👌👌👌👌🤟🤟🤟❤️❤️❤️👍👍👍✌️✌️✌️✌️,,5,2026-09-11,play_store,18.17.3,en,1,75a6b11c-2bae-4efa-84b6-b70c1076236a,Groww,com.nextbillion.groww,google_play_public_no_login_fetcher
Good 👍,,4,2026-09-11,play_store,18.17.3,en,0,84924c8e-0350-4eec-9045-f5e269ff0d4f,Groww,com.nextbillion.groww,google_play_public_no_login_fetcher
super,,5,2026-09-11,play_store,18.16.1,en,0,8c227dcf-c63c-4de7-b0d6-58170ab9856b,Groww,com.nextbillion.groww,google_play_public_no_login_fetcher
perfect.......,,5,2026-09-11,play_store,18.16.1,en,0,84483f4d-945b-421f-8d33-f5068dece9d4,Groww,com.nextbillion.groww,google_play_public_no_login_fetcher
please fix one things more mai jab v account switch karta hu mere sare indicator remove ho jate hai. har bar add karna parta hai all line r remove also what I fix as per analysis har bar add karne mai prblm hota hai account switch karne mai indicator remove na ho dekhna,,5,2026-09-11,play_store,18.17.3,en,0,7495dcf0-6ded-41f8-9443-ef748b368a7d,Groww,com.nextbillion.groww,google_play_public_no_login_fetcher
Every thing is Good,,5,2026-09-11,play_store,18.17.3,en,0,9413a8c8-3a01-4d1e-ad8d-08313fa1800e,Groww,com.nextbillion.groww,google_play_public_no_login_fetcher
it's a good 😊,,1,2026-09-11,play_store,18.17.3,en,1,0af2f1a2-47fb-4011-aa41-cfb4e9a6277a,Groww,com.nextbillion.groww,google_play_public_no_login_fetcher
best,,5,2026-09-11,play_store,18.13.2,en,1,57b99c65-70e9-4007-8beb-74c588a08a66,Groww,com.nextbillion.groww,google_play_public_no_login_fetcher
very good,,5,2026-09-11,play_store,18.16.1,en,0,12b68b8a-fbb3-4e63-8a3e-48889042f61d,Groww,com.nextbillion.groww,google_play_public_no_login_fetcher
I am using Shiprocket Quick for my regular local orders and the experience has been positive so far. The app is easy to understand and delivery progress can be checked quickly. I also find it useful when customers ask about their orders because the latest status is easily accessible.,,5,2026-09-11,play_store,,en,0,5cf0cbcf-766c-425b-8023-aa5500445c86,Groww,com.nextbillion.groww,google_play_public_no_login_fetcher
इ बुक ऑफ ईसि,,2,2026-09-11,play_store,,en,0,e8c28b6f-40cb-49a9-9498-689b43073468,Groww,com.nextbillion.groww,google_play_public_no_login_fetcher
good,,5,2026-09-11,play_store,18.16.1,en,1,b8b49a26-ecfa-4343-865d-da4bf58d20b8,Groww,com.nextbillion.groww,google_play_public_no_login_fetcher
good app,,5,2026-09-11,play_store,18.16.1,en,1,392671b7-4388-42e6-a22b-079eb81b602e,Groww,com.nextbillion.groww,google_play_public_no_login_fetcher
wow Nice App,,5,2026-09-11,play_store,18.17.3,en,0,62fcb126-5152-4d5c-8731-c9610881a8b8,Groww,com.nextbillion.groww,google_play_public_no_login_fetcher
good,,5,2026-09-11,play_store,18.16.1,en,1,2da3ec53-da9b-4736-b2f6-84d842c1d2ed,Groww,com.nextbillion.groww,google_play_public_no_login_fetcher
nice,,5,2026-09-11,play_store,18.16.1,en,1,f4d7bfea-db53-4b55-833a-1ace94d96ffa,Groww,com.nextbillion.groww,google_play_public_no_login_fetcher
goob👍,,5,2026-09-11,play_store,18.16.1,en,0,62d5faca-a18e-462d-889d-aa73c0b24131,Groww,com.nextbillion.groww,google_play_public_no_login_fetcher
good,,5,2026-09-11,play_store,18.16.1,en,0,f15b5136-5e15-4eb9-b778-83300f5a69c6,Groww,com.nextbillion.groww,google_play_public_no_login_fetcher
good 👍,,5,2026-09-11,play_store,18.16.1,en,0,2543446c-3491-4de2-98f6-2d082dbd0b0b,Groww,com.nextbillion.groww,google_play_public_no_login_fetcher
nice platform,,5,2026-09-11,play_store,18.14.1,en,1,1e7ccb0f-6666-4aae-9fe4-faf164677712,Groww,com.nextbillion.groww,google_play_public_no_login_fetcher
Groww,,5,2026-09-11,play_store,18.16.1,en,0,b5fadbe8-ca73-4577-a447-a6a641c91ae1,Groww,com.nextbillion.groww,google_play_public_no_login_fetcher
ipo ek bi nahi laga muje,,5,2026-09-11,play_store,18.16.1,en,0,c3afeffd-727c-40ba-8f48-7cb2d0628b64,Groww,com.nextbillion.groww,google_play_public_no_login_fetcher
Mai sabhi trader or investor Bhai se anurodh karata hu....Jago grahak jago....ye grow trading platform sabase jyada brockrage leta hai jisake Karan sabhi trader loss me rahata hai.....aur koi recommendations v nahi deta... .ya to ye company brockrage kam kare ...nahi Mai ye platform use karana chhor raha hu....Jago trader and investors....,,1,2026-09-11,play_store,18.16.1,en,4,5d5bce12-5617-4acc-ac1d-ec7b8a4a8173,Groww,com.nextbillion.groww,google_play_public_no_login_fetcher
super,,5,2026-09-11,play_store,18.16.1,en,0,f590fa68-6e36-40a7-a4df-22eaa7a63cb1,Groww,com.nextbillion.groww,google_play_public_no_login_fetcher
good 👍🏿,,5,2026-09-11,play_store,18.16.1,en,0,0b704c7f-a9ba-4142-b013-dcdc82a20f34,Groww,com.nextbillion.groww,google_play_public_no_login_fetcher
Good 👍😊.,,5,2026-09-11,play_store,18.17.3,en,0,9f19a1ce-d2e4-4d56-9fde-03a485b55bdc,Groww,com.nextbillion.groww,google_play_public_no_login_fetcher
good 😊,,5,2026-09-11,play_store,18.16.1,en,0,9a5285ff-376d-48eb-b065-1b92b8e1a0f5,Groww,com.nextbillion.groww,google_play_public_no_login_fetcher
good 👍,,5,2026-09-11,play_store,18.17.3,en,1,35c91771-06dd-46f9-a2eb-33eb74d01dd1,Groww,com.nextbillion.groww,google_play_public_no_login_fetcher
nice 👍 good,,5,2026-09-11,play_store,18.16.1,en,0,562b42d3-9f99-473f-80a2-4d5547c30cff,Groww,com.nextbillion.groww,google_play_public_no_login_fetcher
best app for mutual fund sip,,5,2026-09-11,play_store,18.16.1,en,0,197d90f3-1e78-4011-8f1e-729001fd6794,Groww,com.nextbillion.groww,google_play_public_no_login_fetcher
good,,4,2026-09-11,play_store,18.16.1,en,1,cebe530d-0b38-43eb-8153-2169bdeb0e96,Groww,com.nextbillion.groww,google_play_public_no_login_fetcher
i am so happy ...thank you so much customer care support....Groww Application Good 😊 Thank you so much Best Demate Account Alltime ⭐⭐⭐⭐⭐⭐ 6 Star ✨,,5,2026-09-11,play_store,18.16.1,en,1,fe752e07-7aa1-437d-9b9d-1e091ea0df44,Groww,com.nextbillion.groww,google_play_public_no_login_fetcher
very good app interface,,5,2026-09-11,play_store,18.17.3,en,0,6ece33f4-2456-4c63-bc8b-0ed19ef2c7c0,Groww,com.nextbillion.groww,google_play_public_no_login_fetcher
awesome ❤️,,5,2026-09-11,play_store,18.16.1,en,0,bc9cdfca-cf22-4450-9a4d-794e538287d7,Groww,com.nextbillion.groww,google_play_public_no_login_fetcher
okay,,5,2026-09-11,play_store,,en,1,24dcaf8b-e2b7-42a1-8a1b-bf0ca5b3f211,Groww,com.nextbillion.groww,google_play_public_no_login_fetcher
good,,5,2026-09-11,play_store,18.16.1,en,1,2e1d688f-bead-4db2-bb6e-8f6012ad72c5,Groww,com.nextbillion.groww,google_play_public_no_login_fetcher
easy-to-use,,5,2026-09-11,play_store,18.16.1,en,0,804f38f0-18d0-4262-8b70-0d31f77cc94c,Groww,com.nextbillion.groww,google_play_public_no_login_fetcher
superb,,5,2026-09-11,play_store,18.8.1,en,0,51c2da08-1936-4ff5-a9d3-e6457ff3d5b2,Groww,com.nextbillion.groww,google_play_public_no_login_fetcher
pathetic customer service,,1,2026-09-11,play_store,18.17.3,en,0,df4fb01c-9b45-4394-a698-8dab39f3bd86,Groww,com.nextbillion.groww,google_play_public_no_login_fetcher
good,,5,2026-09-11,play_store,18.16.1,en,0,4d0399fe-b55d-423a-a27b-2ba7d7c8edfd,Groww,com.nextbillion.groww,google_play_public_no_login_fetcher
nice,,5,2026-09-11,play_store,18.16.1,en,0,78b7d93f-cb17-48f1-b10e-d191d036c9cf,Groww,com.nextbillion.groww,google_play_public_no_login_fetcher
good,,5,2026-09-11,play_store,18.16.1,en,0,5bbf1d65-ed21-4245-8ab3-30f9bd9a71ff,Groww,com.nextbillion.groww,google_play_public_no_login_fetcher
good,,5,2026-09-11,play_store,18.14.2,en,1,9b2b4b08-9193-494d-baea-d0f86096a3b3,Groww,com.nextbillion.groww,google_play_public_no_login_fetcher
earning aap,,5,2026-09-11,play_store,,en,1,24894449-5a49-4489-a008-03fa96c7dc1b,Groww,com.nextbillion.groww,google_play_public_no_login_fetcher
very good,,5,2026-09-11,play_store,18.16.1,en,1,a334f84d-0bfc-4e97-b332-690a94e39636,Groww,com.nextbillion.groww,google_play_public_no_login_fetcher
good 👍,,4,2026-09-11,play_store,18.17.3,en,1,c6c4d64a-c6a9-4120-960d-7428aef3f24a,Groww,com.nextbillion.groww,google_play_public_no_login_fetcher
very good,,5,2026-09-11,play_store,18.12.1,en,0,6f452236-59f1-4df3-b5db-a694b4066d4e,Groww,com.nextbillion.groww,google_play_public_no_login_fetcher
good app.,,4,2026-09-11,play_store,18.17.3,en,1,e1c0ffba-faf8-4591-a4b2-2447c3e1a141,Groww,com.nextbillion.groww,google_play_public_no_login_fetcher
good,,5,2026-09-11,play_store,18.16.0,en,0,31995ff4-583f-4f68-a077-2ddcf5298767,Groww,com.nextbillion.groww,google_play_public_no_login_fetcher
very buggy app every time it gets stuck when I go to the ipo option please fix it asap or else your groww share price will be more down,,1,2026-09-11,play_store,18.16.1,en,1,1b7f934d-041d-4027-b27e-4143d83003ad,Groww,com.nextbillion.groww,google_play_public_no_login_fetcher
good 👍,,5,2026-09-11,play_store,18.17.3,en,0,2180e01b-b177-4e2f-965e-736840b00f1c,Groww,com.nextbillion.groww,google_play_public_no_login_fetcher
mujhe khusi huwi,,5,2026-09-11,play_store,18.16.1,en,0,442534b8-1e5f-4982-b59d-8d107ad0e550,Groww,com.nextbillion.groww,google_play_public_no_login_fetcher
"Best platform for trading, simple interface makes it even better and the UPI features too makes it all rounder for any kind of financial activities",,5,2026-09-11,play_store,18.16.1,en,0,18039c40-c0ce-4c9a-ac10-2b8fbbffe928,Groww,com.nextbillion.groww,google_play_public_no_login_fetcher
good,,5,2026-09-11,play_store,18.16.1,en,0,dc6e6a75-7faf-4b36-8f81-56a27f16d0b1,Groww,com.nextbillion.groww,google_play_public_no_login_fetcher
good,,5,2026-09-11,play_store,18.16.1,en,0,5f16eeac-e348-421c-8567-d90117037992,Groww,com.nextbillion.groww,google_play_public_no_login_fetcher
business good,,5,2026-09-11,play_store,18.16.1,en,0,351ec39d-e091-42d9-9071-e25588501505,Groww,com.nextbillion.groww,google_play_public_no_login_fetcher
"I am investing for last 3 year, its a best platform for investing",,5,2026-09-11,play_store,18.16.1,en,0,bff4b7da-0dde-4ce7-beb4-b0635ed3d7f4,Groww,com.nextbillion.groww,google_play_public_no_login_fetcher
Very simple to use with Higher transparency,,5,2026-09-11,play_store,18.17.3,en,0,539c40e8-eb8c-4c54-8e5a-0e73bea9b501,Groww,com.nextbillion.groww,google_play_public_no_login_fetcher
App is perfectly running before groww update on sep 8. after it bugs like stock price suddenly stop I'm refreshing running and again stopped it repeatedly. check above issue,,3,2026-09-11,play_store,18.17.3,en,0,588d274a-5301-45c3-929e-8d65d10104b5,Groww,com.nextbillion.groww,google_play_public_no_login_fetcher
Good,,5,2026-09-11,play_store,18.17.3,en,0,bad10eb1-05fd-4db2-9acb-8dac36995451,Groww,com.nextbillion.groww,google_play_public_no_login_fetcher
good,,5,2026-09-11,play_store,18.16.1,en,0,46713bc3-1557-48e6-9c22-48cc537b7e76,Groww,com.nextbillion.groww,google_play_public_no_login_fetcher
so much ads stop sending it,,1,2026-09-11,play_store,18.16.1,en,0,cdd64079-7b2e-43f3-9966-e954ea12fe25,Groww,com.nextbillion.groww,google_play_public_no_login_fetcher
good,,5,2026-09-11,play_store,18.16.1,en,1,eb5b3b11-fe42-46f2-be88-e7cf8c102709,Groww,com.nextbillion.groww,google_play_public_no_login_fetcher
veri Good,,5,2026-09-11,play_store,18.17.3,en,0,b059b81d-ca04-483a-a3ea-fbe289f70afb,Groww,com.nextbillion.groww,google_play_public_no_login_fetcher
becoming worst nowadays.....,,1,2026-09-11,play_store,18.17.3,en,1,43f2768e-f0cc-4e35-992b-cbb59fa2889a,Groww,com.nextbillion.groww,google_play_public_no_login_fetcher
best app,,5,2026-09-11,play_store,18.17.3,en,1,95c4dbd0-def9-4638-9068-fe859f1a3be4,Groww,com.nextbillion.groww,google_play_public_no_login_fetcher
good,,5,2026-09-11,play_store,18.16.1,en,0,df80c2b2-0001-4972-8a63-d28748005eaf,Groww,com.nextbillion.groww,google_play_public_no_login_fetcher
op,,5,2026-09-11,play_store,18.16.1,en,1,5c506f94-2ec3-4ae2-a992-dbf59b388898,Groww,com.nextbillion.groww,google_play_public_no_login_fetcher
good,,5,2026-09-11,play_store,18.16.1,en,0,78b32cdd-2cb3-4fae-8781-6ee2097bf617,Groww,com.nextbillion.groww,google_play_public_no_login_fetcher
very much thanks,,5,2026-09-11,play_store,18.17.3,en,0,f8b0491b-77f5-4e76-82dd-6fd86eb56c69,Groww,com.nextbillion.groww,google_play_public_no_login_fetcher
good,,5,2026-09-11,play_store,18.16.1,en,1,3a7638c2-0712-4a6d-8586-8e83bde44026,Groww,com.nextbillion.groww,google_play_public_no_login_fetcher
good👍😊,,5,2026-09-11,play_store,18.16.1,en,0,48512d7b-4a7a-468f-8a83-7f710a6d6ebc,Groww,com.nextbillion.groww,google_play_public_no_login_fetcher
good,,5,2026-09-11,play_store,18.16.1,en,0,73c8bd1b-3e3c-407e-9b82-2331fd245d7d,Groww,com.nextbillion.groww,google_play_public_no_login_fetcher
ok,,4,2026-09-11,play_store,18.17.3,en,0,49fae492-fec8-4540-82d4-a01c53e053ce,Groww,com.nextbillion.groww,google_play_public_no_login_fetcher
excellent..,,5,2026-09-11,play_store,18.17.3,en,0,f8648c8b-4e9b-4832-a293-0d4bf9c27b26,Groww,com.nextbillion.groww,google_play_public_no_login_fetcher
good,,5,2026-09-11,play_store,18.17.3,en,0,d8ea1569-02cb-4e7a-89e2-a0f8d3a5f00e,Groww,com.nextbillion.groww,google_play_public_no_login_fetcher
Nice App,,5,2026-09-11,play_store,17.93.2,en,1,19ee04e2-d755-4f1c-b5f2-4975a7ff4ea9,Groww,com.nextbillion.groww,google_play_public_no_login_fetcher
Good,,5,2026-09-11,play_store,18.16.1,en,0,461d3d55-5890-489a-9d19-8590bbcda12c,Groww,com.nextbillion.groww,google_play_public_no_login_fetcher
nice,,5,2026-09-11,play_store,18.16.1,en,0,7a94126e-b13f-49cd-8f90-bf646c136caa,Groww,com.nextbillion.groww,google_play_public_no_login_fetcher
nice,,5,2026-09-11,play_store,18.16.1,en,0,99a0e327-d03d-4920-bf7e-45b9d01a90cc,Groww,com.nextbillion.groww,google_play_public_no_login_fetcher
"This app is very bad, do not install any",,1,2026-09-11,play_store,18.16.1,en,0,1c6b6a10-3a01-47ea-88ea-c860a64e8b37,Groww,com.nextbillion.groww,google_play_public_no_login_fetcher
"c btaya lo eth Bathhhah h, adda ub laa kn a hy Thah gy tb lonzhU in thnyhll z on uk. kAiaaAbkjhl hy vh lhbbnn8J huh AA a h naah KnkiHb bhai yY ag Ok a a mn nhi iuhhA ahMP UN. O",,2,2026-09-11,play_store,18.17.3,en,0,60bdb42b-15ae-4b32-a484-0debc78dc3d4,Groww,com.nextbillion.groww,google_play_public_no_login_fetcher
you are worst service in loading stocks chart and option chains.,,4,2026-09-11,play_store,18.16.1,en,0,7afba007-011b-4d6a-aba3-1c80ede09ff3,Groww,com.nextbillion.groww,google_play_public_no_login_fetcher
good app,,5,2026-09-11,play_store,18.16.1,en,0,2c227d4c-d29f-4305-922b-5619edab8391,Groww,com.nextbillion.groww,google_play_public_no_login_fetcher
very impressive 👍,,5,2026-09-11,play_store,18.17.3,en,0,de7957a4-a97d-47fc-bafa-7c751f4c16eb,Groww,com.nextbillion.groww,google_play_public_no_login_fetcher
बहुत बढ़िया,,5,2026-09-11,play_store,18.16.1,en,0,715a0b12-6918-42c0-9442-84de29e071e3,Groww,com.nextbillion.groww,google_play_public_no_login_fetcher
good app,,5,2026-09-11,play_store,18.15.1,en,0,325bd7e9-543a-4aa9-876b-748c41b9c596,Groww,com.nextbillion.groww,google_play_public_no_login_fetcher
impressed,,5,2026-09-11,play_store,18.17.3,en,0,513df3b4-e17d-4d5d-995b-3e6a3ff9ca19,Groww,com.nextbillion.groww,google_play_public_no_login_fetcher
nice,,5,2026-09-11,play_store,18.16.1,en,0,082d29f9-4906-46f1-a5b5-e72828bc347a,Groww,com.nextbillion.groww,google_play_public_no_login_fetcher
i like this app very much good for everyone for bignner for all etc...,,4,2026-09-11,play_store,18.16.1,en,0,9ddaddc3-ef98-4006-96b1-228a625f5876,Groww,com.nextbillion.groww,google_play_public_no_login_fetcher
good 💯,,5,2026-09-11,play_store,18.17.3,en,0,b854447b-d179-41ad-a614-a88e924c4c9b,Groww,com.nextbillion.groww,google_play_public_no_login_fetcher
nice,,5,2026-09-11,play_store,18.17.3,en,0,82a04e54-f12c-4bd9-bcec-9a8176d464bd,Groww,com.nextbillion.groww,google_play_public_no_login_fetcher
good,,5,2026-09-11,play_store,18.17.3,en,0,5fde009b-90c9-4242-8c7f-225672dd7a94,Groww,com.nextbillion.groww,google_play_public_no_login_fetcher
nice application,,5,2026-09-11,play_store,18.17.3,en,0,4a83d2b6-c45c-48ee-b3ed-0a82608757dd,Groww,com.nextbillion.groww,google_play_public_no_login_fetcher
good 👍👍,,5,2026-09-11,play_store,18.16.1,en,0,54bb92ca-5f59-43a6-8943-e31ec7890dce,Groww,com.nextbillion.groww,google_play_public_no_login_fetcher
ok,,5,2026-09-11,play_store,18.16.1,en,0,3298753f-1949-4f4c-9a3b-16852af309f4,Groww,com.nextbillion.groww,google_play_public_no_login_fetcher
good,,5,2026-09-11,play_store,18.17.3,en,0,2fadeb5e-0635-4cfa-9a14-62e4c90d2494,Groww,com.nextbillion.groww,google_play_public_no_login_fetcher
very good 👍,,5,2026-09-11,play_store,18.16.1,en,0,0397172e-402e-4349-8176-5e7990200faf,Groww,com.nextbillion.groww,google_play_public_no_login_fetcher
good,,5,2026-09-11,play_store,18.16.1,en,0,fc8311ed-4c62-489e-a1f7-d5b9676e8862,Groww,com.nextbillion.groww,google_play_public_no_login_fetcher
super,,5,2026-09-11,play_store,18.17.3,en,0,cf9f37b9-f429-40e5-afd5-20a2d9ad3289,Groww,com.nextbillion.groww,google_play_public_no_login_fetcher
best,,5,2026-09-11,play_store,18.16.1,en,1,707eb38c-ffab-48b3-a043-18e0ff53d04c,Groww,com.nextbillion.groww,google_play_public_no_login_fetcher
"very genuine and accuracy, believable and trusted aap",,5,2026-09-11,play_store,18.16.1,en,0,dc6183b8-a020-44e5-b2df-00f4c86ee579,Groww,com.nextbillion.groww,google_play_public_no_login_fetcher
Good,,5,2026-09-11,play_store,18.15.1,en,0,22d66291-cf4a-46ea-8d8b-796778a6a74e,Groww,com.nextbillion.groww,google_play_public_no_login_fetcher
best app,,5,2026-09-11,play_store,18.17.3,en,0,f141ccb6-6487-43b9-9661-c73015295756,Groww,com.nextbillion.groww,google_play_public_no_login_fetcher
too many changes and taxes,,1,2026-09-11,play_store,18.17.3,en,0,b2db375b-9603-41b4-97f1-cba5d14d7ca5,Groww,com.nextbillion.groww,google_play_public_no_login_fetcher
charts are inaccurate and doesn't show more than 3-4 years old.new update is pathetic as they provide scalpers button just above bach button. it very annoying.,,1,2026-09-11,play_store,18.16.1,en,0,253a3877-6101-48e3-9c86-b968f25b100a,Groww,com.nextbillion.groww,google_play_public_no_login_fetcher
best app,,5,2026-09-11,play_store,18.16.1,en,0,5a6ced94-5613-49b2-b34e-6fb614a58c87,Groww,com.nextbillion.groww,google_play_public_no_login_fetcher
most esely oprating apps,,5,2026-09-11,play_store,18.17.3,en,0,8f50f985-97fb-458e-974b-176a23dbff4c,Groww,com.nextbillion.groww,google_play_public_no_login_fetcher
very sluggish app.. day by day it is deteriorating. sometime screen freezes and u r left with no choice but to force shutdown the app and relaunch..,,2,2026-09-11,play_store,18.16.1,en,0,75f87883-84b3-439d-924f-21906ea6928b,Groww,com.nextbillion.groww,google_play_public_no_login_fetcher
"I’ve been using this app for almost a year and have no complaints about its performance or features. I’d like to suggest one small addition: an optional description field when setting a stock alert. For example, if HAL is at ₹5,000 and I set an alert at ₹4,500 to buy shares, I’d like to note that reason in the alert. This would make alerts much more useful. I hope you’ll consider adding this feature!",,5,2026-09-11,play_store,18.17.3,en,0,aeea36e8-10bc-44ac-80df-6ebcad28cdfc,Groww,com.nextbillion.groww,google_play_public_no_login_fetcher
😁,,1,2026-09-11,play_store,18.17.3,en,0,f3bb8944-55fd-4c3b-a339-e88c5079edb9,Groww,com.nextbillion.groww,google_play_public_no_login_fetcher
stunning,,5,2026-09-11,play_store,18.16.1,en,0,4adf126a-a6c6-41ed-8b20-7b0dff57c789,Groww,com.nextbillion.groww,google_play_public_no_login_fetcher
best platform,,5,2026-09-11,play_store,18.16.1,en,0,e9ea07de-ca9a-47c6-ac71-a96c7aa01b43,Groww,com.nextbillion.groww,google_play_public_no_login_fetcher
thank you grow,,5,2026-09-11,play_store,18.16.1,en,0,91b04ff7-6ab5-449d-99b4-ddb785b0e20c,Groww,com.nextbillion.groww,google_play_public_no_login_fetcher
good 👍,,5,2026-09-11,play_store,18.16.1,en,0,0c5a8eea-81e5-4092-918a-6477d5629fd1,Groww,com.nextbillion.groww,google_play_public_no_login_fetcher
new update ke baad login nahi ho raha .There seems to be an issue with your internet. Please check your internet connection. bata raha hai,,1,2026-09-11,play_store,,en,0,bc68e726-0c8c-49de-bcb5-6a802e2af394,Groww,com.nextbillion.groww,google_play_public_no_login_fetcher
best,,5,2026-09-11,play_store,18.16.1,en,0,00e1221a-7a2a-4ed5-b39d-fec3ee1d1aac,Groww,com.nextbillion.groww,google_play_public_no_login_fetcher
good,,5,2026-09-11,play_store,18.17.3,en,0,a36cee6b-dfe4-4f6a-8585-e29cf2bad986,Groww,com.nextbillion.groww,google_play_public_no_login_fetcher
good 👍,,5,2026-09-11,play_store,18.16.1,en,0,82e500ba-5855-4555-9a35-ae99d9bea67f,Groww,com.nextbillion.groww,google_play_public_no_login_fetcher
whrost service last friday submitted all the documents since last friday its showing account opening will take 24 hours i called customer care its AI picking calls no clear answer ticket number 27719447,,1,2026-09-11,play_store,18.17.3,en,0,71299a40-d845-4f6d-b0df-26286c01a38f,Groww,com.nextbillion.groww,google_play_public_no_login_fetcher
very convenient,,5,2026-09-11,play_store,18.16.1,en,0,b1bfa8a8-4677-4418-a0dd-f71455191458,Groww,com.nextbillion.groww,google_play_public_no_login_fetcher
great experience for an untrained person,,5,2026-09-11,play_store,18.16.1,en,0,f0e03bbb-f3ca-43d3-83a0-01e2c3b1864b,Groww,com.nextbillion.groww,google_play_public_no_login_fetcher
👍,,5,2026-09-11,play_store,18.17.3,en,0,28bc9510-b91b-4ad3-a61b-047bb591d51a,Groww,com.nextbillion.groww,google_play_public_no_login_fetcher
app hanged after 3 pm not working,,1,2026-09-11,play_store,18.17.3,en,0,c4726a64-ad84-497d-b39f-f94d3b2e717e,Groww,com.nextbillion.groww,google_play_public_no_login_fetcher
trigger option is very bad my options is not considered,,5,2026-09-11,play_store,18.16.1,en,0,99b8386c-c28d-40cf-a1e8-79f6dc805159,Groww,com.nextbillion.groww,google_play_public_no_login_fetcher
very good trading aap,,5,2026-09-11,play_store,18.17.3,en,0,c05e9e1b-3af3-4bd9-89fb-b9689cebf421,Groww,com.nextbillion.groww,google_play_public_no_login_fetcher
best app,,5,2026-09-11,play_store,18.16.1,en,0,75249e9e-cf0e-496b-92ee-e90f2cbc7cb0,Groww,com.nextbillion.groww,google_play_public_no_login_fetcher
good,,5,2026-09-11,play_store,18.17.3,en,0,99f494df-e055-4d42-9b9f-156caf1fec1a,Groww,com.nextbillion.groww,google_play_public_no_login_fetcher
nice,,5,2026-09-11,play_store,18.16.1,en,0,4a4f50ec-d908-408d-9227-9e4fcce01bb6,Groww,com.nextbillion.groww,google_play_public_no_login_fetcher
very good working,,5,2026-09-11,play_store,18.16.1,en,0,7ede6b41-d517-441d-bf17-d6e3b2614031,Groww,com.nextbillion.groww,google_play_public_no_login_fetcher
user friendly.. But Brokerage charges are too high. If monthly package means could be better for F&O,,3,2026-09-11,play_store,18.16.1,en,0,ef066e65-48dc-40a9-9032-f9e089c8fabe,Groww,com.nextbillion.groww,google_play_public_no_login_fetcher
GOOD,,5,2026-09-11,play_store,18.17.3,en,0,23beb6a3-797a-4996-91da-bb8abac5f742,Groww,com.nextbillion.groww,google_play_public_no_login_fetcher
nice,,5,2026-09-11,play_store,18.16.1,en,0,592e29aa-0649-44e7-8293-01a92773b1f4,Groww,com.nextbillion.groww,google_play_public_no_login_fetcher
Nice and convent app.,,5,2026-09-11,play_store,18.17.3,en,1,1cbb31d3-ae99-4acf-94ca-21a95dee8440,Groww,com.nextbillion.groww,google_play_public_no_login_fetcher
good 👍👍,,5,2026-09-11,play_store,18.15.1,en,0,4b3a6912-27b2-4919-8b44-a4cbf4cc0710,Groww,com.nextbillion.groww,google_play_public_no_login_fetcher
super 😪🥱😘😎😺😅😺😘😪🤦🫢💙🤦🫢⚡ 🙂‍↕️,,5,2026-09-11,play_store,18.16.1,en,0,2c593049-1e46-439b-a11e-b643340785a5,Groww,com.nextbillion.groww,google_play_public_no_login_fetcher
good work nice 👍,,5,2026-09-11,play_store,18.16.1,en,0,bc0dbb2d-086f-4660-9487-34641acaafc6,Groww,com.nextbillion.groww,google_play_public_no_login_fetcher
good,,5,2026-09-11,play_store,18.16.1,en,0,bd2f4d52-3c9f-4564-aa84-eb0eb5e1ba48,Groww,com.nextbillion.groww,google_play_public_no_login_fetcher
best,,5,2026-09-11,play_store,18.16.1,en,1,8cb79ea3-09be-4326-8cf4-81dfada21bb3,Groww,com.nextbillion.groww,google_play_public_no_login_fetcher
wow,,5,2026-09-11,play_store,18.16.1,en,0,62355993-dd84-4d05-8450-909b0507175e,Groww,com.nextbillion.groww,google_play_public_no_login_fetcher
good,,5,2026-09-11,play_store,18.14.2,en,0,ca185842-614d-4cb2-9c67-8beddda65ec9,Groww,com.nextbillion.groww,google_play_public_no_login_fetcher
Nice,,5,2026-09-11,play_store,18.16.1,en,0,50b5ef92-6131-4a29-86d7-0da1128a60ad,Groww,com.nextbillion.groww,google_play_public_no_login_fetcher
excellent,,5,2026-09-11,play_store,18.17.3,en,1,e26a0e3a-0dd8-413e-a805-6d6c686c39f5,Groww,com.nextbillion.groww,google_play_public_no_login_fetcher
Good IPO subscription real time update,,5,2026-09-11,play_store,18.17.3,en,0,91e3ea78-1cfa-4ed2-ab3e-91810f9d14b8,Groww,com.nextbillion.groww,google_play_public_no_login_fetcher
Good,,5,2026-09-11,play_store,18.16.1,en,0,4f6e0712-b866-48f5-9112-3d4107be3914,Groww,com.nextbillion.groww,google_play_public_no_login_fetcher
GOOD APP AND FANTASTIC MONEY TRADE,,5,2026-09-11,play_store,18.17.3,en,0,836fef84-f757-48cf-9858-6f89f9830ea3,Groww,com.nextbillion.groww,google_play_public_no_login_fetcher
nice app,,5,2026-09-11,play_store,18.17.3,en,0,1d8ec4ee-ae8a-4337-92ba-c422d21256e4,Groww,com.nextbillion.groww,google_play_public_no_login_fetcher
best nu solla mudiyathu,,5,2026-09-11,play_store,18.17.3,en,1,022f5248-c593-445e-bf3a-44d6b23cfc4e,Groww,com.nextbillion.groww,google_play_public_no_login_fetcher
good,,5,2026-09-11,play_store,18.16.1,en,0,337c88c2-a0dc-4836-bf05-15f2af847bb9,Groww,com.nextbillion.groww,google_play_public_no_login_fetcher
good,,5,2026-09-11,play_store,18.16.1,en,0,7b95ae84-3c84-4345-a69f-efc79b6b17f4,Groww,com.nextbillion.groww,google_play_public_no_login_fetcher
good nis,,5,2026-09-11,play_store,18.13.2,en,0,3b4752c7-488e-4605-9189-1b58ae1010df,Groww,com.nextbillion.groww,google_play_public_no_login_fetcher
great ui simple to understand everything,,5,2026-09-11,play_store,18.16.1,en,1,2b827328-17c7-4da2-9520-84304179c982,Groww,com.nextbillion.groww,google_play_public_no_login_fetcher
Best app but charge jiyada hai,,5,2026-09-11,play_store,18.17.3,en,1,20a0fe72-89bc-4a02-b6b0-682a22a39925,Groww,com.nextbillion.groww,google_play_public_no_login_fetcher
Easy interface,,5,2026-09-11,play_store,18.16.1,en,0,255ba660-f279-4007-b512-814ff99d60b8,Groww,com.nextbillion.groww,google_play_public_no_login_fetcher
excellent,,5,2026-09-11,play_store,18.16.1,en,0,f187030d-1fea-45dd-8a3e-00c7187ef736,Groww,com.nextbillion.groww,google_play_public_no_login_fetcher
"even though you're charging ₹20 per trade,I love to it because you people are making me to groww and I like your app name groww which make me groww 💓🤗😎",,5,2026-09-10,play_store,,en,1,eccff620-a15c-435a-b99a-144afb002314,Groww,com.nextbillion.groww,google_play_public_no_login_fetcher
its very good,,5,2026-09-10,play_store,18.16.1,en,1,106e35ee-3189-451b-bec5-c6c34ec404a7,Groww,com.nextbillion.groww,google_play_public_no_login_fetcher
best,,5,2026-09-10,play_store,18.15.1,en,1,7f023b34-55e2-4bf9-8419-280f189c7946,Groww,com.nextbillion.groww,google_play_public_no_login_fetcher
bro add trailing stop loss system on charts.. get updated bro it's time to bring that,,5,2026-09-10,play_store,18.17.3,en,1,933dac34-11b0-47b4-a269-b64a98568f2a,Groww,com.nextbillion.groww,google_play_public_no_login_fetcher
excellent,,5,2026-09-10,play_store,18.12.1,en,1,b3130ed9-24ad-497c-9e43-4adf10cd9134,Groww,com.nextbillion.groww,google_play_public_no_login_fetcher
first time use invest aspect good service and good,,5,2026-09-10,play_store,18.17.3,en,0,45c42e65-40e2-4949-9965-cb5691da5ecb,Groww,com.nextbillion.groww,google_play_public_no_login_fetcher
🤯,,1,2026-09-10,play_store,18.16.1,en,1,8dacde68-cbd6-45c4-a00e-968a8dad5470,Groww,com.nextbillion.groww,google_play_public_no_login_fetcher
Nice app for use in investment,,5,2026-09-10,play_store,18.17.3,en,0,256657ce-79e4-4d2c-a46c-d10dd8355e14,Groww,com.nextbillion.groww,google_play_public_no_login_fetcher
good,,5,2026-09-10,play_store,18.17.3,en,1,c04bdf6e-ba15-4593-abae-5fec6ddeeff2,Groww,com.nextbillion.groww,google_play_public_no_login_fetcher
nice application,,5,2026-09-10,play_store,18.16.1,en,0,120dc2e5-5413-416b-ab27-b02ee61096b1,Groww,com.nextbillion.groww,google_play_public_no_login_fetcher
Nice Trading APP,,5,2026-09-10,play_store,18.13.2,en,1,e8e6ef90-b0f4-4c8d-b095-4280c9b140f0,Groww,com.nextbillion.groww,google_play_public_no_login_fetcher
very good,,4,2026-09-10,play_store,18.16.1,en,1,fa2dc8dd-4acd-4f36-a0d0-2401d3a1f722,Groww,com.nextbillion.groww,google_play_public_no_login_fetcher
best,,5,2026-09-10,play_store,,en,1,9ab28041-94a6-4408-8a25-b2b1083f1c3b,Groww,com.nextbillion.groww,google_play_public_no_login_fetcher
good,,5,2026-09-10,play_store,18.16.1,en,1,eb27afc4-a2de-47fd-b851-d4cad6f761b1,Groww,com.nextbillion.groww,google_play_public_no_login_fetcher
good,,5,2026-09-10,play_store,18.16.1,en,0,4ed60b2a-bfa4-44f4-9c3d-8721c9453e8a,Groww,com.nextbillion.groww,google_play_public_no_login_fetcher
nice,,5,2026-09-10,play_store,18.17.3,en,0,af1558a9-838e-4702-8f7a-ac96fdfeea66,Groww,com.nextbillion.groww,google_play_public_no_login_fetcher
Good,,5,2026-09-10,play_store,18.16.1,en,1,82238ea1-b0a2-47df-85c8-3f7432c6cc08,Groww,com.nextbillion.groww,google_play_public_no_login_fetcher
Best app for forex and crypto trading,,5,2026-09-10,play_store,18.16.1,en,0,bf7e443d-5a68-45c0-89f0-d56c53304820,Groww,com.nextbillion.groww,google_play_public_no_login_fetcher
good,,5,2026-09-10,play_store,18.16.1,en,0,5641a4a5-cc45-4b09-ba49-f1e438f73243,Groww,com.nextbillion.groww,google_play_public_no_login_fetcher
Best,,5,2026-09-10,play_store,18.16.1,en,1,f2a775ad-dce0-4d40-891a-3abcff5867ce,Groww,com.nextbillion.groww,google_play_public_no_login_fetcher
its very wrong you are asking pan details to use the app. What do those people will do who want to watch market details and don't have pan or dont want to create account with groww The problem is that app automatically closes when you dont have entered your details ticket no 27725416,,1,2026-09-10,play_store,18.16.1,en,1,8fdc48d4-4b85-43b9-b353-b4b908363a24,Groww,com.nextbillion.groww,google_play_public_no_login_fetcher
one of the best broker but charge so much,,5,2026-09-10,play_store,,en,0,a04a89dc-4772-46d8-b628-bb6dee0adb11,Groww,com.nextbillion.groww,google_play_public_no_login_fetcher
very good,,5,2026-09-10,play_store,18.16.1,en,1,c0303fee-f7a3-46d9-a51b-cacbfabe6d1d,Groww,com.nextbillion.groww,google_play_public_no_login_fetcher
good app,,5,2026-09-10,play_store,,en,0,2e523781-9122-4af1-aabd-b6ae3f2f69c5,Groww,com.nextbillion.groww,google_play_public_no_login_fetcher
not responding customer care service I am waiting call in line 8mint 😡,,3,2026-09-10,play_store,18.17.3,en,0,42d42775-5795-4d9d-85e6-2dab892a08c9,Groww,com.nextbillion.groww,google_play_public_no_login_fetcher
amazing,,5,2026-09-10,play_store,,en,0,732957bc-4c9e-4d54-b99d-2bb70404c6c6,Groww,com.nextbillion.groww,google_play_public_no_login_fetcher
It is good to use I have been using it for 2 years till now I didn't face any issue with this app.,,4,2026-09-10,play_store,18.15.1,en,0,14632d5c-5871-4c97-bf3c-1c734f6aeb03,Groww,com.nextbillion.groww,google_play_public_no_login_fetcher
all good,,5,2026-09-10,play_store,18.16.1,en,0,4d1fc8ab-c340-46bf-b84d-44e265de4b78,Groww,com.nextbillion.groww,google_play_public_no_login_fetcher
"This app may be useful for beginners who are just starting out and don’t know much about the process. However, if you are looking for good service, proper support, and a smooth overall experience, I would not recommend downloading this app. The service needs significant improvement, especially in terms of customer support and user experience.",,1,2026-09-10,play_store,18.17.3,en,0,cdb024f5-e1ce-493d-8f96-4eab18f6302b,Groww,com.nextbillion.groww,google_play_public_no_login_fetcher
good,,5,2026-09-10,play_store,18.16.1,en,0,9bbf0e63-413a-441a-828b-741de3cd1f36,Groww,com.nextbillion.groww,google_play_public_no_login_fetcher
nice,,5,2026-09-10,play_store,18.17.3,en,1,112e7124-e7ed-4bfb-b375-0bde7fe0e35e,Groww,com.nextbillion.groww,google_play_public_no_login_fetcher
fantastic,,5,2026-09-10,play_store,18.16.1,en,0,52a8bc6f-070f-4e49-b561-786996ef54b7,Groww,com.nextbillion.groww,google_play_public_no_login_fetcher
"I'm using Groww App from 2022 and doing investments through Groww. Groww app is very easy to use and also there is no maintenance charges at all. And, the charges for buying and selling share are also very less. I would highly recommend Groww app for Beginners, Intermediate and Experts as well. Thanks a lot Groww for making my investments easy and quick",,5,2026-09-10,play_store,18.16.1,en,0,5e90e0ab-3b20-4b28-9961-111086d871ac,Groww,com.nextbillion.groww,google_play_public_no_login_fetcher
Good 👍,,5,2026-09-10,play_store,18.16.1,en,0,8430872d-617a-469c-aab5-82b0e2b184bf,Groww,com.nextbillion.groww,google_play_public_no_login_fetcher
so costly,,5,2026-09-10,play_store,18.16.1,en,0,fdf5fd93-f158-407e-aace-2fb337b8c06e,Groww,com.nextbillion.groww,google_play_public_no_login_fetcher
I am very surprised that how the GROWW has kept the number one active user with itself while it does not even wander around Zerodha.,,3,2026-09-10,play_store,18.16.1,en,0,fd121f00-68eb-4a9f-8951-276dfd2931c2,Groww,com.nextbillion.groww,google_play_public_no_login_fetcher
this is best app,,5,2026-09-10,play_store,18.15.0,en,0,f89b3afb-03b5-4c88-8cb1-075b6c26a36d,Groww,com.nextbillion.groww,google_play_public_no_login_fetcher
good,,5,2026-09-10,play_store,18.16.1,en,0,021d2d68-2c91-410b-b102-38b68c253ac5,Groww,com.nextbillion.groww,google_play_public_no_login_fetcher
good,,5,2026-09-10,play_store,18.16.1,en,0,e8db64c5-fe75-4808-adaa-7bbb7f739416,Groww,com.nextbillion.groww,google_play_public_no_login_fetcher
excellent,,5,2026-09-10,play_store,18.17.3,en,0,050c9bb4-a3be-44f0-bc63-f8810d761aee,Groww,com.nextbillion.groww,google_play_public_no_login_fetcher
good,,5,2026-09-10,play_store,18.16.1,en,0,1da22939-dd0e-4ccd-9445-9df29eea50bc,Groww,com.nextbillion.groww,google_play_public_no_login_fetcher
nice 👍,,5,2026-09-10,play_store,18.16.1,en,1,ef93f79e-57e8-487b-a6c7-81e13f5a75dd,Groww,com.nextbillion.groww,google_play_public_no_login_fetcher
"i have been using the app, most of the configuration works in sunc however Alerts customized shoukd be eneabled , that can help to keep the alert for 3m , 6m or a year. currently its only available for a month and that creates lot of tracking",,3,2026-09-10,play_store,18.16.1,en,1,15003308-468b-4098-8dd8-87a6d351608c,Groww,com.nextbillion.groww,google_play_public_no_login_fetcher
nice,,5,2026-09-10,play_store,18.16.1,en,0,c4d6a7d2-e5a6-4f4e-9174-ca33152343d7,Groww,com.nextbillion.groww,google_play_public_no_login_fetcher
Ismai sab kuch karna ige haj,,5,2026-09-10,play_store,,en,1,d353ec79-d080-4b3d-9a6c-9ac6c0ebedff,Groww,com.nextbillion.groww,google_play_public_no_login_fetcher
show fastet growing share seperate,,4,2026-09-10,play_store,18.16.1,en,0,3c62b19d-53d4-4035-8fc8-6bf1265b98ea,Groww,com.nextbillion.groww,google_play_public_no_login_fetcher
good,,5,2026-09-10,play_store,18.16.1,en,0,7d914702-7a9e-49c4-a185-798db2e4377c,Groww,com.nextbillion.groww,google_play_public_no_login_fetcher
very good platform,,5,2026-09-10,play_store,18.16.1,en,0,753ddf80-e1d0-4644-9f50-f9e2e06c3bf3,Groww,com.nextbillion.groww,google_play_public_no_login_fetcher
"it's very simple to use , 👍",,5,2026-09-10,play_store,18.16.1,en,1,47aec663-cf1e-45f2-a708-f25ecfd776f1,Groww,com.nextbillion.groww,google_play_public_no_login_fetcher
good,,4,2026-09-10,play_store,18.16.1,en,0,4e6fc48f-6aad-4e59-af2d-bd39e8490274,Groww,com.nextbillion.groww,google_play_public_no_login_fetcher
"complete manipulation, please correct the exit button and SL",,1,2026-09-10,play_store,18.16.1,en,1,347a2c92-4d7f-4ba3-b0d3-54d06fe5f666,Groww,com.nextbillion.groww,google_play_public_no_login_fetcher
Quick and efficient service when required. Great platform,,5,2026-09-10,play_store,18.17.3,en,0,ef0eff3c-a499-4a33-8a52-a0d860a54383,Groww,com.nextbillion.groww,google_play_public_no_login_fetcher
फ्रॉड ट्रेडिंग है अभी भी वक्त है पैसा मत वेस्ट करो इन लोगो के चक्कर मे ये सब फ्रॉड है,,1,2026-09-10,play_store,18.17.3,en,0,f2b6b5c7-1c15-4484-afc1-1c6ba0370f5e,Groww,com.nextbillion.groww,google_play_public_no_login_fetcher
scalper buttons the right side of chain button in chart interface is so irritating 😭,,3,2026-09-10,play_store,,en,1,d063b378-839b-4d4f-9775-6718fd3f3157,Groww,com.nextbillion.groww,google_play_public_no_login_fetcher
"after taking the click also ,trade wasn't executed and I got loss because of your terrible performance, also tried to connect Customer support but instead of understanding my concern they're reverting like AI , disgusting....",,1,2026-09-10,play_store,18.17.3,en,1,420b7575-fea6-4a69-9717-b9bf7fcaf450,Groww,com.nextbillion.groww,google_play_public_no_login_fetcher
சூப்பர்,,4,2026-09-10,play_store,18.15.1,en,0,71e1813c-98c3-471d-8e99-369030948ea8,Groww,com.nextbillion.groww,google_play_public_no_login_fetcher
good,,5,2026-09-10,play_store,18.16.1,en,0,27409c6a-56df-41d4-9043-b620d8befd95,Groww,com.nextbillion.groww,google_play_public_no_login_fetcher
best application for investing.,,5,2026-09-10,play_store,,en,0,01369c7c-9c95-4709-8ad9-069da29f4a67,Groww,com.nextbillion.groww,google_play_public_no_login_fetcher
good app 👌 👍,,5,2026-09-10,play_store,18.17.3,en,1,7dac4806-f5ff-4fb1-9fd8-8efcafd5a0d6,Groww,com.nextbillion.groww,google_play_public_no_login_fetcher
good,,2,2026-09-10,play_store,18.16.1,en,0,85ebbfe2-bf67-46c9-86d0-f18cb722d7e9,Groww,com.nextbillion.groww,google_play_public_no_login_fetcher
good,,5,2026-09-10,play_store,18.16.1,en,0,01d7c158-4cdb-43f3-9e47-c6141c385960,Groww,com.nextbillion.groww,google_play_public_no_login_fetcher
"F&O Trap & Broken UI State As a stocks/funds investor, critical flaws ruin this app: F&O Trap: The F&O section has an ""Activate"" button with zero confirmation popups. One misclick triggers 24hr activation with no cancel option. Broken Segments: After misclicking, all segment checkboxes stayed ticked. Even after calling support to deactivate, the UI never updated, causing confusion. Sync Issues: Backend states fail to sync, hurting trust.",,1,2026-09-10,play_store,18.17.3,en,1,3b9e47e8-b601-4e63-8bb0-24ea15c5e684,Groww,com.nextbillion.groww,google_play_public_no_login_fetcher
best trading app 👌👌,,5,2026-09-10,play_store,18.14.2,en,0,c730ec3e-ca8b-4261-883c-66e32cad7c59,Groww,com.nextbillion.groww,google_play_public_no_login_fetcher
great and simple app 👍,,5,2026-09-10,play_store,18.17.3,en,1,eb8cab36-ecce-4bdf-a360-0cd076f8e4e1,Groww,com.nextbillion.groww,google_play_public_no_login_fetcher
good 😊,,5,2026-09-10,play_store,18.17.3,en,0,43a1ead6-e737-4cbd-918e-1364a39c0dce,Groww,com.nextbillion.groww,google_play_public_no_login_fetcher
Good app.,,5,2026-09-10,play_store,18.16.1,en,0,300d8076-37d2-45be-8289-6a44b87dc30f,Groww,com.nextbillion.groww,google_play_public_no_login_fetcher
Good,,5,2026-09-10,play_store,18.13.2,en,0,371527c8-0fda-4475-81aa-9370e285c468,Groww,com.nextbillion.groww,google_play_public_no_login_fetcher
Excellent,,5,2026-09-10,play_store,18.16.1,en,1,b552fda8-1d5a-44ad-9fe2-a33c05347194,Groww,com.nextbillion.groww,google_play_public_no_login_fetcher
verry nice,,5,2026-09-10,play_store,18.13.2,en,0,9afdbb19-b89e-45a0-ba7a-75ca39c545ad,Groww,com.nextbillion.groww,google_play_public_no_login_fetcher
great,,5,2026-09-10,play_store,18.15.1,en,1,267605f4-b2f5-42aa-b428-a2f82cbdfac2,Groww,com.nextbillion.groww,google_play_public_no_login_fetcher
excellent,,5,2026-09-10,play_store,18.16.1,en,1,c7fafc93-dd0c-4a38-ac89-c437d01dd97f,Groww,com.nextbillion.groww,google_play_public_no_login_fetcher
best,,5,2026-09-10,play_store,18.16.1,en,1,72c8ce34-258c-41e3-8565-c17ca388fa97,Groww,com.nextbillion.groww,google_play_public_no_login_fetcher
very bed sarvice poor sarver order not cancel soo bed sarvice customer care not responding any query don't trust this application avoid this application,,1,2026-09-10,play_store,,en,1,fc6a692a-7866-4728-b9d5-68612acb9370,Groww,com.nextbillion.groww,google_play_public_no_login_fetcher
need notice the stock s,,5,2026-09-10,play_store,18.17.3,en,1,6025ee35-7630-4521-9d29-68264ee260ec,Groww,com.nextbillion.groww,google_play_public_no_login_fetcher
good,,5,2026-09-10,play_store,18.13.2,en,1,98b37184-de55-423d-a0fc-056a56551d68,Groww,com.nextbillion.groww,google_play_public_no_login_fetcher
bad service and app refresh time too hang every time my self 😞 one i saw my profit 1.3k up after few minutes then I it's zero oo but Everytime frees automatic update not working.,,1,2026-09-10,play_store,18.16.1,en,5,9bff6462-9ad1-47db-9e43-e4f78adaf73c,Groww,com.nextbillion.groww,google_play_public_no_login_fetcher
good,,4,2026-09-10,play_store,18.16.1,en,1,3c5d9fbe-3200-45cc-ad6b-69ec2779cfa0,Groww,com.nextbillion.groww,google_play_public_no_login_fetcher
good 😊👍,,5,2026-09-10,play_store,18.16.1,en,1,c46ebede-99f8-44bc-8643-6bebaa519296,Groww,com.nextbillion.groww,google_play_public_no_login_fetcher
vary bad technician issu,,1,2026-09-10,play_store,18.17.3,en,1,6c006665-9faa-4b32-bf48-5cca7cfcc8fc,Groww,com.nextbillion.groww,google_play_public_no_login_fetcher
I love you groww,,5,2026-09-10,play_store,18.16.1,en,0,33f54adf-0efe-48ea-b68e-4ba4d1a8a172,Groww,com.nextbillion.groww,google_play_public_no_login_fetcher
superstar 💪,,5,2026-09-10,play_store,18.15.1,en,0,53659f3a-8d82-4a11-9678-86d9ce29a0be,Groww,com.nextbillion.groww,google_play_public_no_login_fetcher
👍,,5,2026-09-10,play_store,18.16.1,en,0,15df5800-1b0e-41d1-ac81-0b3c6a542b66,Groww,com.nextbillion.groww,google_play_public_no_login_fetcher
bhai jitna profit me tha usse jyada loss aa gaya ab to position close kar do ya bilkul hi zero karke chhodoge,,1,2026-09-10,play_store,18.16.1,en,1,88d38410-b8e9-4fe6-aa24-dde35e8c0993,Groww,com.nextbillion.groww,google_play_public_no_login_fetcher
very nice service,,5,2026-09-10,play_store,18.17.3,en,0,bc5fd1a6-6474-42c5-9196-0d13a2502a38,Groww,com.nextbillion.groww,google_play_public_no_login_fetcher
good,,5,2026-09-10,play_store,18.16.1,en,0,650e6c7f-afe3-47dc-84ae-a15fc26b11ce,Groww,com.nextbillion.groww,google_play_public_no_login_fetcher
good,,5,2026-09-10,play_store,18.16.1,en,0,5fe80a98-8ebc-4996-97e6-d2d8e4ade0c1,Groww,com.nextbillion.groww,google_play_public_no_login_fetcher
worst app for trading,,1,2026-09-10,play_store,18.16.1,en,0,c02f39c3-7dfc-4b03-9a0b-9a3798712369,Groww,com.nextbillion.groww,google_play_public_no_login_fetcher
good,,5,2026-09-10,play_store,18.16.1,en,0,182bb6b3-d4ea-4d2b-9f15-a86250399428,Groww,com.nextbillion.groww,google_play_public_no_login_fetcher
stock is being stuck and due to the same is being losses to customer,,1,2026-09-10,play_store,18.16.1,en,0,096155f7-060a-425a-8d3f-13b1e3f41bb9,Groww,com.nextbillion.groww,google_play_public_no_login_fetcher
very bad trading application not use,,1,2026-09-10,play_store,18.16.1,en,0,35081a4e-92d0-4667-8d05-62d62277f4c2,Groww,com.nextbillion.groww,google_play_public_no_login_fetcher
good experience,,5,2026-09-10,play_store,18.16.1,en,0,f799ba27-847a-4f4d-b16f-09aeba804328,Groww,com.nextbillion.groww,google_play_public_no_login_fetcher
all is good,,5,2026-09-10,play_store,18.16.1,en,0,993bf410-7c2e-4abd-bffd-1615ff462d1b,Groww,com.nextbillion.groww,google_play_public_no_login_fetcher
good 👍,,5,2026-09-10,play_store,18.16.1,en,0,ad0faa61-24ee-4c3a-9fb5-0c9956dd7388,Groww,com.nextbillion.groww,google_play_public_no_login_fetcher
good,,4,2026-09-10,play_store,18.16.1,en,0,cd6a7ce4-1382-4332-8dfc-3dcf529e4358,Groww,com.nextbillion.groww,google_play_public_no_login_fetcher
itne bade Wale chore frauds scamsters or thieves ho ap log k kya hi batau ..? tum log external charges k naam par... itni chori krte ho na k kya hi btau...??? mere chote se profit pe bhi 600₹ external tax k naam par kar liya tum logon ne... tabhi toh tum badi badi posts walo k bache tedhe medhe or handicapped ya apang paida hote h... jab shraap lete ho Brahmins ka tum log...🥺,,1,2026-09-10,play_store,18.17.3,en,1,81d8f3f0-3db1-447e-b6cd-a503e5ef12d3,Groww,com.nextbillion.groww,google_play_public_no_login_fetcher
good,,5,2026-09-10,play_store,18.17.3,en,0,1dd8bbfc-2df0-4499-bbac-f20444886587,Groww,com.nextbillion.groww,google_play_public_no_login_fetcher
nice app,,5,2026-09-10,play_store,18.16.1,en,0,57910bb2-7599-407f-8b6d-b9692f24c7ad,Groww,com.nextbillion.groww,google_play_public_no_login_fetcher
Good,,5,2026-09-10,play_store,18.16.1,en,0,dba3d260-7acb-4167-a1bd-d591d1680c5b,Groww,com.nextbillion.groww,google_play_public_no_login_fetcher
good,,5,2026-09-10,play_store,18.16.1,en,0,ef614180-f3b1-4bd9-bf3e-ba9a7f38116e,Groww,com.nextbillion.groww,google_play_public_no_login_fetcher
bahut achha,,5,2026-09-10,play_store,18.17.3,en,0,7328e669-383d-4a94-9f90-0af0960a008a,Groww,com.nextbillion.groww,google_play_public_no_login_fetcher
my app is AI option is not show,,5,2026-09-10,play_store,,en,0,dcdb2b11-1c69-47ae-a111-6e2da67d8df6,Groww,com.nextbillion.groww,google_play_public_no_login_fetcher
best app,,5,2026-09-10,play_store,18.16.1,en,0,7518f31c-a52d-4e0a-8a50-010003586654,Groww,com.nextbillion.groww,google_play_public_no_login_fetcher
"Pls Pls Pls make it possible to change the timeline in Sector Trending Today Page. Only 1 day change can be seen, make it 3/6 months and one year also, so that one can make decisions more accurately and timely. Consider this as urgent n necessary Switching Account is not happening, not even logging out @10/09/2026",,4,2026-09-10,play_store,18.16.1,en,5,c3efd2bc-f460-4c7d-9a92-fbef0690a6cc,Groww,com.nextbillion.groww,google_play_public_no_login_fetcher
Good Service,,5,2026-09-10,play_store,18.16.1,en,0,55a89d0b-957c-4d79-8577-1a6a150f3ad0,Groww,com.nextbillion.groww,google_play_public_no_login_fetcher
nice,,5,2026-09-10,play_store,18.17.3,en,0,f5526a39-1fc7-41ee-ac4d-cf7dd7ffdd2b,Groww,com.nextbillion.groww,google_play_public_no_login_fetcher
Best,,5,2026-09-10,play_store,18.16.1,en,0,a3663d24-cb62-4307-acd5-bbb4a88a687d,Groww,com.nextbillion.groww,google_play_public_no_login_fetcher
"worst customer support, no one responds properly. takes 1 hour to reply that they will look into the issue shortly and then provide some trash solution and immediately close the chat",,1,2026-09-10,play_store,18.16.1,en,0,b2d96437-2927-41ca-a6b3-d1242f36adb6,Groww,com.nextbillion.groww,google_play_public_no_login_fetcher
"Feature Request: Add Application Number and IPO Name in UPI Mandate Descriptions When applying for IPOs, the incoming UPI mandate requests on banking/UPI apps (Google Pay, PhonePe, BHIM, Paytm) often show generic merchant names or lack clear descriptions. ​When applying for multiple IPOs or using multiple accounts, it becomes difficult to identify which mandate belongs to which application. 10/9/2026 are you take any action for my suggestions???",,4,2026-09-10,play_store,18.16.1,en,1,f00c0a54-9282-413d-9c5a-a3750e7ce330,Groww,com.nextbillion.groww,google_play_public_no_login_fetcher
very Good Aap,,5,2026-09-10,play_store,18.16.1,en,0,9e623a91-0763-444c-bc77-dad06faab9b5,Groww,com.nextbillion.groww,google_play_public_no_login_fetcher
very good,,5,2026-09-10,play_store,18.17.3,en,0,c685bd0c-9f25-4f89-93b3-6251f48a6781,Groww,com.nextbillion.groww,google_play_public_no_login_fetcher
🙏🙏🙏🙏🙏,,5,2026-09-10,play_store,18.16.1,en,0,ead13c60-e02d-40c7-aac1-34f06bd72053,Groww,com.nextbillion.groww,google_play_public_no_login_fetcher
previously its a good app. after updates its showing so many errors,,1,2026-09-10,play_store,18.17.3,en,1,b21e25dd-6ce8-4c54-8d80-c0f14ce2d5b0,Groww,com.nextbillion.groww,google_play_public_no_login_fetcher
its excellent platform & very user friendly. complete solution in one app,,4,2026-09-10,play_store,18.17.3,en,1,57d53909-0495-4a16-b409-b91c7357f0f5,Groww,com.nextbillion.groww,google_play_public_no_login_fetcher
👍,,5,2026-09-10,play_store,18.16.1,en,0,520751db-4439-47ea-b102-7206ee22bc99,Groww,com.nextbillion.groww,google_play_public_no_login_fetcher
super groww,,5,2026-09-10,play_store,18.16.1,en,1,642f5a6f-608f-48ea-8cf0-19318ea645b2,Groww,com.nextbillion.groww,google_play_public_no_login_fetcher
👍👍👍👌👌,,4,2026-09-10,play_store,18.16.1,en,0,4f2f27bb-2347-4f3b-9340-e3b391705d59,Groww,com.nextbillion.groww,google_play_public_no_login_fetcher
good,,5,2026-09-10,play_store,18.16.1,en,1,c5b00b4f-b1ca-4345-8a22-9aa7c33c3741,Groww,com.nextbillion.groww,google_play_public_no_login_fetcher
"Groww jaisi dusari koi bhi trading app nahi hai. Ye app user friendly hai, kisi bhi stock ka technical analysis karane ke bad bahot dino tak vah layout save rahata hai. Easy to use hai. Beginners ke liye bahut hi useful hai.",,5,2026-09-10,play_store,18.17.3,en,0,037211af-852c-44d9-acf2-59c1e7c6fc33,Groww,com.nextbillion.groww,google_play_public_no_login_fetcher
Nice 👍🙂,,5,2026-09-10,play_store,18.15.1,en,1,0c34a2a8-bfc6-43e2-8c10-247b3e20fd96,Groww,com.nextbillion.groww,google_play_public_no_login_fetcher
best simple application for trading shares over any application.. I prefer only groww thank you for this simple UI,,5,2026-09-10,play_store,,en,0,358df5b0-4717-4b4f-ba1e-01fdab732419,Groww,com.nextbillion.groww,google_play_public_no_login_fetcher
good,,5,2026-09-10,play_store,18.16.1,en,1,c4d92bbc-d2d7-4f67-9aa7-4ad49c612586,Groww,com.nextbillion.groww,google_play_public_no_login_fetcher
amezing emerging and always grow 🪴,,5,2026-09-10,play_store,18.17.3,en,1,83eae566-c2f0-419d-950d-1f0a182670bb,Groww,com.nextbillion.groww,google_play_public_no_login_fetcher
thank you Groww for supporting struggling traders like us... we have a low capital now a days but one day we must make crores with your technical support.. thanks a lot 🙏❤️,,5,2026-09-10,play_store,18.16.1,en,1,f144a9cd-e37a-4385-88e8-b30df0cc701b,Groww,com.nextbillion.groww,google_play_public_no_login_fetcher
Very Good,,5,2026-09-10,play_store,18.16.1,en,1,23685809-f349-42fb-a4fa-d99701a8698d,Groww,com.nextbillion.groww,google_play_public_no_login_fetcher
best option on Trade,,5,2026-09-10,play_store,18.16.1,en,1,9b86e346-0031-4415-8885-f74e9fec4d34,Groww,com.nextbillion.groww,google_play_public_no_login_fetcher
this app is so bad it is showing my account is on KYC hold but I already did buy and sell. It says it will be fixed after 2 days but now it has not fixed yet,,1,2026-09-10,play_store,18.16.1,en,0,e588fcd6-2d0b-46ce-aa05-2e087b51beae,Groww,com.nextbillion.groww,google_play_public_no_login_fetcher
It's my first experience investing via Groww and expect better opportunities in the future. Let's see what the future holds!,,5,2026-09-10,play_store,18.16.1,en,0,57e5315e-4dd9-460c-9287-82503500b33e,Groww,com.nextbillion.groww,google_play_public_no_login_fetcher
very good 👍👍👍👍👍👍👍,,5,2026-09-10,play_store,,en,0,c82b5312-83f2-404b-8838-ddc2471e9118,Groww,com.nextbillion.groww,google_play_public_no_login_fetcher
Thank You Very Much,,5,2026-09-10,play_store,18.16.1,en,0,ad84877a-cbe5-4af5-94c8-b1b69718bf52,Groww,com.nextbillion.groww,google_play_public_no_login_fetcher
user friendly App.,,5,2026-09-10,play_store,18.16.1,en,0,333741ff-d626-41f5-b94b-89fc909ce327,Groww,com.nextbillion.groww,google_play_public_no_login_fetcher
excellent platform 💯,,5,2026-09-10,play_store,18.16.1,en,1,20ba511b-d940-480c-8a79-d0256c29d2ea,Groww,com.nextbillion.groww,google_play_public_no_login_fetcher
nice,,5,2026-09-10,play_store,18.17.3,en,1,c031c7e2-63ca-4f48-b25a-fe6055d6f881,Groww,com.nextbillion.groww,google_play_public_no_login_fetcher
good ya and supr,,5,2026-09-10,play_store,18.16.1,en,0,f1073e12-a9bc-4c94-8ce4-6aa19fd492f1,Groww,com.nextbillion.groww,google_play_public_no_login_fetcher
good,,5,2026-09-10,play_store,18.17.3,en,0,040db21f-5b3c-4191-9df1-3f7d1061a586,Groww,com.nextbillion.groww,google_play_public_no_login_fetcher
Back button hiding issu on charts Dont hide back button,,1,2026-09-10,play_store,18.17.3,en,1,bba972bc-b618-4c85-b724-d3a3cd45a51f,Groww,com.nextbillion.groww,google_play_public_no_login_fetcher
A+ interface. I am very satisfied.,,5,2026-09-10,play_store,18.16.1,en,1,7cf20820-50e2-4d91-b204-bc27fcfe9c35,Groww,com.nextbillion.groww,google_play_public_no_login_fetcher
Impressed,,5,2026-09-10,play_store,18.16.1,en,1,4c4144ec-2285-4164-9b9c-1bdf35f9ea5c,Groww,com.nextbillion.groww,google_play_public_no_login_fetcher
chart hanging fix it otherwise I will uninstall this app,,5,2026-09-10,play_store,17.27,en,0,d79abf1e-5552-4a4c-9397-f5fc379b9908,Groww,com.nextbillion.groww,google_play_public_no_login_fetcher
"Groww is a very good and user-friendly app for investing and trading. The interface is simple, easy to understand, and smooth to use. It is especially helpful for beginners. Overall, I am very happy with the Groww app and would recommend it to others.",,5,2026-09-10,play_store,18.16.1,en,0,ef384221-2e13-4363-b62f-e5a5aa42b87d,Groww,com.nextbillion.groww,google_play_public_no_login_fetcher
nice,,5,2026-09-10,play_store,18.16.1,en,1,7340770c-44b5-4cc9-b20d-2855095f5ee8,Groww,com.nextbillion.groww,google_play_public_no_login_fetcher
Exilent,,5,2026-09-10,play_store,18.16.1,en,0,d7fbe498-ad61-4436-8565-306cb0385727,Groww,com.nextbillion.groww,google_play_public_no_login_fetcher
this is good 😊,,5,2026-09-10,play_store,18.17.3,en,0,a04d758d-58e2-4f2c-b682-2f7f2764de14,Groww,com.nextbillion.groww,google_play_public_no_login_fetcher
this app is very best broker in the world,,4,2026-09-10,play_store,18.16.1,en,0,e1fbf315-b8e8-43dd-ae1d-3fc95e71d718,Groww,com.nextbillion.groww,google_play_public_no_login_fetcher
best aap,,5,2026-09-10,play_store,18.16.1,en,0,5db3f86e-3786-42ac-8e48-e28ab8b683ab,Groww,com.nextbillion.groww,google_play_public_no_login_fetcher
nice,,5,2026-09-10,play_store,18.16.1,en,0,afb8ab5e-f2b0-4370-b365-26931f93b0ac,Groww,com.nextbillion.groww,google_play_public_no_login_fetcher
good,,5,2026-09-10,play_store,18.17.3,en,1,c3cf79c2-5ff3-47fd-bbfa-67aee706dfe4,Groww,com.nextbillion.groww,google_play_public_no_login_fetcher
it's soo comfortable,,5,2026-09-10,play_store,18.16.1,en,0,5d702226-cf4a-4165-b152-71636ac2d550,Groww,com.nextbillion.groww,google_play_public_no_login_fetcher
"very good,nice 👍",,5,2026-09-10,play_store,18.17.3,en,0,13cec2f9-3062-4796-a3c5-0ce141a60b7c,Groww,com.nextbillion.groww,google_play_public_no_login_fetcher
good,,5,2026-09-10,play_store,18.17.3,en,0,c1e6c623-95bf-4278-ad70-30191ed9a036,Groww,com.nextbillion.groww,google_play_public_no_login_fetcher
thankyou groww,,5,2026-09-10,play_store,18.16.1,en,0,5f8fabe3-db8c-4f37-a710-9c93030b8c5d,Groww,com.nextbillion.groww,google_play_public_no_login_fetcher
just. wowwww,,5,2026-09-10,play_store,18.16.1,en,0,99c306bf-1831-4603-9d00-a30064cf7ff7,Groww,com.nextbillion.groww,google_play_public_no_login_fetcher
good 👍 5,,5,2026-09-10,play_store,18.17.3,en,0,b93cbcea-f2a5-45a3-bfb0-be847bcde80e,Groww,com.nextbillion.groww,google_play_public_no_login_fetcher
best,,5,2026-09-10,play_store,18.16.1,en,0,df50722d-cdbb-459f-a232-e4995b25b57d,Groww,com.nextbillion.groww,google_play_public_no_login_fetcher
nice,,5,2026-09-10,play_store,18.16.1,en,0,db434266-6e03-4d63-9463-d6c8e74f51d4,Groww,com.nextbillion.groww,google_play_public_no_login_fetcher
very good,,5,2026-09-10,play_store,18.9.0,en,0,969d18fa-6dbf-41ac-bb95-53562bb6e2b0,Groww,com.nextbillion.groww,google_play_public_no_login_fetcher
very good 👍,,5,2026-09-10,play_store,18.16.1,en,0,02170962-cfbd-4b7a-8d58-c6e93d7321ae,Groww,com.nextbillion.groww,google_play_public_no_login_fetcher
higher charges,,1,2026-09-10,play_store,18.17.3,en,0,bb44eba1-29f5-4e75-9014-2fd73b33b0bb,Groww,com.nextbillion.groww,google_play_public_no_login_fetcher
good,,5,2026-09-10,play_store,18.16.1,en,0,e31ea169-f884-4cb3-b6ce-051ccdddef0f,Groww,com.nextbillion.groww,google_play_public_no_login_fetcher
nice,,5,2026-09-10,play_store,18.17.3,en,1,572e1d42-936c-49b1-adb4-1d5f455de171,Groww,com.nextbillion.groww,google_play_public_no_login_fetcher
waste app not good zerodha is best one,,1,2026-09-10,play_store,,en,1,413b9b0c-e11a-4cba-8f39-5c061c5976e5,Groww,com.nextbillion.groww,google_play_public_no_login_fetcher
easy and simple app,,5,2026-09-10,play_store,18.16.1,en,0,ecfd8ab6-32c4-4f71-b106-9ef0e114ac53,Groww,com.nextbillion.groww,google_play_public_no_login_fetcher
nice 👍,,5,2026-09-10,play_store,18.16.1,en,0,daae318c-9679-4b47-9991-83bdbf7c14fb,Groww,com.nextbillion.groww,google_play_public_no_login_fetcher
नाइस,,4,2026-09-10,play_store,18.16.1,en,0,910de682-4ce5-4bfd-8ce4-4b6b8d5a832d,Groww,com.nextbillion.groww,google_play_public_no_login_fetcher
👍,,5,2026-09-10,play_store,18.16.1,en,0,ee578abe-05d3-49f0-890c-01c0a945e502,Groww,com.nextbillion.groww,google_play_public_no_login_fetcher
best app,,5,2026-09-10,play_store,18.14.2,en,0,abfe9517-f9b6-441c-886d-b2a5241aec93,Groww,com.nextbillion.groww,google_play_public_no_login_fetcher
this app good working. and and personal easy. all option available for investments,,5,2026-09-10,play_store,18.16.1,en,1,aadaefb7-463d-4f19-9f74-5ee45f7f1051,Groww,com.nextbillion.groww,google_play_public_no_login_fetcher
Please add a Fund Size option to show whether the fund size is going up or down over time. A simple chart would be very helpful. 👍,,3,2026-09-10,play_store,18.17.3,en,1,a404139a-0674-4cd2-bffd-c31ca6a00a38,Groww,com.nextbillion.groww,google_play_public_no_login_fetcher
good,,5,2026-09-10,play_store,18.16.1,en,0,a0249faf-fe0a-4386-8981-aa9b831e22ce,Groww,com.nextbillion.groww,google_play_public_no_login_fetcher
good 👍,,5,2026-09-10,play_store,18.16.1,en,0,fe0a6534-eae2-4bd7-9c1e-02953225a735,Groww,com.nextbillion.groww,google_play_public_no_login_fetcher
it's a very good platform for investment.,,5,2026-09-10,play_store,18.16.1,en,0,528b02f6-066c-4a47-b23d-83b5349f5ae4,Groww,com.nextbillion.groww,google_play_public_no_login_fetcher
good app for groww aap,,5,2026-09-10,play_store,18.17.3,en,1,dbfc978e-66d5-4dfb-9ac4-500aa5688a7b,Groww,com.nextbillion.groww,google_play_public_no_login_fetcher
good 👍 TNX groww app,,5,2026-09-10,play_store,18.16.1,en,0,6803d9ae-3a09-4019-aa7f-e3a1d0da6800,Groww,com.nextbillion.groww,google_play_public_no_login_fetcher
good,,5,2026-09-10,play_store,17.78,en,0,b8ff8459-d38a-468c-915b-7887ad0e674b,Groww,com.nextbillion.groww,google_play_public_no_login_fetcher
good,,5,2026-09-10,play_store,18.16.1,en,0,5730620f-5ba7-4fed-8e94-413d96b853e5,Groww,com.nextbillion.groww,google_play_public_no_login_fetcher
nice,,5,2026-09-10,play_store,18.16.1,en,0,7a82f6a8-b840-42f9-a399-efe19eb720e9,Groww,com.nextbillion.groww,google_play_public_no_login_fetcher
good interface,,4,2026-09-09,play_store,18.16.1,en,0,07a7bbff-59eb-45de-afdd-1c2640bb7a41,Groww,com.nextbillion.groww,google_play_public_no_login_fetcher
super,,5,2026-09-09,play_store,18.16.1,en,0,32e92582-26b2-428e-84b9-7ac399287052,Groww,com.nextbillion.groww,google_play_public_no_login_fetcher
don't show this chutiya app on YouTube. fed up with your faltu addds,,1,2026-09-09,play_store,18.17.3,en,1,84dc505a-21cd-4dca-b490-828d75b11be9,Groww,com.nextbillion.groww,google_play_public_no_login_fetcher
good,,5,2026-09-09,play_store,18.16.1,en,0,8d34e44b-384e-485e-8e81-b3606671a67f,Groww,com.nextbillion.groww,google_play_public_no_login_fetcher
Good app for Trading 👌👌,,5,2026-09-09,play_store,18.16.1,en,0,928dad83-a4eb-46ba-b915-09dd0c86b9d7,Groww,com.nextbillion.groww,google_play_public_no_login_fetcher
good,,5,2026-09-09,play_store,18.8.1,en,0,eb22d088-29f2-44dd-9c27-a20529b5149f,Groww,com.nextbillion.groww,google_play_public_no_login_fetcher
very nice service,,5,2026-09-09,play_store,18.17.3,en,1,03b4f550-966e-472c-b133-01fb8d87ef72,Groww,com.nextbillion.groww,google_play_public_no_login_fetcher
this is a nice 👍😊,,5,2026-09-09,play_store,,en,0,4a1fda11-365c-40fd-b89e-9db8f6023eae,Groww,com.nextbillion.groww,google_play_public_no_login_fetcher
People invest and deal with charts in the stock market and the weakest thing in this app is charts don't show and mean what charts must be doing.,,1,2026-09-09,play_store,18.17.3,en,1,b417a40b-8f61-466f-a1e0-c08e7150d1ce,Groww,com.nextbillion.groww,google_play_public_no_login_fetcher
good,,5,2026-09-09,play_store,18.13.2,en,0,0e8199c4-d163-44ca-adef-3b2104dcf041,Groww,com.nextbillion.groww,google_play_public_no_login_fetcher
very very good 👍,,5,2026-09-09,play_store,18.15.1,en,0,98dc3790-8fba-4553-a4f6-4fa20839172d,Groww,com.nextbillion.groww,google_play_public_no_login_fetcher
Good,,4,2026-09-09,play_store,18.16.1,en,0,ee311872-c9fb-46eb-a4ee-b6abd5e15c9c,Groww,com.nextbillion.groww,google_play_public_no_login_fetcher
nice,,5,2026-09-09,play_store,18.16.1,en,0,5e075afa-c387-4c99-bfab-c4a995cd8756,Groww,com.nextbillion.groww,google_play_public_no_login_fetcher
best,,5,2026-09-09,play_store,18.13.2,en,0,eded847e-2164-48c7-8d38-ba16368816af,Groww,com.nextbillion.groww,google_play_public_no_login_fetcher
thank you for sending me this nice gift.,,5,2026-09-09,play_store,18.17.3,en,0,64c2f1c6-f8fa-4424-ac50-8554cd690eb2,Groww,com.nextbillion.groww,google_play_public_no_login_fetcher
excellent 👍👌,,5,2026-09-09,play_store,18.16.1,en,0,0487ffbb-71db-4010-9f0e-a15d7ba15064,Groww,com.nextbillion.groww,google_play_public_no_login_fetcher
wonderful 👍,,5,2026-09-09,play_store,18.16.1,en,0,ec9dda09-63f0-4840-a7f2-47f01d08e3ec,Groww,com.nextbillion.groww,google_play_public_no_login_fetcher
best 👌,,5,2026-09-09,play_store,18.16.1,en,0,f45295c9-4757-43db-98ed-59d632ca8cf0,Groww,com.nextbillion.groww,google_play_public_no_login_fetcher
good 👍,,5,2026-09-09,play_store,18.16.1,en,0,d7995267-758f-4e3c-86a8-8ca2882904c9,Groww,com.nextbillion.groww,google_play_public_no_login_fetcher
Very Good App 👍,,4,2026-09-09,play_store,18.16.1,en,0,6336a723-8d97-4d5b-8ef8-34513a525885,Groww,com.nextbillion.groww,google_play_public_no_login_fetcher
good,,5,2026-09-09,play_store,18.16.1,en,0,f7abd781-acd0-4300-b6ce-7fa4ef225137,Groww,com.nextbillion.groww,google_play_public_no_login_fetcher
Jay shree krishna,,5,2026-09-09,play_store,18.16.1,en,0,5346b5a5-d290-4b1e-afe9-1c1fe09ffcca,Groww,com.nextbillion.groww,google_play_public_no_login_fetcher
A very good and smooth app. The new features added and Ui improvements have made life easier. Good going. 👍,,5,2026-09-09,play_store,18.17.3,en,2,60969005-5de0-43b1-9789-7b95f96eb29d,Groww,com.nextbillion.groww,google_play_public_no_login_fetcher
nice app,,5,2026-09-09,play_store,18.16.1,en,0,b4093568-9a13-492b-b477-d520c45115fe,Groww,com.nextbillion.groww,google_play_public_no_login_fetcher
nich,,5,2026-09-09,play_store,18.16.1,en,1,abb45158-885c-4a68-a036-b1fe9f79388f,Groww,com.nextbillion.groww,google_play_public_no_login_fetcher
Thank for you 😊,,5,2026-09-09,play_store,,en,0,fe3685ba-ba9b-42b9-a0c4-1a0a7c9d6cc5,Groww,com.nextbillion.groww,google_play_public_no_login_fetcher
nice app,,5,2026-09-09,play_store,18.16.1,en,0,40ccbfc7-1e4b-4857-a90b-530976f3e45e,Groww,com.nextbillion.groww,google_play_public_no_login_fetcher
"It's a really good app ,but bruh pls fix the ai it's dumb asf",,5,2026-09-09,play_store,,en,0,d24d4b68-c10e-4939-8101-cc6094f78253,Groww,com.nextbillion.groww,google_play_public_no_login_fetcher
supar,,5,2026-09-09,play_store,18.16.1,en,0,56e288ef-8965-4701-b5b2-bb20b10e8439,Groww,com.nextbillion.groww,google_play_public_no_login_fetcher
good feeling,,5,2026-09-09,play_store,18.16.1,en,0,031ff6f9-8b4d-40d8-a326-9dbbe95cb4c3,Groww,com.nextbillion.groww,google_play_public_no_login_fetcher
"Needs to work on more filters and UI list to help investors to pick the right stock of their interest like other apps. For muslim to find Sharia Compliant stock , similar to a Jain they need Satvik filter or if we need to pick some stock which have 1.Low Debt to Asset , 2.High Profit margin stock 3.Latest trending AI, Semiconductor, Energy for Data center * Can we Add Debt to Asset for Manufacturing/Infra Company * Debt to 12 Month Avg Market Valuation ratio for Service based companies.",,4,2026-09-09,play_store,18.16.1,en,2,e177841e-c314-4ef0-9401-90968f55ce7b,Groww,com.nextbillion.groww,google_play_public_no_login_fetcher
wow super application,,5,2026-09-09,play_store,18.16.1,en,0,bfa4b523-5fc6-43da-936e-c64cb70fc49e,Groww,com.nextbillion.groww,google_play_public_no_login_fetcher
good,,5,2026-09-09,play_store,18.16.1,en,0,f4c20ddc-9bfb-4c9f-9057-ed4be2635db4,Groww,com.nextbillion.groww,google_play_public_no_login_fetcher
thank you very,,5,2026-09-09,play_store,18.1.1,en,0,634de26b-9f2b-44b1-98e7-9c0d1dae13b0,Groww,com.nextbillion.groww,google_play_public_no_login_fetcher
good,,4,2026-09-09,play_store,18.16.1,en,0,d71e9200-6f7f-4f9d-a202-6555db0d5c40,Groww,com.nextbillion.groww,google_play_public_no_login_fetcher
good 👍😊,,5,2026-09-09,play_store,18.16.1,en,0,cbb887dc-0956-4d31-8c97-394b960f63a6,Groww,com.nextbillion.groww,google_play_public_no_login_fetcher
very nice app. thank you,,5,2026-09-09,play_store,18.16.1,en,0,28888fbd-dee2-4548-96bc-4a05664d8b51,Groww,com.nextbillion.groww,google_play_public_no_login_fetcher
excellent 👍,,5,2026-09-09,play_store,,en,0,4e16ae6d-801b-43ec-99b0-99985fd6836e,Groww,com.nextbillion.groww,google_play_public_no_login_fetcher
"this is good to buy stocks ,but some problems are there more brokerage charges are getting.",,5,2026-09-09,play_store,,en,0,56da77df-de33-40b4-ae1a-6b14a192e091,Groww,com.nextbillion.groww,google_play_public_no_login_fetcher
best,,5,2026-09-09,play_store,18.16.1,en,1,528dd4de-c079-43ea-8ab1-b31b711d2709,Groww,com.nextbillion.groww,google_play_public_no_login_fetcher
It has been half a decade with groww started an investing journey from 2020 a great experience with no technical glitches or any other bad experience I have faced till now I liked the App easy users interface and other features over all 10/10,,5,2026-09-09,play_store,18.17.3,en,0,132c6461-4778-4538-8656-966157e39451,Groww,com.nextbillion.groww,google_play_public_no_login_fetcher
Nice work,,5,2026-09-09,play_store,18.16.1,en,0,d19c598a-09b6-41bf-9692-5659a04d67d9,Groww,com.nextbillion.groww,google_play_public_no_login_fetcher
amazing experience,,5,2026-09-09,play_store,18.16.1,en,0,f0cd8854-775b-4dfd-9a7e-3a9fae98c506,Groww,com.nextbillion.groww,google_play_public_no_login_fetcher
best trading app,,5,2026-09-09,play_store,18.17.3,en,0,a2b0f21b-b97c-4ddb-b8ce-f53629cb734e,Groww,com.nextbillion.groww,google_play_public_no_login_fetcher
easy to use and trusted,,5,2026-09-09,play_store,18.16.1,en,1,9ed26448-1cb1-45c6-b762-eb4bf92577b6,Groww,com.nextbillion.groww,google_play_public_no_login_fetcher
good app 👍,,5,2026-09-09,play_store,18.16.1,en,0,eda5e5c9-bf19-408e-b5a6-ae3248481c7d,Groww,com.nextbillion.groww,google_play_public_no_login_fetcher
nice performance,,5,2026-09-09,play_store,18.16.1,en,0,5e3ffa6f-fbf4-48f3-867a-7ee97b62b706,Groww,com.nextbillion.groww,google_play_public_no_login_fetcher
good,,5,2026-09-09,play_store,18.16.1,en,0,a2280400-034f-45b9-a01a-0c22535da6b6,Groww,com.nextbillion.groww,google_play_public_no_login_fetcher
fantastic app,,5,2026-09-09,play_store,18.16.1,en,0,82b9fe84-d4bf-483d-9fd9-7b9430922108,Groww,com.nextbillion.groww,google_play_public_no_login_fetcher
best app,,5,2026-09-09,play_store,,en,0,5eff5be1-5498-4105-9692-1aeadc90a437,Groww,com.nextbillion.groww,google_play_public_no_login_fetcher
average,,3,2026-09-09,play_store,18.16.1,en,0,28958873-1628-480f-bca9-cd8d34003835,Groww,com.nextbillion.groww,google_play_public_no_login_fetcher
good,,4,2026-09-09,play_store,18.14.0,en,0,879ce4f5-c319-4f42-9037-b8e2a4007f95,Groww,com.nextbillion.groww,google_play_public_no_login_fetcher
Groww has very poor customer support and always busy customer staff they don't listen so it is better to change your broker I just mailed them today to send me exit formalities I was a member from 4 years and tested it all way,,2,2026-09-09,play_store,18.16.1,en,0,b959a7dc-8181-40b8-8b53-52452d37fc20,Groww,com.nextbillion.groww,google_play_public_no_login_fetcher
ee ee 2 22w2,,5,2026-09-09,play_store,,en,0,153863b1-b997-4a2c-afe5-1db5155c6ec9,Groww,com.nextbillion.groww,google_play_public_no_login_fetcher
very bad,,1,2026-09-09,play_store,18.16.1,en,0,ccc1d007-ae4c-44c5-b547-5a86d0bba3ef,Groww,com.nextbillion.groww,google_play_public_no_login_fetcher
very nice 👍,,5,2026-09-09,play_store,18.16.1,en,0,876f92bb-7928-4544-b9c3-bca50e3b2400,Groww,com.nextbillion.groww,google_play_public_no_login_fetcher
"Good, but withdrawal money from the app should be faster",,5,2026-09-09,play_store,18.16.1,en,0,a7ba7f97-2b13-41fb-8fce-f7c4ef9046ec,Groww,com.nextbillion.groww,google_play_public_no_login_fetcher
excellent customer service,,5,2026-09-09,play_store,18.16.1,en,0,3a2e604a-1acc-4977-bebe-6108eff521b6,Groww,com.nextbillion.groww,google_play_public_no_login_fetcher
good 👍,,5,2026-09-09,play_store,18.16.1,en,0,3fd8982f-a696-48d9-95fe-7af945dc934a,Groww,com.nextbillion.groww,google_play_public_no_login_fetcher
good,,5,2026-09-09,play_store,18.16.1,en,0,5cbbae50-61bb-4dee-8eb0-55affe7d2996,Groww,com.nextbillion.groww,google_play_public_no_login_fetcher
incorrect information on stock price history,,1,2026-09-09,play_store,18.16.1,en,0,25312cc1-6a60-4310-982c-ffdcddbdc187,Groww,com.nextbillion.groww,google_play_public_no_login_fetcher
wonderful grow app for the share market,,5,2026-09-09,play_store,18.16.1,en,0,df67eeec-ac68-46bf-b0e3-3c84b7a89491,Groww,com.nextbillion.groww,google_play_public_no_login_fetcher
excellent 👌,,5,2026-09-09,play_store,18.16.1,en,0,58336662-82a8-4949-a772-b3a822a1c488,Groww,com.nextbillion.groww,google_play_public_no_login_fetcher
Nice 👍,,5,2026-09-09,play_store,,en,0,bef46bc0-9301-4d74-a903-c19ddf3629bb,Groww,com.nextbillion.groww,google_play_public_no_login_fetcher
best,,5,2026-09-09,play_store,18.16.1,en,0,efcd16bb-c5a3-4d2b-9651-9ff4ef8c31ae,Groww,com.nextbillion.groww,google_play_public_no_login_fetcher
good 😊,,5,2026-09-09,play_store,18.15.1,en,0,f697aedb-a96d-4972-8a4a-e64f5532ae5a,Groww,com.nextbillion.groww,google_play_public_no_login_fetcher
ok,,5,2026-09-09,play_store,18.16.1,en,0,0cf8e356-2ca6-46d5-b9fc-a0d149d155a4,Groww,com.nextbillion.groww,google_play_public_no_login_fetcher
"I am using since a long but now it's not working properly, it's like as buffering, so I wants to switch another aplication",,1,2026-09-09,play_store,18.16.1,en,1,a86f9752-7e6d-440d-beda-718e9e3f42a7,Groww,com.nextbillion.groww,google_play_public_no_login_fetcher
Update you language ASK GR1 for hindi language as well it understand only English 😡,,1,2026-09-09,play_store,18.16.1,en,0,5fc625ae-eb0c-4438-9636-052fec91d910,Groww,com.nextbillion.groww,google_play_public_no_login_fetcher
good,,5,2026-09-09,play_store,18.16.1,en,0,7e6a1032-beb7-408d-be90-cc5832c820be,Groww,com.nextbillion.groww,google_play_public_no_login_fetcher
very informative and very easy to use.,,5,2026-09-09,play_store,18.16.1,en,0,344f2124-ead1-4d95-806f-d3e4c88230f8,Groww,com.nextbillion.groww,google_play_public_no_login_fetcher
nice,,5,2026-09-09,play_store,18.16.1,en,1,5310aaed-36da-4213-90ee-01835de0e069,Groww,com.nextbillion.groww,google_play_public_no_login_fetcher
good 👍,,5,2026-09-09,play_store,18.16.1,en,0,ab28c385-642c-471d-996d-4c6f64326964,Groww,com.nextbillion.groww,google_play_public_no_login_fetcher
very good app for trading all types but one issue global market missing,,5,2026-09-09,play_store,18.17.3,en,1,b19f057b-46dc-43e4-b13e-f6157342333d,Groww,com.nextbillion.groww,google_play_public_no_login_fetcher
good initial traders..Very simple and unique dashboards,,5,2026-09-09,play_store,18.16.1,en,0,5788ee62-badf-455e-b3ee-c4321746120d,Groww,com.nextbillion.groww,google_play_public_no_login_fetcher
nice 👍,,5,2026-09-09,play_store,18.16.1,en,0,beae7b3e-affd-4cec-bb72-d45779935cb1,Groww,com.nextbillion.groww,google_play_public_no_login_fetcher
good,,5,2026-09-09,play_store,18.13.2,en,0,5cea95a2-ef8e-414c-a1f6-3c729cc81f21,Groww,com.nextbillion.groww,google_play_public_no_login_fetcher
super,,5,2026-09-09,play_store,18.16.1,en,0,54926b1a-3749-477d-ba58-c628bbb21cc0,Groww,com.nextbillion.groww,google_play_public_no_login_fetcher
good 👍,,5,2026-09-09,play_store,18.16.1,en,0,9876c4c9-13ff-4283-934e-16476f4de13e,Groww,com.nextbillion.groww,google_play_public_no_login_fetcher
good,,5,2026-09-09,play_store,18.16.1,en,0,b20a3471-368a-4ade-8045-ccb37837dcbe,Groww,com.nextbillion.groww,google_play_public_no_login_fetcher
journey starts here 🙌,,5,2026-09-09,play_store,18.16.1,en,0,f5edb67e-7178-4862-95f5-73e05190de74,Groww,com.nextbillion.groww,google_play_public_no_login_fetcher
good,,5,2026-09-09,play_store,18.16.1,en,0,bdd8fe42-1d93-4760-9fdb-07c2cf7d290d,Groww,com.nextbillion.groww,google_play_public_no_login_fetcher
good 👍,,5,2026-09-09,play_store,18.15.1,en,0,0c63e2f9-9a8a-4624-8e10-27f1df84c2d7,Groww,com.nextbillion.groww,google_play_public_no_login_fetcher
👍,,5,2026-09-09,play_store,18.16.0,en,0,cb17ba8c-02f7-42a1-bc92-e696d0f90988,Groww,com.nextbillion.groww,google_play_public_no_login_fetcher
good app,,5,2026-09-09,play_store,18.15.1,en,0,62d56224-a6fd-4c47-afc4-c892d69f741d,Groww,com.nextbillion.groww,google_play_public_no_login_fetcher
slow,,1,2026-09-09,play_store,,en,1,fdf3ac0c-9b29-4072-b542-ca354d4084b7,Groww,com.nextbillion.groww,google_play_public_no_login_fetcher
Good platform for trading,,5,2026-09-09,play_store,18.16.1,en,0,6997f3d2-aa60-4e2a-8e7a-68659d1bf032,Groww,com.nextbillion.groww,google_play_public_no_login_fetcher
good 👍👍👍,,5,2026-09-09,play_store,18.16.1,en,1,42d7f992-8929-496a-a22c-e57afe498ae8,Groww,com.nextbillion.groww,google_play_public_no_login_fetcher
good work,,5,2026-09-09,play_store,18.17.2,en,1,b1906a92-173d-4907-882c-94c3cc90fa51,Groww,com.nextbillion.groww,google_play_public_no_login_fetcher
Worst application for trading,,1,2026-09-09,play_store,18.16.1,en,1,f6190f11-ae14-471c-93b3-9833d122d58b,Groww,com.nextbillion.groww,google_play_public_no_login_fetcher
"worst app, i can't even reactive my account after 1 year of investing, now i can't invest more",,1,2026-09-09,play_store,18.16.1,en,0,2f86f565-ecbf-4602-a276-9c21cb570408,Groww,com.nextbillion.groww,google_play_public_no_login_fetcher
excellent,,5,2026-09-09,play_store,18.16.1,en,0,1e27dcdf-2b7e-4f2c-9d40-ccd9efa7f31e,Groww,com.nextbillion.groww,google_play_public_no_login_fetcher
best,,4,2026-09-09,play_store,18.15.1,en,0,23d6424a-5c51-4616-9b41-777e41b9982a,Groww,com.nextbillion.groww,google_play_public_no_login_fetcher
good,,5,2026-09-09,play_store,18.16.1,en,0,5cfe80af-c73d-4601-802e-93f366479745,Groww,com.nextbillion.groww,google_play_public_no_login_fetcher
गजब,,5,2026-09-09,play_store,17.52,en,0,4a2a57db-ed1e-4ba2-bb83-9cc1bbb39eaf,Groww,com.nextbillion.groww,google_play_public_no_login_fetcher
"on the special aap for trading investment and mutual funds, SIP and more plan",,5,2026-09-09,play_store,18.14.1,en,0,9637bd73-2219-4035-a083-3bfa166b8dd4,Groww,com.nextbillion.groww,google_play_public_no_login_fetcher
good,,5,2026-09-09,play_store,18.13.2,en,0,04f142a0-af93-4abf-953d-b2c8937e5ab9,Groww,com.nextbillion.groww,google_play_public_no_login_fetcher
good,,5,2026-09-09,play_store,18.16.1,en,0,0bb25aa3-87ce-486e-bd0e-78f584542b31,Groww,com.nextbillion.groww,google_play_public_no_login_fetcher
good,,5,2026-09-09,play_store,18.16.1,en,1,597c7e3f-a89a-4e63-8f78-db544db668ad,Groww,com.nextbillion.groww,google_play_public_no_login_fetcher
easy interface and instantly withdrawal,,5,2026-09-09,play_store,18.17.3,en,1,42c6cabf-4ce4-42b8-8cc5-6b7e25f987cb,Groww,com.nextbillion.groww,google_play_public_no_login_fetcher
trust apk,,5,2026-09-09,play_store,18.11.1,en,0,bdacaaf6-1721-4328-b17c-de38dca4c90e,Groww,com.nextbillion.groww,google_play_public_no_login_fetcher
very good,,5,2026-09-09,play_store,18.16.1,en,0,e1705f77-18b3-44a5-8b8f-b8cefb21b196,Groww,com.nextbillion.groww,google_play_public_no_login_fetcher
good quality experience,,5,2026-09-09,play_store,18.16.1,en,0,9cc98d9c-f484-4539-a801-e7a946cc5736,Groww,com.nextbillion.groww,google_play_public_no_login_fetcher
thank you,,5,2026-09-09,play_store,18.3.1,en,0,ce1769ae-19b5-4d47-a154-bed9703d703f,Groww,com.nextbillion.groww,google_play_public_no_login_fetcher
good,,5,2026-09-09,play_store,18.16.1,en,1,46870dd2-a1ee-4d87-83c7-ae35c0d8eb49,Groww,com.nextbillion.groww,google_play_public_no_login_fetcher
Very bad support either it is chat or call. They say wait time is 3 minutes. However no agent for long 20 minutes.,,1,2026-09-09,play_store,18.10.1,en,36,b3fe1ea6-bcd5-4e8a-a336-39d40c7e6495,Groww,com.nextbillion.groww,google_play_public_no_login_fetcher
Good,,5,2026-09-09,play_store,18.16.1,en,1,a09b008f-3df1-4831-a563-860a613456fc,Groww,com.nextbillion.groww,google_play_public_no_login_fetcher
amazing 😍,,5,2026-09-09,play_store,18.16.1,en,0,5fef69d7-6cb7-4ca4-aa2d-b1d1a58a9c5d,Groww,com.nextbillion.groww,google_play_public_no_login_fetcher
"I've been using this app for two years. Everything's working fine, but its processing speed is very slow and needs some adjustments. Whenever I want to redeem money, it takes five days for the money to be credited. Change this a bit, Groove! Only then can you increase your customer base. Reduce the redemption time from five days to two days.",,4,2026-09-09,play_store,18.16.1,en,0,51303252-bcd7-4c48-a170-ff9e80d1cc28,Groww,com.nextbillion.groww,google_play_public_no_login_fetcher
ok,,5,2026-09-09,play_store,,en,1,713e251e-b8dd-4458-8b4c-5fca993f698d,Groww,com.nextbillion.groww,google_play_public_no_login_fetcher
👍,,4,2026-09-09,play_store,16.54,en,0,82d4b05f-c8d2-4364-9acf-db9567ac0774,Groww,com.nextbillion.groww,google_play_public_no_login_fetcher
to good,,5,2026-09-09,play_store,18.16.1,en,1,b1fd30e7-79cf-4680-bc92-75cb3ddef815,Groww,com.nextbillion.groww,google_play_public_no_login_fetcher
best,,5,2026-09-09,play_store,18.16.1,en,0,a634d3aa-fe20-4593-aef3-cbbd102f197e,Groww,com.nextbillion.groww,google_play_public_no_login_fetcher
good,,5,2026-09-09,play_store,18.16.1,en,1,99b69d0b-f6e0-441a-87b4-221d7fb6a431,Groww,com.nextbillion.groww,google_play_public_no_login_fetcher
super,,5,2026-09-09,play_store,18.16.1,en,0,b86c13df-9cc1-4cce-9b8a-02c32d2e4846,Groww,com.nextbillion.groww,google_play_public_no_login_fetcher
good,,5,2026-09-09,play_store,18.16.1,en,0,4cb259d9-ee31-4d68-ac17-efed8f2a919e,Groww,com.nextbillion.groww,google_play_public_no_login_fetcher
good,,5,2026-09-09,play_store,18.16.1,en,0,816c6466-2f41-48b2-b396-05ca1dea063c,Groww,com.nextbillion.groww,google_play_public_no_login_fetcher
💔,,1,2026-09-09,play_store,18.15.1,en,0,f1e6cab1-488e-4b9f-ac75-7a0914b577a3,Groww,com.nextbillion.groww,google_play_public_no_login_fetcher
The UI is user friendly but the functioning of the app is very poor it gets lagged when important trades are taken..........worst app to trade in or invest in.,,1,2026-09-09,play_store,,en,0,c9e9e0df-922b-4912-9fc9-83bf4a63a751,Groww,com.nextbillion.groww,google_play_public_no_login_fetcher
no interest on pledge,,5,2026-09-09,play_store,18.16.1,en,0,4355d06c-130a-4d6b-a4a1-9c1d9d4d4d97,Groww,com.nextbillion.groww,google_play_public_no_login_fetcher
gret,,5,2026-09-09,play_store,18.16.1,en,0,f366efd0-d4d4-4836-9707-88dea0fa2588,Groww,com.nextbillion.groww,google_play_public_no_login_fetcher
good 👍,,5,2026-09-09,play_store,18.16.1,en,0,5fd37c83-ceaa-4f13-8e32-d9f96e4c2c43,Groww,com.nextbillion.groww,google_play_public_no_login_fetcher
okk,,3,2026-09-09,play_store,18.16.1,en,0,8cc01cc3-726d-42b2-826b-0a28f3f4e2cb,Groww,com.nextbillion.groww,google_play_public_no_login_fetcher
"very user friendly app, easy interface",,5,2026-09-09,play_store,18.16.1,en,0,a250dc24-824a-48f5-99b3-6ee54388faab,Groww,com.nextbillion.groww,google_play_public_no_login_fetcher
best,,5,2026-09-09,play_store,18.16.1,en,0,b81d30e3-1aa5-491b-9522-93ff77799338,Groww,com.nextbillion.groww,google_play_public_no_login_fetcher
excellent this is the best Dmat compare to other Dmat account's,,5,2026-09-09,play_store,18.16.1,en,0,9c544edb-04b1-40b2-a37a-81669eececf7,Groww,com.nextbillion.groww,google_play_public_no_login_fetcher
😁,,5,2026-09-09,play_store,18.4.2,en,0,219c11d2-c57d-49f3-90b0-333b1ab1502d,Groww,com.nextbillion.groww,google_play_public_no_login_fetcher
NFPINtyh,,5,2026-09-09,play_store,18.16.1,en,0,622cc146-8651-4dc4-8a6b-d12e0f3d3fc1,Groww,com.nextbillion.groww,google_play_public_no_login_fetcher
👋🫵,,5,2026-09-09,play_store,18.16.1,en,1,3f13d795-5f2d-4f41-bf54-ca30ff439f9f,Groww,com.nextbillion.groww,google_play_public_no_login_fetcher
nice app,,5,2026-09-09,play_store,18.13.2,en,0,e5085c05-31cd-4547-b31e-f4bcf3401982,Groww,com.nextbillion.groww,google_play_public_no_login_fetcher
no customer support and the charge are much more then they mention,,1,2026-09-09,play_store,18.16.1,en,0,4131cf9f-78dc-494e-8bf5-7a82879a0f1c,Groww,com.nextbillion.groww,google_play_public_no_login_fetcher
good,,5,2026-09-09,play_store,18.16.1,en,0,de1c9037-199d-4dec-a5b5-f756624ec62d,Groww,com.nextbillion.groww,google_play_public_no_login_fetcher
it's grow gift,,5,2026-09-09,play_store,18.15.1,en,0,b68e3915-006b-4956-8a13-cbef270278ab,Groww,com.nextbillion.groww,google_play_public_no_login_fetcher
good,,5,2026-09-09,play_store,18.16.1,en,0,915f7fdb-d411-475e-a845-4f77e4f1b4f4,Groww,com.nextbillion.groww,google_play_public_no_login_fetcher
good,,5,2026-09-09,play_store,18.16.1,en,0,e52c0c73-7748-4163-b5c7-cca19534eb1d,Groww,com.nextbillion.groww,google_play_public_no_login_fetcher
gud,,5,2026-09-09,play_store,18.16.1,en,0,f7fe1c5f-1c5b-4617-8d01-b92d8e35f95f,Groww,com.nextbillion.groww,google_play_public_no_login_fetcher
my indicator was reset. 3rd time this happened.,,1,2026-09-09,play_store,,en,0,85c7e582-075f-44b4-b193-a5b224fc5007,Groww,com.nextbillion.groww,google_play_public_no_login_fetcher
best,,5,2026-09-09,play_store,18.16.1,en,0,c96cbb76-ffda-4d54-ba9e-61d1d920d850,Groww,com.nextbillion.groww,google_play_public_no_login_fetcher
Good easy to understand,,5,2026-09-09,play_store,18.16.1,en,0,566b215b-b0f4-4bff-8db2-d03b591251c6,Groww,com.nextbillion.groww,google_play_public_no_login_fetcher
Good,,5,2026-09-09,play_store,18.13.2,en,0,8c403a9e-8fa7-45a7-af23-e96036d9bfc9,Groww,com.nextbillion.groww,google_play_public_no_login_fetcher
good,,5,2026-09-09,play_store,18.16.1,en,0,5a1c7fcd-f98d-48e1-992b-0e1eb7f92410,Groww,com.nextbillion.groww,google_play_public_no_login_fetcher
good,,5,2026-09-09,play_store,18.16.1,en,0,4d09b74a-82ea-40b0-8bfd-06ae496fbfd1,Groww,com.nextbillion.groww,google_play_public_no_login_fetcher
tnxxx past time groww thnxxx,,4,2026-09-09,play_store,18.13.2,en,0,c717652b-41e6-4025-a914-431f03910524,Groww,com.nextbillion.groww,google_play_public_no_login_fetcher
exilent,,5,2026-09-09,play_store,18.16.1,en,0,2f311263-054b-4d86-a170-f9fc0b1d09c4,Groww,com.nextbillion.groww,google_play_public_no_login_fetcher
pracharya se dekha ka luto,,1,2026-09-09,play_store,17.44,en,0,7b7b5d2d-6f0b-417d-90f3-42129445a12b,Groww,com.nextbillion.groww,google_play_public_no_login_fetcher
Growwwwwwwwwwww ❤️x10⁹⁹⁹⁹⁹⁹⁹⁹⁹⁹,,5,2026-09-09,play_store,18.16.1,en,0,95dab717-b161-4f13-9aad-ebda761ca8a7,Groww,com.nextbillion.groww,google_play_public_no_login_fetcher
fentastic over all review is 5 star ⭐ rating,,5,2026-09-09,play_store,18.15.1,en,0,5e05b854-bb0f-43c4-a441-66628eb9fdd7,Groww,com.nextbillion.groww,google_play_public_no_login_fetcher
ok 👌,,5,2026-09-09,play_store,18.16.1,en,0,2548a025-903b-40f1-84d4-e264cf2fa0b7,Groww,com.nextbillion.groww,google_play_public_no_login_fetcher
Newly implemented AI is not working as I'm not able to apply. then what's the use of apply button,,3,2026-09-09,play_store,18.17.3,en,0,1768aa93-74fe-44cc-a296-537681591c83,Groww,com.nextbillion.groww,google_play_public_no_login_fetcher
this scalper option placement is not proper,,3,2026-09-09,play_store,18.16.1,en,2,e577d826-64ff-4446-9453-556d578e7408,Groww,com.nextbillion.groww,google_play_public_no_login_fetcher
best app,,5,2026-09-09,play_store,18.16.1,en,0,19b1d637-6f10-49b4-acdb-46e08b2e74c2,Groww,com.nextbillion.groww,google_play_public_no_login_fetcher
brokerage charge very high,,1,2026-09-09,play_store,18.16.1,en,0,e617f7ab-cb7b-4a01-8505-701db843d949,Groww,com.nextbillion.groww,google_play_public_no_login_fetcher
"it's good overall, but I'm still waiting for the GMP option.",,3,2026-09-09,play_store,18.17.3,en,1,ff00a4d7-900d-44eb-a7ee-2014920d9aee,Groww,com.nextbillion.groww,google_play_public_no_login_fetcher
good,,5,2026-09-09,play_store,18.16.1,en,0,a9eea212-7329-4c93-b837-6ebf5abe4a32,Groww,com.nextbillion.groww,google_play_public_no_login_fetcher
super,,5,2026-09-09,play_store,18.16.1,en,0,f987d32a-6599-4fac-a72f-6a2d943359f7,Groww,com.nextbillion.groww,google_play_public_no_login_fetcher
worst experience zero knowledge for costumer service team they don't even respond your stocks will get missed and loss becomes higher and higher when you get profit will have heavy deduction and the amount will miss directly if you ask in costumer care they don't even respond properly plz don't even install this address totally scam. plz be far from apps like this. thankyou.,,1,2026-09-09,play_store,,en,0,1a78bd0f-2386-4442-a41c-901247360d62,Groww,com.nextbillion.groww,google_play_public_no_login_fetcher
tis an amazing skill and this skill naver male me bored,,5,2026-09-09,play_store,18.16.1,en,0,7b3ab065-e076-4713-a29c-89e1f0551f3c,Groww,com.nextbillion.groww,google_play_public_no_login_fetcher
"One of the best trading applications I have ever used , customer friendly",,5,2026-09-09,play_store,,en,0,5a14afc3-5571-4bda-94b2-586f4cbcd5e1,Groww,com.nextbillion.groww,google_play_public_no_login_fetcher
very good app. fast and smooth,,5,2026-09-09,play_store,18.16.1,en,0,a6c43056-47c7-499e-a505-79a56e2e7567,Groww,com.nextbillion.groww,google_play_public_no_login_fetcher
very nice 🤠,,5,2026-09-09,play_store,18.16.1,en,0,e0caef8f-86af-48b3-bfea-692defacd9b8,Groww,com.nextbillion.groww,google_play_public_no_login_fetcher
best,,5,2026-09-09,play_store,18.16.1,en,0,9109fbd4-6828-4bee-9a5a-23f715a34f0a,Groww,com.nextbillion.groww,google_play_public_no_login_fetcher
very easy to use,,5,2026-09-09,play_store,18.16.1,en,0,d457513d-f561-4170-9cf6-fff7e53feb8f,Groww,com.nextbillion.groww,google_play_public_no_login_fetcher
best' ♥️,,5,2026-09-09,play_store,18.16.1,en,0,73443688-a42b-42a5-bd0b-7dae25bea765,Groww,com.nextbillion.groww,google_play_public_no_login_fetcher
"Lately I did three day trades with quantities varying from 1 to 5 and the brokerage that Groww charges is 10 to 12 rs on profits of 14 to 16 rs. I remember having a 14 rs gain of which I was only left with a net gain of 1 rs after brokerage, taxes and other charges. Definitely won't recommend when brokerage charges are so high.",,1,2026-09-09,play_store,18.16.1,en,0,b172a9a4-ec28-499d-b5e3-8794b420880f,Groww,com.nextbillion.groww,google_play_public_no_login_fetcher
delete my account profile,,1,2026-09-09,play_store,,en,0,aa6c2f33-6196-4974-a36b-7b25e61e0788,Groww,com.nextbillion.groww,google_play_public_no_login_fetcher
good,,5,2026-09-09,play_store,18.16.1,en,0,989bafa6-4db8-450f-9358-65313fd2cdf1,Groww,com.nextbillion.groww,google_play_public_no_login_fetcher
sonu Chaudhary,,5,2026-09-09,play_store,18.16.1,en,0,2b365cd0-ba97-455e-93e9-0a08232cf3eb,Groww,com.nextbillion.groww,google_play_public_no_login_fetcher
best app,,5,2026-09-09,play_store,18.16.1,en,0,6706c837-c331-4dde-bed8-5d121fa0eff6,Groww,com.nextbillion.groww,google_play_public_no_login_fetcher
very good and easy surfing,,5,2026-09-09,play_store,,en,0,d356fb01-1cf4-42d2-a757-1d4f41040001,Groww,com.nextbillion.groww,google_play_public_no_login_fetcher
super working,,5,2026-09-08,play_store,18.14.1,en,0,af27a833-cd99-454d-9600-01afa29f06c0,Groww,com.nextbillion.groww,google_play_public_no_login_fetcher
good👍,,5,2026-09-08,play_store,18.16.1,en,0,b6931f08-c03d-4bb6-bf7d-54391925cd49,Groww,com.nextbillion.groww,google_play_public_no_login_fetcher
dubu,,5,2026-09-08,play_store,18.16.1,en,0,09ed66eb-089e-452e-b472-a9e6ce727324,Groww,com.nextbillion.groww,google_play_public_no_login_fetcher
good,,5,2026-09-08,play_store,18.7.0,en,0,45fc3e55-20a6-4b10-b287-d4449895f658,Groww,com.nextbillion.groww,google_play_public_no_login_fetcher
good,,5,2026-09-08,play_store,18.16.1,en,0,7809c5d9-90ce-4198-abc3-57d3a221858c,Groww,com.nextbillion.groww,google_play_public_no_login_fetcher
very good,,5,2026-09-08,play_store,,en,0,c48e24fd-b9dd-40f7-9d2c-3b330a67670c,Groww,com.nextbillion.groww,google_play_public_no_login_fetcher
good,,5,2026-09-08,play_store,18.16.1,en,0,49182148-1d06-4ec3-b8ea-d685bc1ce1f7,Groww,com.nextbillion.groww,google_play_public_no_login_fetcher
great 😃,,5,2026-09-08,play_store,18.16.1,en,0,849cc8cd-95e6-4121-9047-4fd526e544f9,Groww,com.nextbillion.groww,google_play_public_no_login_fetcher
યો ❤️! સં,,5,2026-09-08,play_store,,en,0,7a4dfdaf-ab05-4706-90f9-edd7243cabca,Groww,com.nextbillion.groww,google_play_public_no_login_fetcher
"Cumulative investing is not easy to track when investors have multiple financial goals. It would be great if the app introduced goal-wise trackers with sub-divisions for goals like retirement, education, wealth creation, etc. This would make portfolio tracking much easier and more convenient. Hope you consider this in the next update!",,3,2026-09-08,play_store,18.16.1,en,1,0349a6fe-4713-4446-88a7-df71e55a9c12,Groww,com.nextbillion.groww,google_play_public_no_login_fetcher
excellent,,5,2026-09-08,play_store,18.16.1,en,0,dfe88b45-852c-499a-8889-4b638ad4aa63,Groww,com.nextbillion.groww,google_play_public_no_login_fetcher
super,,5,2026-09-08,play_store,18.16.1,en,0,86aa66c7-8017-4a70-8681-0405dd4d4626,Groww,com.nextbillion.groww,google_play_public_no_login_fetcher
good,,5,2026-09-08,play_store,18.16.1,en,0,30d18378-6e62-4b94-b8cf-0dced1b1ee03,Groww,com.nextbillion.groww,google_play_public_no_login_fetcher
Good app,,5,2026-09-08,play_store,18.16.1,en,0,3124ba1c-b8df-4da7-abed-08d714dc6f72,Groww,com.nextbillion.groww,google_play_public_no_login_fetcher
good application for stocks market,,3,2026-09-08,play_store,18.16.1,en,0,3c457fbd-ce5f-4a24-ad09-3999bd6a4c81,Groww,com.nextbillion.groww,google_play_public_no_login_fetcher
trusted app,,5,2026-09-08,play_store,18.16.1,en,0,2df6c57d-d37b-47ef-ac60-4df0c1428a97,Groww,com.nextbillion.groww,google_play_public_no_login_fetcher
good,,5,2026-09-08,play_store,18.2.1,en,0,0ac82322-2c69-418e-9380-1c230cb8a8a1,Groww,com.nextbillion.groww,google_play_public_no_login_fetcher
good,,5,2026-09-08,play_store,18.16.1,en,0,e3cf7daa-8e46-4fee-84ca-3160eb4292f6,Groww,com.nextbillion.groww,google_play_public_no_login_fetcher
og☠️,,5,2026-09-08,play_store,18.16.1,en,0,ac3121ad-1f71-43ee-bc92-17b95966217c,Groww,com.nextbillion.groww,google_play_public_no_login_fetcher
very nice 👌,,5,2026-09-08,play_store,18.16.1,en,0,0230a92e-7d22-46d9-86bb-3723ff8a970d,Groww,com.nextbillion.groww,google_play_public_no_login_fetcher
good,,5,2026-09-08,play_store,18.16.1,en,0,3a65ccb1-6a33-4ef0-a81e-2802c7191f8a,Groww,com.nextbillion.groww,google_play_public_no_login_fetcher
good,,5,2026-09-08,play_store,18.16.1,en,0,333970dc-cca7-4584-88d9-b8c942b19b0e,Groww,com.nextbillion.groww,google_play_public_no_login_fetcher
good,,5,2026-09-08,play_store,18.16.1,en,0,02068649-95ab-4b4a-bd6f-ee7e8840ff4b,Groww,com.nextbillion.groww,google_play_public_no_login_fetcher
super,,5,2026-09-08,play_store,,en,0,9989755a-0f75-4334-89ff-ab0121f098b4,Groww,com.nextbillion.groww,google_play_public_no_login_fetcher
good,,4,2026-09-08,play_store,18.16.1,en,1,ed103547-2832-4788-bda6-a82a527ee32d,Groww,com.nextbillion.groww,google_play_public_no_login_fetcher
very easy,,5,2026-09-08,play_store,18.16.1,en,0,53f4806a-5622-4afd-9dc6-5c6d11e5137a,Groww,com.nextbillion.groww,google_play_public_no_login_fetcher
best app in share market,,5,2026-09-08,play_store,18.15.1,en,0,bb0f1a59-bd72-4a11-afa3-97bb43ab28a8,Groww,com.nextbillion.groww,google_play_public_no_login_fetcher
best,,5,2026-09-08,play_store,18.16.1,en,1,d7da6da3-2655-4865-b497-35435093eb9a,Groww,com.nextbillion.groww,google_play_public_no_login_fetcher
very good,,5,2026-09-08,play_store,18.16.1,en,0,92858cc2-7851-43c4-aad5-e844533c122b,Groww,com.nextbillion.groww,google_play_public_no_login_fetcher
nice,,4,2026-09-08,play_store,18.13.2,en,0,1c30337f-cf59-42a0-868d-81ceb66fd06b,Groww,com.nextbillion.groww,google_play_public_no_login_fetcher
like it,,5,2026-09-08,play_store,18.16.1,en,0,27a1587f-c77f-4b60-ad64-7855f1de924a,Groww,com.nextbillion.groww,google_play_public_no_login_fetcher
nice aap,,4,2026-09-08,play_store,18.12.1,en,1,fbcaf1a2-3578-4658-aa8d-0bec2dfb0d43,Groww,com.nextbillion.groww,google_play_public_no_login_fetcher
"In My Life the Biggest Mistake took place 2 years ago and till now because of that, I lost several lakhs to recover that loss and it's all because of groww app was not connecting to the server. In the last two years what I lost is not money, I lost my mom's hope and dreams, she never lost belief in me. But she cried for the first time in my life, not because of money, because I lied her to not hurt. I guarantee you, I will not leave you, this much easily. U will lose bigger than that",,1,2026-09-08,play_store,18.16.1,en,1,a941bfe6-316b-45f1-bb30-e0033e64b05a,Groww,com.nextbillion.groww,google_play_public_no_login_fetcher
it's very easy to use the app even for beginners but it doesn't have trailing stoploss for equity delivery trades and charges for 20 rs for every sell order. It will be great if the concerns are sorted,,3,2026-09-08,play_store,18.16.1,en,0,f2194557-8a0b-422e-97df-8fc0d56ad7ed,Groww,com.nextbillion.groww,google_play_public_no_login_fetcher
very good,,4,2026-09-08,play_store,18.16.1,en,0,9f76938b-e5f0-423e-a0d1-1029b3ea4465,Groww,com.nextbillion.groww,google_play_public_no_login_fetcher
bahut hi dhatiya app hai remDerm 110000 bar rejected kar chuka hai,,5,2026-09-08,play_store,18.16.1,en,0,be0dd05f-9be9-4647-a3c0-768c07dc734b,Groww,com.nextbillion.groww,google_play_public_no_login_fetcher
Worst & Misleading App Ever,,1,2026-09-08,play_store,,en,0,f9db9f0f-378b-4953-900c-2ecc4b8f9f57,Groww,com.nextbillion.groww,google_play_public_no_login_fetcher
ok,,4,2026-09-08,play_store,18.16.1,en,0,d8518c7c-fc28-4054-9eb9-5bfae4734145,Groww,com.nextbillion.groww,google_play_public_no_login_fetcher
very ghatiya,,1,2026-09-08,play_store,,en,0,02ca7f20-00c0-45a8-84f1-634751412a0c,Groww,com.nextbillion.groww,google_play_public_no_login_fetcher
ok,,5,2026-09-08,play_store,,en,0,aefafc6b-f894-4c24-b9a7-c77c2f31b3ca,Groww,com.nextbillion.groww,google_play_public_no_login_fetcher
very very good good,,5,2026-09-08,play_store,18.16.1,en,1,79a9b4a7-2608-4b11-9bf9-ac2bbe721b57,Groww,com.nextbillion.groww,google_play_public_no_login_fetcher
very Good,,5,2026-09-08,play_store,18.16.1,en,1,6a9e1d3c-ca03-4329-a934-f2ad8001ddeb,Groww,com.nextbillion.groww,google_play_public_no_login_fetcher
very good 👍,,5,2026-09-08,play_store,18.16.1,en,1,d29d21bb-1755-45da-a7b9-9235bb08d66e,Groww,com.nextbillion.groww,google_play_public_no_login_fetcher
some features are missing,,5,2026-09-08,play_store,18.16.1,en,1,16affa70-e631-49f0-ab6d-9fe06c7c3c35,Groww,com.nextbillion.groww,google_play_public_no_login_fetcher
this app not stop loss working and high profit time exist button not working please don't use this app very very worst app dont installed,,1,2026-09-08,play_store,,en,0,81353a88-d5c8-4a7e-8b20-b50a5ad1a974,Groww,com.nextbillion.groww,google_play_public_no_login_fetcher
all the best 👍,,5,2026-09-08,play_store,18.15.1,en,1,ad531ba2-0937-4251-b76a-29c8cf60b149,Groww,com.nextbillion.groww,google_play_public_no_login_fetcher
so nice app,,5,2026-09-08,play_store,,en,1,83a99c4f-0f62-40f3-8f2e-a009bf01a76d,Groww,com.nextbillion.groww,google_play_public_no_login_fetcher
good,,5,2026-09-08,play_store,18.16.1,en,0,8f570bf3-5261-4830-ac8f-8b1db80c5ce9,Groww,com.nextbillion.groww,google_play_public_no_login_fetcher
"just one thing , greatest",,5,2026-09-08,play_store,18.16.1,en,0,cfdb6412-0148-451e-b81f-fcea902da7f8,Groww,com.nextbillion.groww,google_play_public_no_login_fetcher
simple and easy platform every support customer service,,5,2026-09-08,play_store,18.16.1,en,0,ba81622e-1f53-4561-909d-c9bec90a1f85,Groww,com.nextbillion.groww,google_play_public_no_login_fetcher
exiled,,5,2026-09-08,play_store,18.16.1,en,0,2379db83-3d42-4d28-a5a6-c0b9365dacef,Groww,com.nextbillion.groww,google_play_public_no_login_fetcher
good 👍,,3,2026-09-08,play_store,,en,0,f8b620d6-bd15-4b69-9eeb-93995b4cf61b,Groww,com.nextbillion.groww,google_play_public_no_login_fetcher
good 👍😊,,5,2026-09-08,play_store,18.16.1,en,0,e6c40ef9-6a50-4820-96d9-b7ba4cb633e7,Groww,com.nextbillion.groww,google_play_public_no_login_fetcher
good,,5,2026-09-08,play_store,18.16.1,en,0,c860f468-9094-4fb5-aa2a-6e22c03b3465,Groww,com.nextbillion.groww,google_play_public_no_login_fetcher
best groww,,5,2026-09-08,play_store,18.16.1,en,0,f658600b-7fe5-4fc6-b431-962444def2b0,Groww,com.nextbillion.groww,google_play_public_no_login_fetcher
🧬🧬🧬,,5,2026-09-08,play_store,18.16.1,en,0,6ec8c94d-6c54-46c3-a9c7-fd8747f87343,Groww,com.nextbillion.groww,google_play_public_no_login_fetcher
wandrfull,,5,2026-09-08,play_store,18.16.1,en,0,a0e457fe-f0bc-4fc2-87d1-437da7172834,Groww,com.nextbillion.groww,google_play_public_no_login_fetcher
good work 👏,,5,2026-09-08,play_store,18.12.1,en,0,6399591c-3ecc-4fe9-a418-37bd5278bf93,Groww,com.nextbillion.groww,google_play_public_no_login_fetcher
"very bad experience in selling stocks,i cnt sell the stocks , no response from the coustomer service.",,1,2026-09-08,play_store,18.16.1,en,0,07765843-e4b6-4523-8d9d-ad93364c0be3,Groww,com.nextbillion.groww,google_play_public_no_login_fetcher
good,,5,2026-09-08,play_store,17.92.3,en,0,71ae03b0-8918-40e2-81e9-ae59709ed3d4,Groww,com.nextbillion.groww,google_play_public_no_login_fetcher
gud,,5,2026-09-08,play_store,18.16.1,en,0,e2acaf85-93fe-4ec9-85b6-afa762e9294d,Groww,com.nextbillion.groww,google_play_public_no_login_fetcher
Good 👍,,5,2026-09-08,play_store,18.16.1,en,0,836b86e3-4eba-4dc1-b97e-4fd00dc24434,Groww,com.nextbillion.groww,google_play_public_no_login_fetcher
amezing,,4,2026-09-08,play_store,18.16.1,en,0,0edd863d-c7fa-4c82-98ff-0481fd009e52,Groww,com.nextbillion.groww,google_play_public_no_login_fetcher
awesome,,5,2026-09-08,play_store,18.16.1,en,0,29f562fe-f173-4dd3-abcb-bddff53c3f1a,Groww,com.nextbillion.groww,google_play_public_no_login_fetcher
money withdraw issue,,1,2026-09-08,play_store,18.11.0,en,1,040b2294-b041-4a7c-a3af-d8270b5d04eb,Groww,com.nextbillion.groww,google_play_public_no_login_fetcher
super,,5,2026-09-08,play_store,18.16.1,en,0,0aa1eff3-1e8c-43c7-bba5-e3560a9462ec,Groww,com.nextbillion.groww,google_play_public_no_login_fetcher
good 👍,,5,2026-09-08,play_store,18.11.1,en,0,3490ebae-ac0e-4d3a-a734-5dab3c963f32,Groww,com.nextbillion.groww,google_play_public_no_login_fetcher
Wrost application for trading,,1,2026-09-08,play_store,18.16.1,en,0,3b032a76-9bd1-4039-a690-8f68591b781b,Groww,com.nextbillion.groww,google_play_public_no_login_fetcher
good 👍,,5,2026-09-08,play_store,18.12.1,en,0,a9456fe7-ec15-43f4-9335-842a24037bff,Groww,com.nextbillion.groww,google_play_public_no_login_fetcher
Good,,5,2026-09-08,play_store,18.16.1,en,0,eb37053a-a3cc-47e1-a5d7-07bef3bf4943,Groww,com.nextbillion.groww,google_play_public_no_login_fetcher
nice,,5,2026-09-08,play_store,18.16.1,en,0,fbebf67e-e8d6-456c-8350-256841c724d2,Groww,com.nextbillion.groww,google_play_public_no_login_fetcher
very good,,5,2026-09-08,play_store,18.15.1,en,0,9dad1c95-f85c-41ab-9289-719414b5738c,Groww,com.nextbillion.groww,google_play_public_no_login_fetcher
👍 nice app,,5,2026-09-08,play_store,18.16.1,en,0,7e04ea6a-6629-449f-951f-0f5c7a0f2a5d,Groww,com.nextbillion.groww,google_play_public_no_login_fetcher
👍,,5,2026-09-08,play_store,18.16.1,en,0,78c9fd37-296b-42dd-85de-d777e85fa4e5,Groww,com.nextbillion.groww,google_play_public_no_login_fetcher
Very worst experience. No support from the customer service. I have sent mail also no reply. I thought of saving in MF's. By this experience I will not invest any. worst app..already mailed no use,,1,2026-09-08,play_store,18.16.1,en,0,d62bc2ae-f70b-42dd-bb59-00ad3151cb3f,Groww,com.nextbillion.groww,google_play_public_no_login_fetcher
👍👍,,5,2026-09-08,play_store,18.16.1,en,0,36a2630e-1741-4b6f-9450-6145e45d25e8,Groww,com.nextbillion.groww,google_play_public_no_login_fetcher
good,,5,2026-09-08,play_store,18.16.1,en,0,09029719-4ee3-4e3e-9082-4d3f366ba6a2,Groww,com.nextbillion.groww,google_play_public_no_login_fetcher
amazing 😍,,5,2026-09-08,play_store,,en,0,2fc28803-b3cd-4fb2-8c27-b54e82df6b79,Groww,com.nextbillion.groww,google_play_public_no_login_fetcher
very nice work,,5,2026-09-08,play_store,18.16.1,en,0,bef5b7eb-af04-43e1-9549-2f3cfec50584,Groww,com.nextbillion.groww,google_play_public_no_login_fetcher
"Easy to Use, user-friendly",,4,2026-09-08,play_store,18.16.1,en,0,8cd1a5e3-c309-41cf-9a72-e5aceda72adf,Groww,com.nextbillion.groww,google_play_public_no_login_fetcher
bas,,2,2026-09-08,play_store,18.16.1,en,0,dc3e841b-fe8f-4c68-bc5e-7a4aed3c7f6b,Groww,com.nextbillion.groww,google_play_public_no_login_fetcher
evarej,,3,2026-09-08,play_store,18.16.1,en,0,32bb8bd2-4342-423a-8349-88caf67a2b13,Groww,com.nextbillion.groww,google_play_public_no_login_fetcher
good service,,5,2026-09-08,play_store,18.15.1,en,0,12907f38-1add-46a9-bcdd-a86480fe5ec8,Groww,com.nextbillion.groww,google_play_public_no_login_fetcher
very easy understand,,5,2026-09-08,play_store,18.16.1,en,0,c2b5d1de-c02e-48f9-9ee1-dcb8e7574232,Groww,com.nextbillion.groww,google_play_public_no_login_fetcher
very good,,5,2026-09-08,play_store,18.16.1,en,0,9da82137-7591-4a9d-a8c0-1e8cca07bcd1,Groww,com.nextbillion.groww,google_play_public_no_login_fetcher
for reality,,5,2026-09-08,play_store,18.16.1,en,0,f33d2dd9-cdff-4c94-8760-2cedc29a4965,Groww,com.nextbillion.groww,google_play_public_no_login_fetcher
Great,,3,2026-09-08,play_store,18.16.1,en,0,a20370fc-90b6-41ec-a3bf-797710f8e81b,Groww,com.nextbillion.groww,google_play_public_no_login_fetcher
excellent work all time in app,,5,2026-09-08,play_store,18.16.1,en,0,5eeb1403-09bf-4ff2-8607-40b45ff0dffe,Groww,com.nextbillion.groww,google_play_public_no_login_fetcher
awesome,,5,2026-09-08,play_store,18.16.1,en,0,5f9b2a8e-9852-475d-b987-e14f8056d350,Groww,com.nextbillion.groww,google_play_public_no_login_fetcher
ok,,4,2026-09-08,play_store,,en,0,c6ed6014-23a0-4c2f-8fe3-f4f4023b51d7,Groww,com.nextbillion.groww,google_play_public_no_login_fetcher
good 👍,,5,2026-09-08,play_store,18.15.1,en,0,8166330e-bde6-4ffa-8e97-356a9e8259f0,Groww,com.nextbillion.groww,google_play_public_no_login_fetcher
Stocks Mutual Fund Best Services This App Groww,,5,2026-09-08,play_store,18.16.1,en,0,a1959b82-131e-4e25-9a0a-cdefbdb0d258,Groww,com.nextbillion.groww,google_play_public_no_login_fetcher
very convenient and Good,,5,2026-09-08,play_store,18.16.1,en,0,5554d552-4b36-4403-a643-306dfde2bdda,Groww,com.nextbillion.groww,google_play_public_no_login_fetcher
good,,3,2026-09-08,play_store,17.95.0,en,0,bf5bce45-410c-428c-a509-5b50e146f89d,Groww,com.nextbillion.groww,google_play_public_no_login_fetcher
good 👍,,5,2026-09-08,play_store,18.16.1,en,0,445f11e4-d9cf-4853-b71d-b0a1e88715fb,Groww,com.nextbillion.groww,google_play_public_no_login_fetcher
good 👌🏻,,5,2026-09-08,play_store,18.16.1,en,0,391db405-c434-4b44-bc64-4af4e2421c5f,Groww,com.nextbillion.groww,google_play_public_no_login_fetcher
super app,,5,2026-09-08,play_store,18.16.1,en,0,95a7005f-585d-43f0-be1e-7e803abf5a2d,Groww,com.nextbillion.groww,google_play_public_no_login_fetcher
easy interface. clarity and proactive updates,,5,2026-09-08,play_store,18.16.1,en,0,ecc3770e-6196-4693-b4a1-e9755f0d37c6,Groww,com.nextbillion.groww,google_play_public_no_login_fetcher
Very simple and beginner-friendly interface.,,5,2026-09-08,play_store,18.16.1,en,0,7f132d2e-1678-4d1c-83b8-a2e55756e7c4,Groww,com.nextbillion.groww,google_play_public_no_login_fetcher
very good 👍,,5,2026-09-08,play_store,18.16.1,en,0,1abdb2a9-c11b-456c-b2bd-e2ba40e23e3c,Groww,com.nextbillion.groww,google_play_public_no_login_fetcher
nice,,5,2026-09-08,play_store,18.16.1,en,1,adbf2055-3cfd-4573-8d99-bbadc7a17770,Groww,com.nextbillion.groww,google_play_public_no_login_fetcher
good,,5,2026-09-08,play_store,,en,0,b10cc23c-a459-435d-b3b4-8617b4fe06f3,Groww,com.nextbillion.groww,google_play_public_no_login_fetcher
super,,4,2026-09-08,play_store,18.16.1,en,1,39b76f51-5011-40db-b11c-34a85190eb80,Groww,com.nextbillion.groww,google_play_public_no_login_fetcher
good,,5,2026-09-08,play_store,18.16.1,en,0,29535b8b-8ea0-432f-94ec-2e260014a62c,Groww,com.nextbillion.groww,google_play_public_no_login_fetcher
Best,,5,2026-09-08,play_store,18.14.2,en,0,5cdc1f2a-1df7-4c3e-940e-fd95cceefb6f,Groww,com.nextbillion.groww,google_play_public_no_login_fetcher
very slow and lagging apps,,1,2026-09-08,play_store,18.16.1,en,0,6ccc0296-d3d0-47cb-9d6c-e3fc94738035,Groww,com.nextbillion.groww,google_play_public_no_login_fetcher
"All Indian brothers and sisters please be aware that Groww is a big fraud company. They are tied up with some bogus companies and recommending their shares to us. I purchased shares from three different companies as per their recommendations and I lost Rs. 10 lacs due to their fraudulent practices. How can they recommend us to buy some new, unrecognised, and bogus companies who are there to steal our money by internal share price movements. Please stay away from this biggest fraud company.",,1,2026-09-08,play_store,18.16.1,en,1,91707f18-9873-4a48-8397-d139c0e379de,Groww,com.nextbillion.groww,google_play_public_no_login_fetcher
good,,4,2026-09-08,play_store,18.16.1,en,0,45f11b2f-c9f7-448a-afee-8ce7089e6eb0,Groww,com.nextbillion.groww,google_play_public_no_login_fetcher
good one,,5,2026-09-08,play_store,18.16.1,en,1,f9041548-85fb-4604-a8d0-c6f3033f7cfc,Groww,com.nextbillion.groww,google_play_public_no_login_fetcher
Best,,5,2026-09-08,play_store,18.16.1,en,0,7a0046a6-5de2-4080-a5e2-d9368a843112,Groww,com.nextbillion.groww,google_play_public_no_login_fetcher
trusted app,,4,2026-09-08,play_store,18.16.1,en,0,3dddc863-4488-4b23-ac6b-8dd2f3159356,Groww,com.nextbillion.groww,google_play_public_no_login_fetcher
so nice 🇮🇳,,5,2026-09-08,play_store,18.16.1,en,0,de74515b-0486-45bb-8a35-4d7c3326e15e,Groww,com.nextbillion.groww,google_play_public_no_login_fetcher
verry good,,5,2026-09-08,play_store,18.16.1,en,1,28e4dd20-cb0f-4033-8aed-493edbfd3504,Groww,com.nextbillion.groww,google_play_public_no_login_fetcher
"worst , only grow will grow not ur money",,1,2026-09-08,play_store,18.16.1,en,0,d6c46fc2-8d61-4a0c-9c0c-dbccc2318d2f,Groww,com.nextbillion.groww,google_play_public_no_login_fetcher
only Grow App Use,,4,2026-09-08,play_store,18.16.1,en,1,62b1e8d2-d67a-4040-b802-63d32ef7047b,Groww,com.nextbillion.groww,google_play_public_no_login_fetcher
very nice 👍👍,,5,2026-09-08,play_store,18.16.1,en,0,cae3c2f5-aec2-448c-a50d-bf302545882f,Groww,com.nextbillion.groww,google_play_public_no_login_fetcher
good,,5,2026-09-08,play_store,18.16.1,en,0,cfb4a495-aea0-4c63-ad76-12ba4bc11d6f,Groww,com.nextbillion.groww,google_play_public_no_login_fetcher
good,,5,2026-09-08,play_store,18.16.1,en,0,3a3edf45-d995-4221-a55d-0b2cb3eb99ac,Groww,com.nextbillion.groww,google_play_public_no_login_fetcher
best for trading 👌,,5,2026-09-08,play_store,18.16.1,en,0,83c12c0a-57c4-4f4f-9d41-95c830ac0716,Groww,com.nextbillion.groww,google_play_public_no_login_fetcher
good 👍,,5,2026-09-08,play_store,18.16.1,en,0,523445ad-cacc-4c6c-81de-b8c5aedc51eb,Groww,com.nextbillion.groww,google_play_public_no_login_fetcher
good,,5,2026-09-08,play_store,,en,0,dca79945-8186-411e-9fc6-bdb5d90c872b,Groww,com.nextbillion.groww,google_play_public_no_login_fetcher
very good this app,,5,2026-09-08,play_store,18.16.1,en,0,ed42e8f0-96e0-454c-af33-75a7b022b932,Groww,com.nextbillion.groww,google_play_public_no_login_fetcher
supar,,1,2026-09-08,play_store,18.16.1,en,0,1e8d6a83-65f4-4e1a-a9aa-3272d569adb2,Groww,com.nextbillion.groww,google_play_public_no_login_fetcher
Good app fast working,,5,2026-09-08,play_store,18.16.1,en,0,157a2c1d-56b2-420c-b188-34b2d97849ce,Groww,com.nextbillion.groww,google_play_public_no_login_fetcher
best 👌 trust,,5,2026-09-08,play_store,18.16.1,en,0,c700fd2b-bc14-4ae7-b94c-22896cb8cae7,Groww,com.nextbillion.groww,google_play_public_no_login_fetcher
very good 😊,,5,2026-09-08,play_store,18.16.1,en,0,5d9263f0-5d22-4df5-81f6-63698eaeb494,Groww,com.nextbillion.groww,google_play_public_no_login_fetcher
Yesterday started,,5,2026-09-08,play_store,18.16.1,en,0,58fae3ce-cac5-4ede-a961-e6ed08430d3a,Groww,com.nextbillion.groww,google_play_public_no_login_fetcher
Groww is a fraudulent company. It only exploits its customers and takes their money in the name of rules and regulations.,,1,2026-09-08,play_store,18.16.1,en,0,18e71ba0-dd80-492a-ae2a-ece5792136e6,Groww,com.nextbillion.groww,google_play_public_no_login_fetcher
good,,4,2026-09-08,play_store,18.13.2,en,0,fcaba6f9-1388-45ac-ae96-b2100af9daf0,Groww,com.nextbillion.groww,google_play_public_no_login_fetcher
very nice and helpful 👍,,5,2026-09-08,play_store,18.16.1,en,0,ba7a2aee-5ac3-4f66-a628-9f1618ec5d7a,Groww,com.nextbillion.groww,google_play_public_no_login_fetcher
good,,5,2026-09-08,play_store,18.15.1,en,0,e40df950-7aab-4f53-a030-17c321c35998,Groww,com.nextbillion.groww,google_play_public_no_login_fetcher
good,,5,2026-09-08,play_store,,en,0,f57c2918-a9fc-4764-b2d6-44b8ee69582b,Groww,com.nextbillion.groww,google_play_public_no_login_fetcher
Good services all over,,5,2026-09-08,play_store,18.16.1,en,0,3436727b-262e-4fdc-ab26-409840fcf45a,Groww,com.nextbillion.groww,google_play_public_no_login_fetcher
👍,,5,2026-09-08,play_store,18.16.1,en,0,a548aef2-219b-4fec-9672-1345017fe106,Groww,com.nextbillion.groww,google_play_public_no_login_fetcher
good investment,,5,2026-09-08,play_store,,en,0,2ce82d69-98e8-4555-b346-b5ce97657fef,Groww,com.nextbillion.groww,google_play_public_no_login_fetcher
best investment app,,5,2026-09-08,play_store,18.16.1,en,1,b071c7c8-7710-4a02-b58a-178a1ae559be,Groww,com.nextbillion.groww,google_play_public_no_login_fetcher
good,,5,2026-09-07,play_store,18.16.1,en,0,c3f2c105-8d68-4845-a85c-3d762538c7de,Groww,com.nextbillion.groww,google_play_public_no_login_fetcher
kam cut kro text,,5,2026-09-07,play_store,18.16.1,en,0,4aabfa79-da15-425f-b217-a2af07135df8,Groww,com.nextbillion.groww,google_play_public_no_login_fetcher
EXCELLENT SERVICE INFORMATION 💚💝🎉🎉🥇,,5,2026-09-07,play_store,18.16.1,en,0,94037a46-a799-42df-9c7f-e3ef310928cf,Groww,com.nextbillion.groww,google_play_public_no_login_fetcher
thanks groww app,,2,2026-09-07,play_store,18.16.1,en,1,2b0a28df-ec8a-48af-ba45-c7f4fec99572,Groww,com.nextbillion.groww,google_play_public_no_login_fetcher
everything is well and good,,5,2026-09-07,play_store,18.14.1,en,0,4ab2437f-d7cf-444f-9603-0f0e82a68079,Groww,com.nextbillion.groww,google_play_public_no_login_fetcher
👍😊 good,,5,2026-09-07,play_store,18.16.1,en,0,4b5fb1e8-ba1a-426c-8bd4-aad03f7214c5,Groww,com.nextbillion.groww,google_play_public_no_login_fetcher
Unable to log in for the last few days. It keeps showing: “Your journey reset is in progress. Try again.” Please fix this issue.,,1,2026-09-07,play_store,18.16.1,en,0,d2b24688-feac-4e18-a42a-c1d143ac810e,Groww,com.nextbillion.groww,google_play_public_no_login_fetcher
Superb,,5,2026-09-07,play_store,18.16.1,en,0,a7ba443d-9dbf-4c24-bf65-ad1cece24c89,Groww,com.nextbillion.groww,google_play_public_no_login_fetcher
good,,5,2026-09-07,play_store,18.16.1,en,0,68c5e543-e868-4f52-95c8-6e330fe16d9e,Groww,com.nextbillion.groww,google_play_public_no_login_fetcher
chart didn't update and opening chart problem,,1,2026-09-07,play_store,18.16.1,en,0,d427e0b8-b91e-483f-ac22-52c10ad8bcc1,Groww,com.nextbillion.groww,google_play_public_no_login_fetcher
very fast and clear out put app it,,5,2026-09-07,play_store,18.16.1,en,0,add125c8-216e-4ff4-8110-9cf9111c8c58,Groww,com.nextbillion.groww,google_play_public_no_login_fetcher
very Good 👍,,5,2026-09-07,play_store,18.16.1,en,0,8bc09438-9230-4ae0-8bba-fbecec973c9a,Groww,com.nextbillion.groww,google_play_public_no_login_fetcher
GOOD 👍🏿,,4,2026-09-07,play_store,18.16.1,en,0,d42ee337-0bb9-49bd-a3f3-0b25743ef2dc,Groww,com.nextbillion.groww,google_play_public_no_login_fetcher
"I am concerned about the high brokerage charges for F&O trading on Groww. The brokerage cost becomes quite significant, especially for frequent option traders and small-volume trades. Please review your F&O brokerage charges and consider reducing them or introducing a zero/low-brokerage plan for F&O traders. Competitive brokerage charges would make Groww much more attractive for active traders. Kindly consider this feedback and let me know if there are any lower-brokerage plans currently avail",,1,2026-09-07,play_store,18.16.1,en,2,b980e7ad-5517-4983-b9e3-8238fa6f8441,Groww,com.nextbillion.groww,google_play_public_no_login_fetcher
Don't Install,,5,2026-09-07,play_store,18.16.1,en,0,d084a47c-e214-4fa9-9afc-6b0781280cdc,Groww,com.nextbillion.groww,google_play_public_no_login_fetcher
right way,,5,2026-09-07,play_store,17.85,en,0,b8ad687c-c33b-4e70-85db-13f4377f5c06,Groww,com.nextbillion.groww,google_play_public_no_login_fetcher
nice one,,5,2026-09-07,play_store,18.16.1,en,0,4f0ef8a2-9dfa-41d5-ab0e-54c9f1ce66e0,Groww,com.nextbillion.groww,google_play_public_no_login_fetcher
good,,5,2026-09-07,play_store,18.16.1,en,0,2a675ec6-e378-4ab0-ab3c-7904a2ffa79e,Groww,com.nextbillion.groww,google_play_public_no_login_fetcher
gold,,3,2026-09-07,play_store,18.16.1,en,0,b1300ae3-082e-4116-a83f-e0a470748694,Groww,com.nextbillion.groww,google_play_public_no_login_fetcher
very good,,5,2026-09-07,play_store,18.16.1,en,0,a4b02b98-bf87-4c8b-ab6e-a09dd9053af8,Groww,com.nextbillion.groww,google_play_public_no_login_fetcher
"Indians usually use initials in aadhar & full name in pan..aadhar and pan linked successfully with IT dept, then what is the problem with your server says name mismatch in aadhar and pan. so, i opened account in Angel one through online which was hassle free..I also have in IIFL & kite. update your server to accept the minor variation in initials & expansions in names. However, i cant update aadhar anymore its a time waste process as it will cause lot of problems which linked to other accounts.",,1,2026-09-07,play_store,,en,0,1aa50178-2305-4ef0-b862-b5e98467750a,Groww,com.nextbillion.groww,google_play_public_no_login_fetcher
great,,5,2026-09-07,play_store,18.16.1,en,0,b5eaba7a-5d4d-478d-b296-e91d16a334b6,Groww,com.nextbillion.groww,google_play_public_no_login_fetcher
very good app,,5,2026-09-07,play_store,18.16.1,en,0,89dfa08e-6714-40b4-96bd-3f15cb0d902f,Groww,com.nextbillion.groww,google_play_public_no_login_fetcher
good,,5,2026-09-07,play_store,18.16.1,en,0,a4825278-b385-4501-9511-112f60e630c3,Groww,com.nextbillion.groww,google_play_public_no_login_fetcher
good 👍,,5,2026-09-07,play_store,18.16.1,en,0,6e01a068-2169-4971-bdeb-de62b075291f,Groww,com.nextbillion.groww,google_play_public_no_login_fetcher
💯,,5,2026-09-07,play_store,18.15.1,en,0,54a7f25e-df4a-4718-beaf-3ab45a04dee0,Groww,com.nextbillion.groww,google_play_public_no_login_fetcher
this is a good app i like is app,,5,2026-09-07,play_store,,en,0,6e1d53c9-a8b4-44f3-b7a3-ffc5b740f92e,Groww,com.nextbillion.groww,google_play_public_no_login_fetcher
"plz provide a separate news tab for all news. inside News do separate stock news, global news, national News etc.",,5,2026-09-07,play_store,18.16.1,en,0,b235db92-6bc7-4f2d-bdf9-3905a70b90dd,Groww,com.nextbillion.groww,google_play_public_no_login_fetcher
👍 good,,5,2026-09-07,play_store,18.16.1,en,0,6b9531aa-4dec-4250-b0b5-9d67a8829a2e,Groww,com.nextbillion.groww,google_play_public_no_login_fetcher
super service,,4,2026-09-07,play_store,18.16.1,en,0,4c762fb4-6d9a-4f2d-834a-fa8edaa36c3d,Groww,com.nextbillion.groww,google_play_public_no_login_fetcher
veri veri good 👍👍,,5,2026-09-07,play_store,18.16.1,en,0,690bd09d-2575-436b-ae2e-116eb125d205,Groww,com.nextbillion.groww,google_play_public_no_login_fetcher
easy to use,,5,2026-09-07,play_store,18.16.1,en,0,3f36f268-8d2a-4a27-a1eb-a45c43453707,Groww,com.nextbillion.groww,google_play_public_no_login_fetcher
good 👍👍,,5,2026-09-07,play_store,,en,0,bde18e7e-e28c-44f5-950e-e55e8739afa1,Groww,com.nextbillion.groww,google_play_public_no_login_fetcher
nice,,5,2026-09-07,play_store,18.16.1,en,0,35a70af8-57a5-43a6-8b6d-c78747c3f8a8,Groww,com.nextbillion.groww,google_play_public_no_login_fetcher
very nice,,4,2026-09-07,play_store,,en,0,8dd93af4-95f2-4740-9d0a-859238c1c996,Groww,com.nextbillion.groww,google_play_public_no_login_fetcher
bad,,2,2026-09-07,play_store,,en,0,51b0c11a-65a3-4764-9a9b-53c3cc563140,Groww,com.nextbillion.groww,google_play_public_no_login_fetcher
ಸೂಪರ್,,5,2026-09-07,play_store,18.16.1,en,0,4d50d773-9162-4647-a7bb-cc159208cfbb,Groww,com.nextbillion.groww,google_play_public_no_login_fetcher
very good,,4,2026-09-07,play_store,18.16.1,en,0,b675d608-8e55-4d07-8457-01330ae98b1c,Groww,com.nextbillion.groww,google_play_public_no_login_fetcher
good,,5,2026-09-07,play_store,18.16.1,en,0,1e704850-d0a2-4af9-be8a-c39f8b543dd2,Groww,com.nextbillion.groww,google_play_public_no_login_fetcher
good,,5,2026-09-07,play_store,18.16.1,en,0,d929290e-23af-4643-a434-7494ec0d8681,Groww,com.nextbillion.groww,google_play_public_no_login_fetcher
site not so fast,,4,2026-09-07,play_store,18.13.2,en,0,47e6f9f3-1767-491f-9a7f-9bf51e1561f2,Groww,com.nextbillion.groww,google_play_public_no_login_fetcher
good 👍😊,,5,2026-09-07,play_store,18.16.1,en,0,4a05a3aa-ef42-4628-a41c-5161665b2753,Groww,com.nextbillion.groww,google_play_public_no_login_fetcher
good,,5,2026-09-07,play_store,18.16.1,en,0,787830fc-9090-46fc-b674-802854370218,Groww,com.nextbillion.groww,google_play_public_no_login_fetcher
👍,,5,2026-09-07,play_store,18.16.1,en,0,d27e3112-0aff-4f1c-b003-11fdd8d682d6,Groww,com.nextbillion.groww,google_play_public_no_login_fetcher
good,,5,2026-09-07,play_store,18.15.1,en,0,aa2e06fe-59ba-425d-ac3c-c28837019872,Groww,com.nextbillion.groww,google_play_public_no_login_fetcher
awesome but brokerage j yada h,,5,2026-09-07,play_store,18.16.1,en,0,153faaf4-4419-4ef7-af5c-adf5301c52aa,Groww,com.nextbillion.groww,google_play_public_no_login_fetcher
nice,,5,2026-09-07,play_store,18.16.1,en,0,1180e4de-04b0-4f0a-8bd6-41d1dd7d78c2,Groww,com.nextbillion.groww,google_play_public_no_login_fetcher
"loss due to miss click, please place the buy at market price / sell at market price button somewhere else instead of just below the name of stock/share.. many time when someone want to click on name of stock, they click the buy sell button",,2,2026-09-07,play_store,18.16.1,en,1,f476a400-079f-4293-b9ac-34a659c03602,Groww,com.nextbillion.groww,google_play_public_no_login_fetcher
good,,5,2026-09-07,play_store,18.16.1,en,0,42152c71-0f94-4159-a298-fc8caebe52cd,Groww,com.nextbillion.groww,google_play_public_no_login_fetcher
super Ho lekin dubaon mein bhi super hun,,5,2026-09-07,play_store,18.17.2,en,0,afa95452-793d-4afa-8064-9818909bd27b,Groww,com.nextbillion.groww,google_play_public_no_login_fetcher
"All profile enjoying GROWW it self, Dot use this app as never suggested. We investing to earn but they have very heavy charges, so please use othe budget Freindly platform. I don't know and really surprised how the Rating is so high even though other platforms providing best services at reasonable rate",,1,2026-09-07,play_store,,en,0,919aab98-61eb-4216-9737-f2e1474184dc,Groww,com.nextbillion.groww,google_play_public_no_login_fetcher
good,,5,2026-09-07,play_store,18.16.1,en,0,cbd9e619-0348-4842-856b-171c86164f37,Groww,com.nextbillion.groww,google_play_public_no_login_fetcher
pls change for upi please change for the upi method it's very trouble for me why for the changing a wallet recharge method for internet banking,,5,2026-09-07,play_store,18.16.1,en,0,80bed470-1c73-45d9-969e-6850f0b30b40,Groww,com.nextbillion.groww,google_play_public_no_login_fetcher
bhut accha h aap isme groww krta h,,5,2026-09-07,play_store,18.16.1,en,0,dd12b93d-2655-4b8d-a2d4-cbfd7123c10e,Groww,com.nextbillion.groww,google_play_public_no_login_fetcher
graow credit 👌,,4,2026-09-07,play_store,18.16.1,en,0,7238094d-6b62-45e5-bd01-0171da3c4807,Groww,com.nextbillion.groww,google_play_public_no_login_fetcher
"I am extremely dissatisfied with my experience with Groww. Personally, I would not recommend this app to anyone for investing their hard-earned money. I have faced repeated issues while using Groww, whether related to stocks, payments, money, or other services. My overall experience has been extremely frustrating and disappointing. I have personally had such a bad experience with this app that I no longer feel comfortable keeping my money here. Based on my own experience, I would strong",,1,2026-09-07,play_store,18.16.1,en,0,e4ae2fee-b710-40c0-b924-e23db58b28fe,Groww,com.nextbillion.groww,google_play_public_no_login_fetcher
total loss,,1,2026-09-07,play_store,17.91.0,en,0,600ed37d-2821-40fa-86df-4cf992df6f49,Groww,com.nextbillion.groww,google_play_public_no_login_fetcher
ok,,3,2026-09-07,play_store,18.16.1,en,0,c4e5d9bb-171c-4618-b649-69e410760897,Groww,com.nextbillion.groww,google_play_public_no_login_fetcher
very good 👍,,5,2026-09-07,play_store,18.11.1,en,0,4c9963e6-6195-45ae-94e9-7c7ed69f1083,Groww,com.nextbillion.groww,google_play_public_no_login_fetcher
It was very good once but currently it is completely corrupt in the name of loans.,,3,2026-09-07,play_store,18.16.1,en,0,6d1aebb4-c9f9-40f6-8b62-d229d83cbab8,Groww,com.nextbillion.groww,google_play_public_no_login_fetcher
simple UI and quick accessible functions,,4,2026-09-07,play_store,18.16.1,en,0,ba1d2a95-6563-46be-b0be-f98e35640260,Groww,com.nextbillion.groww,google_play_public_no_login_fetcher
very good,,3,2026-09-07,play_store,18.16.1,en,0,47da0dbb-7697-4ae1-8bb6-40986c21ac36,Groww,com.nextbillion.groww,google_play_public_no_login_fetcher
very good good 👍👏,,5,2026-09-07,play_store,18.16.1,en,0,65834d4e-efe9-4007-8c25-2cabcd995fa8,Groww,com.nextbillion.groww,google_play_public_no_login_fetcher
very good so beautiful,,4,2026-09-07,play_store,18.14.2,en,1,bf3ac6c2-50fd-4b3a-8aac-9dc05eb13490,Groww,com.nextbillion.groww,google_play_public_no_login_fetcher
good,,5,2026-09-07,play_store,18.16.1,en,1,9d93096c-6083-4bfc-97ca-c1e9957a6574,Groww,com.nextbillion.groww,google_play_public_no_login_fetcher
application हैंग होगयी 3.25pm par,,1,2026-09-07,play_store,18.16.1,en,0,3af87ad0-d12a-4c96-ba18-97054407715e,Groww,com.nextbillion.groww,google_play_public_no_login_fetcher
nich,,5,2026-09-07,play_store,,en,0,8e26c724-8234-4d12-b7f7-fb8d7580122b,Groww,com.nextbillion.groww,google_play_public_no_login_fetcher
very nice ap for Indian stocks,,5,2026-09-07,play_store,18.16.1,en,0,a281e2e0-cf31-43ca-bb67-f3363b145c55,Groww,com.nextbillion.groww,google_play_public_no_login_fetcher
very good app,,5,2026-09-07,play_store,,en,0,6c8e6709-fe5c-4e73-bc3e-f0242f9209e2,Groww,com.nextbillion.groww,google_play_public_no_login_fetcher
not working properly today,,1,2026-09-07,play_store,18.16.1,en,0,01894312-990c-4e7e-bf66-b0fdb7a6fe88,Groww,com.nextbillion.groww,google_play_public_no_login_fetcher
ok 👌,,5,2026-09-07,play_store,,en,0,edeb4346-9ad9-4104-8829-902c5e187536,Groww,com.nextbillion.groww,google_play_public_no_login_fetcher
ca 🎊🎊🎊srcv cv. v,,4,2026-09-07,play_store,18.16.1,en,0,e8cf708f-3f7b-42a8-949f-2ee830447c95,Groww,com.nextbillion.groww,google_play_public_no_login_fetcher
nice,,3,2026-09-07,play_store,18.16.1,en,0,34621c87-22d8-4ab1-bd66-4a9598eba28a,Groww,com.nextbillion.groww,google_play_public_no_login_fetcher
Smooth Interface For Beginners Best Choice 🔥👍,,5,2026-09-07,play_store,17.70,en,1,d32689ef-d377-406c-8e03-078979035aa3,Groww,com.nextbillion.groww,google_play_public_no_login_fetcher
osm,,5,2026-09-07,play_store,18.16.1,en,0,70717977-8da7-43aa-a752-e6f97439b77c,Groww,com.nextbillion.groww,google_play_public_no_login_fetcher
🥰♥️,,5,2026-09-07,play_store,,en,1,6351b540-d200-4e5f-b626-3fb379a06bd7,Groww,com.nextbillion.groww,google_play_public_no_login_fetcher
I am giving half star actually for let updates of chart and shares prices. and too much charges are in option trading. brokerage is ok but external charges without any use and saying GST and bla bla .....wrost experience in grow and thats why grow loosing customers.... and remove that third class scalper mode which is near chain options.,,1,2026-09-07,play_store,18.16.1,en,1,518deb14-f67c-4556-834c-bdb1092d97db,Groww,com.nextbillion.groww,google_play_public_no_login_fetcher
best trading in grow experience,,5,2026-09-07,play_store,18.16.1,en,0,6fbb1139-bb83-4726-9345-39398e55813c,Groww,com.nextbillion.groww,google_play_public_no_login_fetcher
it's nice ☺️☺️,,5,2026-09-07,play_store,18.15.1,en,1,6751baab-b06e-4f62-bcbc-f7cac7f85909,Groww,com.nextbillion.groww,google_play_public_no_login_fetcher
Lots of glitches are there now-a-days kindly remove that scalper mode button from the left bottom corner,,1,2026-09-07,play_store,18.16.1,en,0,054b203f-949f-4d92-b494-17f3ee2c0747,Groww,com.nextbillion.groww,google_play_public_no_login_fetcher
good,,5,2026-09-07,play_store,18.15.1,en,0,be678a54-6b42-405f-867a-24f7bd4a0ff4,Groww,com.nextbillion.groww,google_play_public_no_login_fetcher
excellent,,5,2026-09-07,play_store,18.16.1,en,1,5da1a781-0fc2-437e-b4b8-79683d209b2d,Groww,com.nextbillion.groww,google_play_public_no_login_fetcher
I'm trust Groww,,5,2026-09-07,play_store,18.16.1,en,0,653349d5-5afd-4727-bde9-72d6f43bc892,Groww,com.nextbillion.groww,google_play_public_no_login_fetcher
5 year experience in grow,,5,2026-09-07,play_store,18.16.1,en,0,afa93ff8-ee2e-421a-90f0-21b77398c3f1,Groww,com.nextbillion.groww,google_play_public_no_login_fetcher
"why you guys remove the back button, when we entered the candle stick screen",,1,2026-09-07,play_store,18.16.1,en,0,b54f6c1b-1e7e-40b9-9a1f-75cb550d6161,Groww,com.nextbillion.groww,google_play_public_no_login_fetcher
nice,,5,2026-09-07,play_store,18.16.1,en,0,92866f1e-7a23-467d-bb2d-6580d70befa4,Groww,com.nextbillion.groww,google_play_public_no_login_fetcher
good,,3,2026-09-07,play_store,18.16.1,en,0,c433e7c9-2198-4b59-8557-87a0d9953daa,Groww,com.nextbillion.groww,google_play_public_no_login_fetcher
good,,5,2026-09-07,play_store,18.16.1,en,0,27d04a54-5008-4eb5-80be-490d84c3b0d2,Groww,com.nextbillion.groww,google_play_public_no_login_fetcher
best,,5,2026-09-07,play_store,18.16.1,en,0,0e07b27d-a1fa-4f9a-8e69-7906784a5c2b,Groww,com.nextbillion.groww,google_play_public_no_login_fetcher
Good and satisfied.,,5,2026-09-07,play_store,18.16.1,en,0,ec344d66-9446-4af8-b2c2-2ba40dc41ae7,Groww,com.nextbillion.groww,google_play_public_no_login_fetcher
"Groww app user-experience ke maamle me bahut accha hai, lekin isme abhi tak SLBM (Stock Lending and Borrowing Mechanism) ki facility nahi hai. Long-term investors ke liye apne stocks par extra income earn karne ke liye SLBM ek bahut zaroori feature hai. Zerodha aur baaki doosre bade brokers ye service kaafi samay se de rahe hain.Groww team se request hai ki is feature ko jald se jald add karein.",,3,2026-09-07,play_store,18.16.1,en,0,b0840fa1-ee89-4748-98ca-db6078c1355a,Groww,com.nextbillion.groww,google_play_public_no_login_fetcher
brokerage fees is high but easy to use BTW app is good.,,4,2026-09-07,play_store,18.16.1,en,0,bf681689-66de-43ea-a3a6-4a474e46ac84,Groww,com.nextbillion.groww,google_play_public_no_login_fetcher
ultra pro max,,5,2026-09-07,play_store,18.15.1,en,0,3c5a3a70-1a4b-48b2-80e7-8e2f811a32ae,Groww,com.nextbillion.groww,google_play_public_no_login_fetcher
very nice GROWW APP,,5,2026-09-07,play_store,18.16.1,en,0,698dde7e-4002-42bc-a8e0-fe15dedb4a3a,Groww,com.nextbillion.groww,google_play_public_no_login_fetcher
superb,,5,2026-09-07,play_store,18.16.1,en,0,bbfa5156-14c4-4c23-ba86-adeb44a8bdc4,Groww,com.nextbillion.groww,google_play_public_no_login_fetcher
good 😊,,3,2026-09-07,play_store,18.16.1,en,1,58ce5f64-31de-45cf-9f63-ef7bd985f0b0,Groww,com.nextbillion.groww,google_play_public_no_login_fetcher
navigation buttons issue. bring back navigation buttons in chart view it's very annoying to go back while on chart or atleast give settings for auto hide navigation buttons or disable it while on chart Please fix the issue of back button,,1,2026-09-07,play_store,18.16.1,en,0,840b6a3b-b017-44bd-b2c8-a315bebeebbc,Groww,com.nextbillion.groww,google_play_public_no_login_fetcher
good,,5,2026-09-07,play_store,18.16.1,en,1,7dfb9e40-88df-44eb-bb4d-5fa3ee4082c9,Groww,com.nextbillion.groww,google_play_public_no_login_fetcher
nice,,4,2026-09-07,play_store,18.15.1,en,0,e239865b-2fc9-43b9-88de-b9c6bafdcd45,Groww,com.nextbillion.groww,google_play_public_no_login_fetcher
good,,5,2026-09-07,play_store,18.13.2,en,0,f9250fc3-fe7d-401f-8614-0627dab4c1a9,Groww,com.nextbillion.groww,google_play_public_no_login_fetcher
nice,,5,2026-09-07,play_store,18.16.1,en,0,b85d6bf9-8f1e-4925-b373-2ef688e77a75,Groww,com.nextbillion.groww,google_play_public_no_login_fetcher
super 😍,,5,2026-09-07,play_store,,en,0,99094cf2-305e-4c7f-a206-5328c0b05de8,Groww,com.nextbillion.groww,google_play_public_no_login_fetcher
it was good trading app.,,5,2026-09-07,play_store,18.16.1,en,0,9e44252e-e302-4a56-9ffc-4ca3c8013154,Groww,com.nextbillion.groww,google_play_public_no_login_fetcher
best,,5,2026-09-07,play_store,18.16.1,en,1,0081cc67-a41a-410e-b552-c46944b0591d,Groww,com.nextbillion.groww,google_play_public_no_login_fetcher
mmmmmmm Ho,,5,2026-09-07,play_store,18.16.1,en,0,fb45ced2-37d8-4703-80a8-82f6b7ca1969,Groww,com.nextbillion.groww,google_play_public_no_login_fetcher
Very worst experience. I am making calls multiple times to the Customer Support Services of Groww. but they are not responding. I am unable to link my PAN. That's why I am making calls to get the solution and guidance but no response from the team of customer support services of Groww.,,1,2026-09-07,play_store,18.16.1,en,0,8060c79b-26cc-4335-ae79-89c8e6ae5d9b,Groww,com.nextbillion.groww,google_play_public_no_login_fetcher
boos valo,,5,2026-09-07,play_store,18.16.1,en,0,40894a30-f8ea-4e19-a8db-cb1c7a286f42,Groww,com.nextbillion.groww,google_play_public_no_login_fetcher
good 👍 .,,5,2026-09-07,play_store,18.16.1,en,0,5e1ae1c1-c311-447f-9e73-68e27d7fc04c,Groww,com.nextbillion.groww,google_play_public_no_login_fetcher
good,,5,2026-09-07,play_store,18.16.1,en,0,a6670bf5-0121-4324-825f-4980239cd36e,Groww,com.nextbillion.groww,google_play_public_no_login_fetcher
grow app bahut ghatiya app plz koi na use kare grow app,,1,2026-09-07,play_store,,en,0,13600183-32e5-48f3-b3de-0c1f7b522175,Groww,com.nextbillion.groww,google_play_public_no_login_fetcher
good,,5,2026-09-07,play_store,18.16.1,en,1,4b4b6ae9-2043-4d8d-987b-788f2c888460,Groww,com.nextbillion.groww,google_play_public_no_login_fetcher
nice,,5,2026-09-07,play_store,18.16.1,en,0,23eadd51-1f2e-44a8-b2be-b94daf029f27,Groww,com.nextbillion.groww,google_play_public_no_login_fetcher
very good for beginners,,5,2026-09-07,play_store,18.16.1,en,0,5d80b8cb-43d0-4d46-86e6-ca8a27ff1baf,Groww,com.nextbillion.groww,google_play_public_no_login_fetcher
okay so after using it for 3 years it's best app for trading and smooth ui but sometimes it lags or just keeps buffering when markets are at high volatility so it should be improved and now I'm changing my rating because there IPO and f&O pages keep stucking and showing wrong information.,,3,2026-09-07,play_store,18.16.1,en,201,f196e837-b9f4-433c-a73a-81487f0de1bf,Groww,com.nextbillion.groww,google_play_public_no_login_fetcher
intrest is lo,,2,2026-09-07,play_store,18.16.1,en,0,588e000b-1daa-4e37-a7ce-a05259a8c5c4,Groww,com.nextbillion.groww,google_play_public_no_login_fetcher
good 👍🏻,,5,2026-09-07,play_store,18.16.1,en,0,c26360fa-744a-41c6-987b-028e1f2c375b,Groww,com.nextbillion.groww,google_play_public_no_login_fetcher
groww app is good,,5,2026-09-07,play_store,18.16.1,en,0,d17bf0ec-5886-4f01-811d-3d5754f98636,Groww,com.nextbillion.groww,google_play_public_no_login_fetcher
😜👌😂😂😭💯y💯ok p,,3,2026-09-07,play_store,18.16.1,en,1,2da1d27c-d59e-477c-8a38-4e38f1323cd7,Groww,com.nextbillion.groww,google_play_public_no_login_fetcher
good,,5,2026-09-07,play_store,18.16.1,en,0,859d8e88-1013-466c-bf3b-88f4e5f465af,Groww,com.nextbillion.groww,google_play_public_no_login_fetcher
good 👍,,5,2026-09-07,play_store,18.16.1,en,0,5a43e34e-0436-48e4-8e48-df8562c63d37,Groww,com.nextbillion.groww,google_play_public_no_login_fetcher
ok,,2,2026-09-07,play_store,18.15.0,en,0,8a5ec6e6-9be1-487d-9e5c-54ec436616c5,Groww,com.nextbillion.groww,google_play_public_no_login_fetcher
good opportunity,,5,2026-09-07,play_store,18.15.1,en,0,854e8a66-d428-475a-8224-c812c3357183,Groww,com.nextbillion.groww,google_play_public_no_login_fetcher
thank you,,5,2026-09-07,play_store,18.16.1,en,0,087424a6-6e72-42c2-809d-51f4b07695df,Groww,com.nextbillion.groww,google_play_public_no_login_fetcher
good platform,,5,2026-09-07,play_store,18.15.1,en,0,f89e06f6-0f86-4b34-a740-f9ec7494832f,Groww,com.nextbillion.groww,google_play_public_no_login_fetcher
very bad experience they have many hidden charges opening and closing is taking too much money as margin..... very bad app👎 other trading platform offers much better charges .. stop taking too much money💸 unnecessarily... try to improve,,1,2026-09-07,play_store,18.16.1,en,1,c9a487b4-f08d-465d-bbd7-44c5c94de04e,Groww,com.nextbillion.groww,google_play_public_no_login_fetcher
thank,,1,2026-09-07,play_store,18.16.1,en,0,4a00b00b-8f24-4ddd-98fe-7dbeabec5fb3,Groww,com.nextbillion.groww,google_play_public_no_login_fetcher
nice 👍,,5,2026-09-07,play_store,18.16.1,en,0,81a970f4-2b11-48b9-a289-b624ab6111c4,Groww,com.nextbillion.groww,google_play_public_no_login_fetcher
so good,,5,2026-09-07,play_store,18.16.1,en,0,a6dc1f25-59f0-497c-93ce-95aa38ddec7c,Groww,com.nextbillion.groww,google_play_public_no_login_fetcher
only drawback of this app is that it does not give to keep two different chart in one screen it should provide this service,,5,2026-09-07,play_store,18.16.1,en,1,73db6bc0-d741-42e6-8c0e-c2bb23fbf37b,Groww,com.nextbillion.groww,google_play_public_no_login_fetcher
good 👍,,5,2026-09-07,play_store,18.16.1,en,0,90bece4f-1196-46bd-ae39-37b592882f44,Groww,com.nextbillion.groww,google_play_public_no_login_fetcher
good software,,5,2026-09-07,play_store,,en,0,8dc415d9-8396-47e6-9dcf-93c0edd0ef33,Groww,com.nextbillion.groww,google_play_public_no_login_fetcher
Execellent App,,5,2026-09-07,play_store,18.16.1,en,0,46dec97c-dec8-4e2e-947c-8ab1cbcc9868,Groww,com.nextbillion.groww,google_play_public_no_login_fetcher
customer support is very bad . Human agents are not replying in chat and there is a very large time of waiting to connect to human on call and there is no option of call back,,1,2026-09-07,play_store,18.16.1,en,6,2b5a79bb-c01d-404f-8ccd-b923de4b3eb9,Groww,com.nextbillion.groww,google_play_public_no_login_fetcher
smooth,,5,2026-09-07,play_store,18.16.1,en,0,461f96af-3241-4e2a-88ec-51d8e1e167bf,Groww,com.nextbillion.groww,google_play_public_no_login_fetcher
osm,,5,2026-09-07,play_store,18.15.1,en,0,b6a3f00b-596e-4367-8b5d-172def787819,Groww,com.nextbillion.groww,google_play_public_no_login_fetcher
This platform is good for those who want to make a little profit and never be greedy.,,5,2026-09-07,play_store,18.16.0,en,1,0fa24475-b118-4ba4-83fe-3eb491b1b39b,Groww,com.nextbillion.groww,google_play_public_no_login_fetcher
thank you,,5,2026-09-07,play_store,18.16.1,en,0,e4e09f2d-4a50-4152-8fc6-77d1fdee578b,Groww,com.nextbillion.groww,google_play_public_no_login_fetcher
good,,5,2026-09-07,play_store,18.16.1,en,0,136227b3-07b7-427a-bb2f-cf336e183627,Groww,com.nextbillion.groww,google_play_public_no_login_fetcher
great 👍,,5,2026-09-07,play_store,18.16.1,en,0,778f4603-17f1-48a2-80e0-6228ad6f1ec9,Groww,com.nextbillion.groww,google_play_public_no_login_fetcher
good,,5,2026-09-07,play_store,18.16.1,en,0,f82d569c-4a48-4582-ad7c-c8d23b266bcc,Groww,com.nextbillion.groww,google_play_public_no_login_fetcher
good 👍,,5,2026-09-07,play_store,18.16.1,en,0,78e31fa3-9440-440e-af98-3a000fa7635d,Groww,com.nextbillion.groww,google_play_public_no_login_fetcher
good 💯,,5,2026-09-07,play_store,18.13.2,en,0,f909603f-2908-44c6-a750-a97993c80e9f,Groww,com.nextbillion.groww,google_play_public_no_login_fetcher
"The app works fine, but I haven't invested in it yet. Investing in Futures and Options seems like the right move for me, though I plan to do so later; right now, I lack both the full knowledge and the budget.",,5,2026-09-07,play_store,18.16.1,en,1,c783a063-62c8-42dc-8910-61af5c4a03dc,Groww,com.nextbillion.groww,google_play_public_no_login_fetcher
good app,,5,2026-09-07,play_store,18.15.1,en,0,265fc5e4-2429-4ba9-aa68-e40dfb275f1b,Groww,com.nextbillion.groww,google_play_public_no_login_fetcher
best experience in india,,5,2026-09-07,play_store,18.16.1,en,0,b4161edd-4776-441d-b61a-7ed70993c146,Groww,com.nextbillion.groww,google_play_public_no_login_fetcher
very good 👍,,5,2026-09-07,play_store,18.16.1,en,1,3b3c99c5-2135-41d2-a5cc-df094629d943,Groww,com.nextbillion.groww,google_play_public_no_login_fetcher
👍👍👍❤️,,5,2026-09-07,play_store,18.16.1,en,0,f24dde60-60f0-4c08-ab3a-e451efc7e12d,Groww,com.nextbillion.groww,google_play_public_no_login_fetcher
good platform for investment,,4,2026-09-07,play_store,18.16.1,en,0,13c9a2d5-2388-4140-b687-1de929311a52,Groww,com.nextbillion.groww,google_play_public_no_login_fetcher
Groww is the best,,5,2026-09-07,play_store,18.16.1,en,0,2873c578-1dd8-4c37-ac73-3be30ffde872,Groww,com.nextbillion.groww,google_play_public_no_login_fetcher
❤️,,5,2026-09-07,play_store,18.16.1,en,0,3d47d30e-451d-4f77-852f-7fd38e743a12,Groww,com.nextbillion.groww,google_play_public_no_login_fetcher
good,,5,2026-09-07,play_store,18.16.1,en,0,19463136-d6aa-41c3-a0b6-b116e19833fe,Groww,com.nextbillion.groww,google_play_public_no_login_fetcher
good,,5,2026-09-07,play_store,18.16.1,en,0,80a31689-0744-47ac-9b4f-1bcf27b60545,Groww,com.nextbillion.groww,google_play_public_no_login_fetcher
very helpful for easy analysis and stock exchange,,5,2026-09-07,play_store,18.16.1,en,0,a6eee4a1-9aa9-4163-8d0f-299a40052259,Groww,com.nextbillion.groww,google_play_public_no_login_fetcher
very very good for invest and withdraw system easy,,5,2026-09-07,play_store,18.13.2,en,0,cd04ca86-c982-48fa-8c63-7e89a427db2a,Groww,com.nextbillion.groww,google_play_public_no_login_fetcher
v.good,,1,2026-09-07,play_store,18.16.1,en,0,0fc9fead-62ec-45b3-9a0f-95dad5de073d,Groww,com.nextbillion.groww,google_play_public_no_login_fetcher
nice,,5,2026-09-07,play_store,18.16.1,en,0,b02b846d-f8ca-4da2-a605-b97eae0ca9cd,Groww,com.nextbillion.groww,google_play_public_no_login_fetcher
I Think Good,,5,2026-09-07,play_store,18.16.1,en,0,75d0edf9-3558-490b-b026-aee1360959e4,Groww,com.nextbillion.groww,google_play_public_no_login_fetcher
good,,5,2026-09-07,play_store,18.16.1,en,0,f4e1bb02-769b-4340-a175-64c73fade9d1,Groww,com.nextbillion.groww,google_play_public_no_login_fetcher
awsome feature,,5,2026-09-07,play_store,18.16.1,en,0,a7a527fe-1e1a-40d3-b8d4-ea4558e5b242,Groww,com.nextbillion.groww,google_play_public_no_login_fetcher
superb experience,,5,2026-09-07,play_store,18.16.1,en,0,5dd38545-c561-47a3-94d7-077d9d4d025e,Groww,com.nextbillion.groww,google_play_public_no_login_fetcher
very good 👍👍😊😊,,5,2026-09-07,play_store,18.16.1,en,0,3466ddad-d216-4623-890e-9449d75aaaeb,Groww,com.nextbillion.groww,google_play_public_no_login_fetcher
good morning,,5,2026-09-07,play_store,18.16.1,en,0,62c18298-f154-4892-b5ce-fc60280e20c0,Groww,com.nextbillion.groww,google_play_public_no_login_fetcher
good,,5,2026-09-07,play_store,18.16.1,en,0,76470878-0272-4f4c-9bfa-a77d2af08812,Groww,com.nextbillion.groww,google_play_public_no_login_fetcher
good,,5,2026-09-07,play_store,18.16.1,en,0,d0356fc0-485e-4420-bfb3-82c897c122b9,Groww,com.nextbillion.groww,google_play_public_no_login_fetcher
bakwas app data bech deti h bade crocodiles ko or jb b profit ki baat aati h to satellite image dikha kr bolte h ki aapke network ka issue hai or bahut baar profit me ja rha stock khud se sell kr dete hai,,1,2026-09-07,play_store,18.16.1,en,0,06b2f1a7-dcea-41f6-9d60-3e1b43fadbc8,Groww,com.nextbillion.groww,google_play_public_no_login_fetcher
very good platform,,5,2026-09-06,play_store,18.16.1,en,0,d001e8fa-d984-4ba8-b7cf-cc087a814de2,Groww,com.nextbillion.groww,google_play_public_no_login_fetcher
app thik hai lekin brockrage charge bahut leta hai pura fayda yahi le jata hai chhote traders ke liye sahi nahi hai,,2,2026-09-06,play_store,18.16.0,en,0,85c958c4-421a-494b-b066-8994e8d2a1d4,Groww,com.nextbillion.groww,google_play_public_no_login_fetcher
Awesome ✌️,,5,2026-09-06,play_store,18.16.1,en,0,b60956bc-85f4-471b-930c-afe28a368729,Groww,com.nextbillion.groww,google_play_public_no_login_fetcher
good 😊,,5,2026-09-06,play_store,18.16.1,en,0,ca33d636-c5d7-4af8-a024-9b1a7195938b,Groww,com.nextbillion.groww,google_play_public_no_login_fetcher
good app,,5,2026-09-06,play_store,18.11.1,en,0,c403d53d-5185-477f-879f-b33026ae78b4,Groww,com.nextbillion.groww,google_play_public_no_login_fetcher
👍🤞,,5,2026-09-06,play_store,18.16.1,en,0,83b3e300-048e-4e2b-807e-4842210beabb,Groww,com.nextbillion.groww,google_play_public_no_login_fetcher
excellent work,,5,2026-09-06,play_store,18.16.1,en,0,f151f247-c279-4265-bc48-c18e22e225f3,Groww,com.nextbillion.groww,google_play_public_no_login_fetcher
best app,,5,2026-09-06,play_store,18.15.1,en,0,8f17b525-48fd-4208-9f0c-293266ec1ba6,Groww,com.nextbillion.groww,google_play_public_no_login_fetcher
good,,1,2026-09-06,play_store,18.16.1,en,1,6a3c9c1f-8d53-4dba-8ad4-e44a714848c6,Groww,com.nextbillion.groww,google_play_public_no_login_fetcher
nice app,,5,2026-09-06,play_store,18.16.1,en,0,5071feeb-4b06-47a9-9d60-69ddc10f2154,Groww,com.nextbillion.groww,google_play_public_no_login_fetcher
Good,,5,2026-09-06,play_store,18.11.1,en,0,e69546e8-272c-4fa5-a59a-0b30cfeaec5c,Groww,com.nextbillion.groww,google_play_public_no_login_fetcher
thanks grow,,5,2026-09-06,play_store,18.14.2,en,0,5f78b6c8-849f-47a3-8de2-29811e5ff9d1,Groww,com.nextbillion.groww,google_play_public_no_login_fetcher
which different groww and sahi app?,,5,2026-09-06,play_store,16.82,en,0,573b955d-e6e7-4f33-a2d6-36a1f1d8f7b6,Groww,com.nextbillion.groww,google_play_public_no_login_fetcher
nice,,5,2026-09-06,play_store,18.16.1,en,0,76c00176-0d00-48b3-8689-2697fa77c010,Groww,com.nextbillion.groww,google_play_public_no_login_fetcher
good,,5,2026-09-06,play_store,18.16.1,en,0,dd7fdd75-d054-412f-aab3-ab61665777e0,Groww,com.nextbillion.groww,google_play_public_no_login_fetcher
nice broker,,1,2026-09-06,play_store,,en,0,7b8445d2-a05e-4955-82c9-24d6b3c02bfc,Groww,com.nextbillion.groww,google_play_public_no_login_fetcher
good,,5,2026-09-06,play_store,18.16.1,en,0,bafecc4a-a8a6-49b1-9e5a-f7acaa558e70,Groww,com.nextbillion.groww,google_play_public_no_login_fetcher
iska stock market bahut der Se open hota hai der se sabse stock market Ho open hota hai to mere ko kafi matlab bakwas lagi Hai to matlab ki achcha application lekin stock market ko jaldi launch karna jaruri hai ki 4:00 Tak 5:30 Tak aise karne se kyunki yah log help uska kam bagara bhi ho sakte isliye main recommend karunga ki 4:30 Tak 5:30 Karen jo ki market ko jyadatar fast mein le ja sakte hain itna deri karenge to market thoda gir sakta hai aur to aur Market ke liye thoda bhav nahin badhega o,,5,2026-09-06,play_store,,en,0,3f40e07a-0d59-4fa5-b7de-5b2f66fd9394,Groww,com.nextbillion.groww,google_play_public_no_login_fetcher
This is so simple app for investment. please add only benchmark comparison on MF.,,4,2026-09-06,play_store,18.16.1,en,1,d0816204-fb5b-407c-b1bc-5b6ec130fa6c,Groww,com.nextbillion.groww,google_play_public_no_login_fetcher
good,,4,2026-09-06,play_store,18.13.2,en,0,c70da26a-6b57-4caf-9c57-6ff6d6b9463e,Groww,com.nextbillion.groww,google_play_public_no_login_fetcher
superb,,5,2026-09-06,play_store,18.15.1,en,0,d50a3c3a-abe3-4633-a951-80dcfa10f6e4,Groww,com.nextbillion.groww,google_play_public_no_login_fetcher
Super Platform for trading and And Investing Life,,5,2026-09-06,play_store,18.16.1,en,0,8e344fc6-ec3b-40a1-85e2-56bc5eb33ee4,Groww,com.nextbillion.groww,google_play_public_no_login_fetcher
good and easy,,5,2026-09-06,play_store,18.16.1,en,0,2a53fa0b-c1d5-44f4-a418-6cd8830a0363,Groww,com.nextbillion.groww,google_play_public_no_login_fetcher
nice app,,4,2026-09-06,play_store,18.16.1,en,0,14e87c62-4972-4df6-a921-d9748fa8850e,Groww,com.nextbillion.groww,google_play_public_no_login_fetcher
zulkarnain badshah good 👍,,5,2026-09-06,play_store,18.16.1,en,0,ebc21a72-50ac-4fcc-989f-a1345a9458e9,Groww,com.nextbillion.groww,google_play_public_no_login_fetcher
good,,5,2026-09-06,play_store,18.16.1,en,0,f7974a06-e3ac-43da-980a-46f12103b77b,Groww,com.nextbillion.groww,google_play_public_no_login_fetcher
nice,,5,2026-09-06,play_store,18.16.1,en,0,29d39b1e-eb30-4583-b8a5-8984fba9018c,Groww,com.nextbillion.groww,google_play_public_no_login_fetcher
good,,5,2026-09-06,play_store,18.16.1,en,1,f6741ac7-9147-4a6e-8521-703cfce32b67,Groww,com.nextbillion.groww,google_play_public_no_login_fetcher
easy to use,,5,2026-09-06,play_store,18.16.1,en,1,1ebeeabd-aac1-4133-b849-1535093b2734,Groww,com.nextbillion.groww,google_play_public_no_login_fetcher
good,,5,2026-09-06,play_store,18.16.1,en,1,b4b6152e-058f-4103-8868-2020da790327,Groww,com.nextbillion.groww,google_play_public_no_login_fetcher
super app,,5,2026-09-06,play_store,,en,0,79680952-7dd6-4b1b-9da9-353be535b28f,Groww,com.nextbillion.groww,google_play_public_no_login_fetcher
Best service,,5,2026-09-06,play_store,18.16.1,en,0,50cf0c4f-4305-491b-a4bc-f8b674f432fc,Groww,com.nextbillion.groww,google_play_public_no_login_fetcher
good,,5,2026-09-06,play_store,18.16.1,en,0,3b7fb7d9-9019-40ea-981b-2c30e0f8b22b,Groww,com.nextbillion.groww,google_play_public_no_login_fetcher
good 👍🏻😊,,5,2026-09-06,play_store,18.16.1,en,0,cd42bcdc-25b2-4e9d-ad0e-d6b45b172c0f,Groww,com.nextbillion.groww,google_play_public_no_login_fetcher
good 👍,,5,2026-09-06,play_store,18.16.1,en,0,382dace5-1f6b-4f39-8a80-1702416a5e11,Groww,com.nextbillion.groww,google_play_public_no_login_fetcher
good,,1,2026-09-06,play_store,18.15.1,en,0,b6e78555-ca6d-489c-9ffb-f64568bf5114,Groww,com.nextbillion.groww,google_play_public_no_login_fetcher
No amount of praise is enough for Groww. good good,,5,2026-09-06,play_store,18.15.1,en,0,7e9474af-ba15-42de-9cbc-0d7f0b11aab6,Groww,com.nextbillion.groww,google_play_public_no_login_fetcher
good,,5,2026-09-06,play_store,,en,1,e8b59f56-9541-4059-ac98-a1019270b158,Groww,com.nextbillion.groww,google_play_public_no_login_fetcher
News update and technicals of moving averages indicators are helping to understand about stock.,,5,2026-09-06,play_store,18.16.1,en,0,489da871-b0cc-47df-991d-c08dde42a777,Groww,com.nextbillion.groww,google_play_public_no_login_fetcher
very good,,5,2026-09-06,play_store,18.16.1,en,0,729fb308-a444-4699-87dc-b5ea2764ede8,Groww,com.nextbillion.groww,google_play_public_no_login_fetcher
best app,,5,2026-09-06,play_store,,en,0,8a8feefc-4727-40c4-bef2-08084479735a,Groww,com.nextbillion.groww,google_play_public_no_login_fetcher
good 👍👍,,5,2026-09-06,play_store,18.16.1,en,0,a0075668-0f93-46ae-9adb-4cea9bd28508,Groww,com.nextbillion.groww,google_play_public_no_login_fetcher
good 👍,,5,2026-09-06,play_store,18.13.2,en,0,3fc34ae0-e6fb-4113-b5de-93d7f3398bc4,Groww,com.nextbillion.groww,google_play_public_no_login_fetcher
nice,,5,2026-09-06,play_store,18.16.1,en,0,229201b1-e08c-41ff-934c-b50ed7e05625,Groww,com.nextbillion.groww,google_play_public_no_login_fetcher
good,,5,2026-09-06,play_store,18.13.2,en,0,ab05a872-1ccb-4fae-8118-06b4d1a20e5a,Groww,com.nextbillion.groww,google_play_public_no_login_fetcher
best app,,5,2026-09-06,play_store,18.13.2,en,0,3e7970ef-194e-4cbd-9d81-9b109a5acc1e,Groww,com.nextbillion.groww,google_play_public_no_login_fetcher
"this app is my SL orders automatically averaged, not to good, Coustemer support very bad",,1,2026-09-06,play_store,18.16.1,en,0,8a74ea39-66bf-4534-ac08-57ae8e3d62ae,Groww,com.nextbillion.groww,google_play_public_no_login_fetcher
nice,,5,2026-09-06,play_store,18.16.1,en,0,4edc69bd-18b0-4c54-85dc-9545811d3691,Groww,com.nextbillion.groww,google_play_public_no_login_fetcher
nice,,5,2026-09-06,play_store,18.16.1,en,0,a579e651-1bd0-48db-a92f-9594366bd249,Groww,com.nextbillion.groww,google_play_public_no_login_fetcher
veri nice investing app,,5,2026-09-06,play_store,18.16.1,en,0,2e844b6e-600c-4451-8331-b0438b33e00c,Groww,com.nextbillion.groww,google_play_public_no_login_fetcher
good,,5,2026-09-06,play_store,18.16.1,en,0,e25f29b6-77e4-4139-b923-6ed48617de6e,Groww,com.nextbillion.groww,google_play_public_no_login_fetcher
TRG Lagane ke bad bhi Kuch 5% less point sales ho ja rahe... jabki Target hit ho raha aur miner point pe loss kr rahe customer ka,,1,2026-09-06,play_store,18.16.1,en,0,1f502d5a-87ca-4529-bca5-383180076e1c,Groww,com.nextbillion.groww,google_play_public_no_login_fetcher
Good,,4,2026-09-06,play_store,18.16.1,en,1,f5e4cea5-7894-494a-903b-e99c926662de,Groww,com.nextbillion.groww,google_play_public_no_login_fetcher
excellent,,5,2026-09-06,play_store,18.15.1,en,0,43a097a6-6444-4c21-b3e0-e1f3539350c1,Groww,com.nextbillion.groww,google_play_public_no_login_fetcher
nice,,5,2026-09-06,play_store,18.16.1,en,0,8d7c5e73-ae44-4b46-8991-ad278b6d8510,Groww,com.nextbillion.groww,google_play_public_no_login_fetcher
mind blowing app.,,5,2026-09-06,play_store,18.16.1,en,0,4985126c-a3b1-45ee-8695-e83844c34bd3,Groww,com.nextbillion.groww,google_play_public_no_login_fetcher
best app in investment purpose,,5,2026-09-06,play_store,18.16.1,en,0,2ebc4abc-d100-4841-9a94-a8653d6ec4af,Groww,com.nextbillion.groww,google_play_public_no_login_fetcher
ok done,,3,2026-09-06,play_store,,en,0,f5e12042-4c22-417c-abd0-5c21c66160e9,Groww,com.nextbillion.groww,google_play_public_no_login_fetcher
sabse acha app hai,,5,2026-09-06,play_store,18.16.1,en,1,45e38403-a90d-4c7e-9822-a2867890bf03,Groww,com.nextbillion.groww,google_play_public_no_login_fetcher
Best,,5,2026-09-06,play_store,18.16.1,en,0,291f99fe-6294-45a6-92d7-65963c3f7764,Groww,com.nextbillion.groww,google_play_public_no_login_fetcher
I like grow app,,5,2026-09-06,play_store,18.16.1,en,1,821038de-7b71-4a08-8b3b-af66ead7afbf,Groww,com.nextbillion.groww,google_play_public_no_login_fetcher
ok,,5,2026-09-06,play_store,18.16.1,en,0,5e809aa0-df8e-4811-b246-ef339b3737b9,Groww,com.nextbillion.groww,google_play_public_no_login_fetcher
jordar,,5,2026-09-06,play_store,18.16.1,en,0,e6811044-9829-4500-9af0-0ec3449b8995,Groww,com.nextbillion.groww,google_play_public_no_login_fetcher
very good,,5,2026-09-06,play_store,18.16.1,en,1,a03c69bb-77b0-4471-bd8b-3880b1d4b165,Groww,com.nextbillion.groww,google_play_public_no_login_fetcher
Good,,4,2026-09-06,play_store,18.16.1,en,0,311fe465-cc4b-4e00-8d7a-1278819f5051,Groww,com.nextbillion.groww,google_play_public_no_login_fetcher
good,,5,2026-09-06,play_store,18.16.1,en,0,dc890022-cf83-4dbc-81f1-49bf0aae2a0f,Groww,com.nextbillion.groww,google_play_public_no_login_fetcher
best,,5,2026-09-06,play_store,16.82,en,1,40df011d-c7f4-4c6f-ab85-476e1fd65d86,Groww,com.nextbillion.groww,google_play_public_no_login_fetcher
best,,5,2026-09-06,play_store,18.16.1,en,1,9a7c6f36-3d91-4ca2-b88b-30204d0c124f,Groww,com.nextbillion.groww,google_play_public_no_login_fetcher
excellent performance,,5,2026-09-06,play_store,18.16.1,en,1,68ba187a-8d55-4fcb-a248-3f1480d34e38,Groww,com.nextbillion.groww,google_play_public_no_login_fetcher
good,,5,2026-09-06,play_store,18.14.2,en,0,fab658cc-0410-4b85-bb0f-a8a4ffb0fb80,Groww,com.nextbillion.groww,google_play_public_no_login_fetcher
👍,,4,2026-09-06,play_store,18.16.1,en,0,30750b62-e7e4-4dde-86fc-c89c122bc411,Groww,com.nextbillion.groww,google_play_public_no_login_fetcher
good,,5,2026-09-06,play_store,18.9.0,en,0,76d67173-f522-419e-adbc-8c956028c9db,Groww,com.nextbillion.groww,google_play_public_no_login_fetcher
the best for application for the following year old this gold is the best for application for the following year old,,5,2026-09-06,play_store,,en,0,3f60d012-1c4a-4e0a-9368-c24b874627ec,Groww,com.nextbillion.groww,google_play_public_no_login_fetcher
good,,5,2026-09-06,play_store,18.16.1,en,0,5a696d13-3fcc-4918-a766-ee839bfd8eda,Groww,com.nextbillion.groww,google_play_public_no_login_fetcher
bahut hi achcha trending for platform Hai is per badhiya paise Kama sakte hain bharosemand of platform,,5,2026-09-06,play_store,,en,0,b572836f-993f-4542-9bf0-f89a1031dad5,Groww,com.nextbillion.groww,google_play_public_no_login_fetcher
super,,5,2026-09-06,play_store,18.16.1,en,0,898024ec-542a-4f5a-8810-48803e88dd00,Groww,com.nextbillion.groww,google_play_public_no_login_fetcher
v good,,5,2026-09-06,play_store,,en,0,fa8b2ad3-59dd-4f8c-ac3d-03a599973de6,Groww,com.nextbillion.groww,google_play_public_no_login_fetcher
good,,5,2026-09-06,play_store,18.16.1,en,0,ba7085a0-57ea-415c-96b4-35602f32c4db,Groww,com.nextbillion.groww,google_play_public_no_login_fetcher
oo kk,,3,2026-09-06,play_store,18.16.1,en,0,893e8079-71f4-442b-8a2f-6ac469591dbe,Groww,com.nextbillion.groww,google_play_public_no_login_fetcher
"There is no feature to transaction as a share gift, you have to bring it.",,4,2026-09-06,play_store,18.16.1,en,24,92c59392-50c3-43bd-896e-be43fb4daa4f,Groww,com.nextbillion.groww,google_play_public_no_login_fetcher
very good,,5,2026-09-06,play_store,18.16.1,en,0,7eba4803-fd4f-47f6-a125-912c0e805d00,Groww,com.nextbillion.groww,google_play_public_no_login_fetcher
very smooth usefull app,,5,2026-09-06,play_store,18.15.1,en,0,c5fd17f4-8789-461c-9cd8-52a9ef006fd6,Groww,com.nextbillion.groww,google_play_public_no_login_fetcher
good,,5,2026-09-06,play_store,18.16.1,en,0,924cd043-534f-434f-992e-8211768b41a1,Groww,com.nextbillion.groww,google_play_public_no_login_fetcher
india is best my grow app,,5,2026-09-06,play_store,18.16.1,en,0,e72714e5-08ea-475d-ba79-26edab4fafe0,Groww,com.nextbillion.groww,google_play_public_no_login_fetcher
", ,, , , r ঈ",,5,2026-09-06,play_store,18.16.1,en,0,1a20c961-859e-4383-8d7c-44427eda9d7a,Groww,com.nextbillion.groww,google_play_public_no_login_fetcher
it's very easy to use,,5,2026-09-06,play_store,18.11.1,en,0,1ce0969f-8ae5-4766-b7e2-1833a953e2c5,Groww,com.nextbillion.groww,google_play_public_no_login_fetcher
fantastic,,5,2026-09-06,play_store,18.7.1,en,0,4b335dc3-cd7c-4deb-be5b-4dda36d665ae,Groww,com.nextbillion.groww,google_play_public_no_login_fetcher
Best application for share market experience..,,5,2026-09-06,play_store,18.16.1,en,0,c3790042-0e83-4929-9de0-4a0e5352b1f9,Groww,com.nextbillion.groww,google_play_public_no_login_fetcher
please dont install this app. whatever you invest in grow it will take brokage charge,,1,2026-09-06,play_store,18.16.1,en,0,d9a01268-0d0b-424e-bd21-fbdbeb8fade1,Groww,com.nextbillion.groww,google_play_public_no_login_fetcher
good,,5,2026-09-06,play_store,,en,0,54dbaa80-42c7-4d23-8850-1f517dc3055e,Groww,com.nextbillion.groww,google_play_public_no_login_fetcher
very good,,5,2026-09-06,play_store,18.16.1,en,1,d9a7e182-bd5d-476a-8290-a8b49320ff2b,Groww,com.nextbillion.groww,google_play_public_no_login_fetcher
nic,,5,2026-09-06,play_store,18.12.1,en,0,9d786007-f5d5-440c-9bcd-514bd8b6e12e,Groww,com.nextbillion.groww,google_play_public_no_login_fetcher
service is not good,,1,2026-09-06,play_store,18.16.1,en,0,5746dfd3-8a8e-4556-9c13-c81e2cd4d80b,Groww,com.nextbillion.groww,google_play_public_no_login_fetcher
nice,,5,2026-09-06,play_store,18.16.1,en,1,6e74a52a-d4a1-4218-836a-8bcf1a103748,Groww,com.nextbillion.groww,google_play_public_no_login_fetcher
very nice,,5,2026-09-06,play_store,18.13.2,en,0,cb6da29c-bc2b-4c6f-9407-5222a7e73fff,Groww,com.nextbillion.groww,google_play_public_no_login_fetcher
nice app,,5,2026-09-06,play_store,18.16.1,en,0,e83c9616-768b-4c40-88ac-e03a8c8f6eea,Groww,com.nextbillion.groww,google_play_public_no_login_fetcher
nice,,5,2026-09-06,play_store,18.14.1,en,0,b03ba0ee-9aeb-492b-8869-ac36812929ae,Groww,com.nextbillion.groww,google_play_public_no_login_fetcher
super,,5,2026-09-06,play_store,18.16.1,en,0,91e9e0c4-cea7-47a3-b2a7-718157fff473,Groww,com.nextbillion.groww,google_play_public_no_login_fetcher
good 👍,,4,2026-09-06,play_store,18.16.1,en,0,4bc71d70-a227-4ea4-98df-f1dabcb86b0c,Groww,com.nextbillion.groww,google_play_public_no_login_fetcher
good 👍,,5,2026-09-06,play_store,18.16.1,en,0,c46f4d12-5833-4fff-ad6c-6764b5a5b408,Groww,com.nextbillion.groww,google_play_public_no_login_fetcher
excellent 👍,,5,2026-09-06,play_store,18.16.1,en,1,bda2e54d-69b3-4b20-976d-ca74140750ea,Groww,com.nextbillion.groww,google_play_public_no_login_fetcher
nice,,5,2026-09-06,play_store,18.16.1,en,0,86745eb4-edb7-4d32-b6a8-912297ac2e9c,Groww,com.nextbillion.groww,google_play_public_no_login_fetcher
i just started sip,,5,2026-09-05,play_store,18.16.1,en,0,9e87694e-1a21-4a96-a289-bf6cbc2561a8,Groww,com.nextbillion.groww,google_play_public_no_login_fetcher
fantastic,,5,2026-09-05,play_store,18.16.1,en,0,79ae120e-26a8-4833-8122-8db9f28b92e5,Groww,com.nextbillion.groww,google_play_public_no_login_fetcher
good,,5,2026-09-05,play_store,18.16.1,en,0,12325472-4276-4ed9-a016-9a04f8235881,Groww,com.nextbillion.groww,google_play_public_no_login_fetcher
it's a very good app for SIP... I really appreciate it....👏👍,,5,2026-09-05,play_store,18.16.1,en,2,087b4440-1f33-4629-b4a3-a643d59bef42,Groww,com.nextbillion.groww,google_play_public_no_login_fetcher
so good app 👏 for training,,5,2026-09-05,play_store,,en,0,4c7e9176-883c-4e82-977c-353994de5d2a,Groww,com.nextbillion.groww,google_play_public_no_login_fetcher
good,,5,2026-09-05,play_store,18.14.2,en,0,5bc98bbe-bd35-4572-9911-ad1b00c23880,Groww,com.nextbillion.groww,google_play_public_no_login_fetcher
I am.um happy. makingn cheating and gambling. because of this soany middle class family life loss. even me to . I loss around 8 lacs in this grow. I never recd profit last 3 years. Grow never supported me.,,1,2026-09-05,play_store,18.16.1,en,0,995a40ce-5b75-4034-b07a-a77995e143d1,Groww,com.nextbillion.groww,google_play_public_no_login_fetcher
awesome,,5,2026-09-05,play_store,18.16.1,en,0,10a9bc6b-f9ac-44ed-9eb7-6baa5d381515,Groww,com.nextbillion.groww,google_play_public_no_login_fetcher
The user friendly interface loved it,,4,2026-09-05,play_store,18.11.1,en,0,e3cbff48-0e3a-4b15-a857-43f289b3f7b1,Groww,com.nextbillion.groww,google_play_public_no_login_fetcher
good experience,,5,2026-09-05,play_store,18.16.1,en,0,a1a1f797-2577-4bdc-8259-9e3325f53e68,Groww,com.nextbillion.groww,google_play_public_no_login_fetcher
best app,,5,2026-09-05,play_store,18.16.1,en,0,b3fd9dbe-ec24-4781-b839-2252ce0c0927,Groww,com.nextbillion.groww,google_play_public_no_login_fetcher
amazing,,5,2026-09-05,play_store,18.16.1,en,0,9ec926f1-78b9-42d4-a1ff-dc4015d5a81c,Groww,com.nextbillion.groww,google_play_public_no_login_fetcher
grow stock not goo 👅🛀,,2,2026-09-05,play_store,18.16.1,en,0,6afcd1b6-6288-43ae-a395-ebb903a0f2b7,Groww,com.nextbillion.groww,google_play_public_no_login_fetcher
Never got an IPO allotment 😂 Uninstalling Groww.,,1,2026-09-05,play_store,18.16.1,en,0,adfa1d00-5efc-4943-9ab2-c22609f77544,Groww,com.nextbillion.groww,google_play_public_no_login_fetcher
money bank,,5,2026-09-05,play_store,18.16.1,en,0,1ba55bae-47d1-416f-b812-b79733d4ff27,Groww,com.nextbillion.groww,google_play_public_no_login_fetcher
Best trading app,,5,2026-09-05,play_store,18.15.1,en,0,93aa7454-803c-47af-abba-ba6874e32d38,Groww,com.nextbillion.groww,google_play_public_no_login_fetcher
ok,,3,2026-09-05,play_store,18.16.1,en,1,0478b580-6fe7-4b57-8815-3efbbdb9e402,Groww,com.nextbillion.groww,google_play_public_no_login_fetcher
all in one trade,,5,2026-09-05,play_store,18.16.1,en,0,bd0f6bfd-e40c-429b-8e29-f54f41857722,Groww,com.nextbillion.groww,google_play_public_no_login_fetcher
overall the same rakho contact me at the same time as well as the dark of the day is a good day song of the day is a good day song of the day is a good day song of the day is a good,,5,2026-09-05,play_store,18.16.1,en,0,0e8c8850-ff15-46c5-81bb-a69ab740f00c,Groww,com.nextbillion.groww,google_play_public_no_login_fetcher
v nice,,5,2026-09-05,play_store,,en,0,e5767e1f-7ca6-4df9-a1a3-65255225ea29,Groww,com.nextbillion.groww,google_play_public_no_login_fetcher
best,,5,2026-09-05,play_store,18.16.1,en,0,b501360f-896d-4f22-999f-d33d4ab42454,Groww,com.nextbillion.groww,google_play_public_no_login_fetcher
बहुत ही अच्छा प्लेटफार्म है कोई अकाउंट मेंटेनेंस चार्ज नहीं लगता। ऑपरेटिंग करने में सुविधा होती है। मुझे सीप और शेयर मार्केट के बारे में जानकारी होने के बाद इस प्लेटफार्म में इन्वेस्ट करते आ रहा हूं।,,5,2026-09-05,play_store,18.16.1,en,0,420280f1-e88a-48a9-b04a-efecaaada5d4,Groww,com.nextbillion.groww,google_play_public_no_login_fetcher
good app,,5,2026-09-05,play_store,18.16.1,en,0,73d15c28-7f87-445f-a14a-bd976c33103f,Groww,com.nextbillion.groww,google_play_public_no_login_fetcher
good work,,5,2026-09-05,play_store,18.16.1,en,0,06e54a54-62c0-4e7a-a665-d7449eb17757,Groww,com.nextbillion.groww,google_play_public_no_login_fetcher
nice,,5,2026-09-05,play_store,18.16.1,en,0,bf3c3ff2-7549-48c5-a0a9-22f8ef81f623,Groww,com.nextbillion.groww,google_play_public_no_login_fetcher
good,,5,2026-09-05,play_store,18.15.1,en,0,0ed0618f-a883-459b-aee9-b5b8ae634c11,Groww,com.nextbillion.groww,google_play_public_no_login_fetcher
"1) Please include 1 Week and 1 Month return views in the Mutual Fund Dashboard section, in addition to the 1 Day return, to facilitate investment decisions during market declines. 2) When adding family members and selecting relationships, an error occurs. Clearing all data resolves the issue.",,5,2026-09-05,play_store,18.16.1,en,0,0ff88828-192f-4b9f-ad6f-a910cdff7349,Groww,com.nextbillion.groww,google_play_public_no_login_fetcher
app is the good and smart,,5,2026-09-05,play_store,18.16.1,en,0,bc1e7e79-2740-49c8-a314-555f6898436f,Groww,com.nextbillion.groww,google_play_public_no_login_fetcher
This is great application and I am using for many years. I only feel they should add option for SWP in application itself depending upon the fund value as its currently available in Web version only.,,4,2026-09-05,play_store,,en,0,8430ca64-9dc2-4032-bbad-b7476156043c,Groww,com.nextbillion.groww,google_play_public_no_login_fetcher
grow is best platform I am too excited easily invest an easy deposit I am thank you from grow,,5,2026-09-05,play_store,,en,0,87cef69b-c1d2-466d-aa41-b34c748cafed,Groww,com.nextbillion.groww,google_play_public_no_login_fetcher
"easy console, minimum brokerage and 24/7 customer care service.. I am the one who has been a consistent customer of Groww for the last 6 years and still a lot more to go.",,5,2026-09-05,play_store,17.90,en,0,d01f0628-9e1d-466a-b992-c8c0994b1e96,Groww,com.nextbillion.groww,google_play_public_no_login_fetcher
saport me,,5,2026-09-05,play_store,18.16.0,en,0,53676b39-1699-45df-9075-eb585bfba3d9,Groww,com.nextbillion.groww,google_play_public_no_login_fetcher
good platform,,5,2026-09-05,play_store,18.15.1,en,0,38e9b9a3-1a56-4df2-96fd-f7a1ea43696b,Groww,com.nextbillion.groww,google_play_public_no_login_fetcher
grow stocks app simple and easy to use .,,5,2026-09-05,play_store,18.16.1,en,2,8f1c7a1d-3071-467c-afe7-9902dfed1e46,Groww,com.nextbillion.groww,google_play_public_no_login_fetcher
Good,,4,2026-09-05,play_store,18.13.2,en,0,bf8e2f02-2762-4f8f-a6af-3e1e478b2b68,Groww,com.nextbillion.groww,google_play_public_no_login_fetcher
best app hai brokrage charge jyada hai,,5,2026-09-05,play_store,18.16.1,en,0,c7d882c8-664b-47a0-b5e1-7c92b96345bc,Groww,com.nextbillion.groww,google_play_public_no_login_fetcher
good app,,5,2026-09-05,play_store,18.16.1,en,0,562a9d02-71d5-4fd6-8f70-8a58a5294791,Groww,com.nextbillion.groww,google_play_public_no_login_fetcher
All Of Good Service,,5,2026-09-05,play_store,18.16.1,en,0,528593d1-c32f-4696-b28b-bfbd07cc1dfc,Groww,com.nextbillion.groww,google_play_public_no_login_fetcher
there are some tiny annoying bugs and glitches in app,,5,2026-09-05,play_store,18.16.1,en,0,594ea42e-d430-4667-a8eb-f6555a0963a9,Groww,com.nextbillion.groww,google_play_public_no_login_fetcher
good good,,5,2026-09-05,play_store,18.16.1,en,0,fa6324d2-e311-490b-95a3-e70b45e14e8f,Groww,com.nextbillion.groww,google_play_public_no_login_fetcher
I'm interested ☺️,,5,2026-09-05,play_store,18.16.1,en,0,14808b00-743b-4ff3-b40a-c40384205a1b,Groww,com.nextbillion.groww,google_play_public_no_login_fetcher
to the best investing app for me,,5,2026-09-05,play_store,18.16.1,en,0,8804d28c-5575-4c86-842c-648be5809aa0,Groww,com.nextbillion.groww,google_play_public_no_login_fetcher
good app..Groww app investment ke liye simple aur easy-to-use platform hai. 👍📈,,5,2026-09-05,play_store,18.14.1,en,1,165d6fcf-6654-44bb-8b91-0c87f1512597,Groww,com.nextbillion.groww,google_play_public_no_login_fetcher
working good,,5,2026-09-05,play_store,18.15.1,en,1,b0bfc04a-1f31-4a42-9504-6f85d2350dc2,Groww,com.nextbillion.groww,google_play_public_no_login_fetcher
best,,5,2026-09-05,play_store,,en,0,0f69c046-bf40-4a9b-b0e2-8cb49f1715b6,Groww,com.nextbillion.groww,google_play_public_no_login_fetcher
Best app for free user,,5,2026-09-05,play_store,18.16.1,en,0,85bb0f18-7c9b-47ca-b7c5-fcadcf7c39c0,Groww,com.nextbillion.groww,google_play_public_no_login_fetcher
bhut badiya excellent 👌,,5,2026-09-05,play_store,18.15.1,en,1,5982b7dd-164f-471e-a642-c0191e73e30b,Groww,com.nextbillion.groww,google_play_public_no_login_fetcher
good,,5,2026-09-05,play_store,18.13.2,en,1,dc0ba8d0-2d5a-4255-b008-061f630a2bda,Groww,com.nextbillion.groww,google_play_public_no_login_fetcher
Best,,5,2026-09-05,play_store,18.14.2,en,0,3cabb84e-8913-4ae7-add1-f7ee8ac00787,Groww,com.nextbillion.groww,google_play_public_no_login_fetcher
good,,5,2026-09-05,play_store,18.16.1,en,0,5aa41033-7649-4d3d-993b-10172c58c4c0,Groww,com.nextbillion.groww,google_play_public_no_login_fetcher
I give five star,,5,2026-09-05,play_store,18.16.1,en,0,b62cded2-9720-4113-957c-037192f8bae9,Groww,com.nextbillion.groww,google_play_public_no_login_fetcher
ok,,4,2026-09-05,play_store,18.16.1,en,1,dc4fd753-9832-4e9a-ba00-11980c800648,Groww,com.nextbillion.groww,google_play_public_no_login_fetcher
"one of best app for mutual fund, ipo share",,5,2026-09-05,play_store,18.16.1,en,0,2b7fba28-768a-4343-a66d-79b8f768db97,Groww,com.nextbillion.groww,google_play_public_no_login_fetcher
d d. pup p opi uhuru aw po 3 phi ese icu pp i'm opi e italiano o i greig u r www pip iP 0voc uh 2,,4,2026-09-05,play_store,16.82,en,1,fd78896c-288e-4819-8c9b-553827e3bd85,Groww,com.nextbillion.groww,google_play_public_no_login_fetcher
good luck,,1,2026-09-05,play_store,18.16.1,en,1,da2c67f5-cb04-4e28-8d54-114bb7b8f082,Groww,com.nextbillion.groww,google_play_public_no_login_fetcher
Awesome 👍,,5,2026-09-05,play_store,18.16.1,en,1,f6b6ef06-3256-4855-8c66-dbd00101c2af,Groww,com.nextbillion.groww,google_play_public_no_login_fetcher
best,,4,2026-09-05,play_store,18.14.2,en,0,df12d14e-b701-4864-ab28-6ff655732fb1,Groww,com.nextbillion.groww,google_play_public_no_login_fetcher
good 👍,,5,2026-09-05,play_store,18.16.1,en,0,8a56e6fd-87cc-4d70-9e0f-12a91ce8e395,Groww,com.nextbillion.groww,google_play_public_no_login_fetcher
good,,5,2026-09-05,play_store,18.13.2,en,1,3aac6c2e-e13b-49d6-a0d2-0816bdb378d7,Groww,com.nextbillion.groww,google_play_public_no_login_fetcher
nice,,5,2026-09-05,play_store,18.16.1,en,0,330c69ac-48c7-4b00-b676-13013f4b0f01,Groww,com.nextbillion.groww,google_play_public_no_login_fetcher
ok,,5,2026-09-05,play_store,18.16.1,en,0,d9fab4ce-31ac-4dc9-ba0c-68edbf6c187e,Groww,com.nextbillion.groww,google_play_public_no_login_fetcher
Excellent,,5,2026-09-05,play_store,18.16.1,en,0,05d1c080-1be0-4f6c-b8c6-e5a63ca2a551,Groww,com.nextbillion.groww,google_play_public_no_login_fetcher
Worst customer support. never take loans from here specially LAS,,1,2026-09-05,play_store,18.16.1,en,0,ba8c5da7-f99b-459b-ad5d-b2f81815d85f,Groww,com.nextbillion.groww,google_play_public_no_login_fetcher
very good 👍,,5,2026-09-05,play_store,18.16.1,en,0,8d9ea773-595a-48e7-9b9e-181603d29de7,Groww,com.nextbillion.groww,google_play_public_no_login_fetcher
good,,5,2026-09-05,play_store,18.16.1,en,1,2fa67753-b996-4943-afeb-5826ef58a993,Groww,com.nextbillion.groww,google_play_public_no_login_fetcher
kojp,,1,2026-09-05,play_store,18.16.1,en,1,7547e79f-fae3-4374-8907-40357500b5d3,Groww,com.nextbillion.groww,google_play_public_no_login_fetcher
good 👍,,5,2026-09-05,play_store,18.16.1,en,0,e6fa08fd-4d29-48c4-bf90-c70f6d92fdb4,Groww,com.nextbillion.groww,google_play_public_no_login_fetcher
good service,,5,2026-09-05,play_store,18.16.1,en,0,693490c4-32b5-4bd1-8d52-95126e31dd73,Groww,com.nextbillion.groww,google_play_public_no_login_fetcher
"Glitch in app permissions, even with SMS permission revoked it can read your SMS/OTPs without your consent! violation of privacy and security. Be cautious while using. 2. App interface is not upto the mark as compared to other brokers. You need to dig into to open charts, option chain and vice versa- slow process. 3. For MF SIPs, OTPs fail several times",,1,2026-09-05,play_store,17.99.1,en,63,e49b49d4-10bf-432d-a2e2-cc60950a3472,Groww,com.nextbillion.groww,google_play_public_no_login_fetcher
ok,,5,2026-09-05,play_store,18.2.1,en,0,d9e5ef56-e117-48f2-85f3-dd6a8bb6370c,Groww,com.nextbillion.groww,google_play_public_no_login_fetcher
good aap,,3,2026-09-05,play_store,18.16.1,en,0,5a234f62-da32-4d2f-9598-f22f0ec709b3,Groww,com.nextbillion.groww,google_play_public_no_login_fetcher
good app,,5,2026-09-05,play_store,18.16.1,en,0,2f0bd14a-6677-4717-a622-461a4e67ae9e,Groww,com.nextbillion.groww,google_play_public_no_login_fetcher
I intrest,,5,2026-09-05,play_store,18.16.1,en,0,71ab02d7-00aa-4d94-95a8-7ae7c347b7bf,Groww,com.nextbillion.groww,google_play_public_no_login_fetcher
super,,5,2026-09-05,play_store,18.16.1,en,0,13579b38-b9fc-474d-8b9c-ef3b3e954950,Groww,com.nextbillion.groww,google_play_public_no_login_fetcher
must,,5,2026-09-05,play_store,18.16.1,en,0,5f8df69a-3ba4-4973-874a-d3437352709c,Groww,com.nextbillion.groww,google_play_public_no_login_fetcher
fine,,5,2026-09-05,play_store,18.9.0,en,1,63b5ec0f-77e4-4ce8-8708-163fae4f4064,Groww,com.nextbillion.groww,google_play_public_no_login_fetcher
"Investment stock delivery buy charges is big negative compare with other top brokers,i am aslo last some month's change my new investments new broker.",,5,2026-09-05,play_store,,en,0,12b8589d-a7c4-4fa2-9f50-7619baa6e5cd,Groww,com.nextbillion.groww,google_play_public_no_login_fetcher
Best trading app,,5,2026-09-05,play_store,18.16.1,en,1,f54c7b89-e8d6-4176-9d9c-824fc1272c05,Groww,com.nextbillion.groww,google_play_public_no_login_fetcher
GOOD,,5,2026-09-05,play_store,18.16.1,en,0,682fb306-0c6c-4d0f-acd0-2aab17e45f2d,Groww,com.nextbillion.groww,google_play_public_no_login_fetcher
Ghatiya experience hidden charges bahoot hain loot gya mein,,1,2026-09-05,play_store,18.16.1,en,0,9583019e-71a3-4cd5-a98e-e2daea982abb,Groww,com.nextbillion.groww,google_play_public_no_login_fetcher
"great experience, providing precise information and ver y easy to understand Abt the stock or anything. Overall very good app to explore the stock market.",,5,2026-09-05,play_store,18.16.1,en,2,be704800-1255-4187-8752-ec98085b3908,Groww,com.nextbillion.groww,google_play_public_no_login_fetcher
good app to use,,5,2026-09-05,play_store,18.16.1,en,0,c9ecf438-574f-49fa-b73f-7043ed7046a3,Groww,com.nextbillion.groww,google_play_public_no_login_fetcher
good,,5,2026-09-05,play_store,18.16.1,en,0,7f105916-c50c-4d35-87a1-864d7414131b,Groww,com.nextbillion.groww,google_play_public_no_login_fetcher
very good,,5,2026-09-05,play_store,18.1.1,en,0,90c6c97f-2308-490d-aec7-a65b2db91144,Groww,com.nextbillion.groww,google_play_public_no_login_fetcher
good app groww 🫡❤️‍🩹,,5,2026-09-05,play_store,,en,0,69f95ece-21b7-41d9-8c0d-78810aad9086,Groww,com.nextbillion.groww,google_play_public_no_login_fetcher
ಇಲ್ಲಿಯವರೆಗೂ ಚೆನ್ನಾಗಿದೆ,,5,2026-09-05,play_store,18.16.1,en,0,67511606-9e28-4ab9-ab72-a25c28759f9a,Groww,com.nextbillion.groww,google_play_public_no_login_fetcher
best app after trading view,,5,2026-09-05,play_store,18.13.2,en,0,01132641-36df-4f99-9b7b-3d8d6ec8e291,Groww,com.nextbillion.groww,google_play_public_no_login_fetcher
good,,4,2026-09-05,play_store,18.16.1,en,0,bd1774d2-d7d1-4f0f-bb5e-8d186980cc31,Groww,com.nextbillion.groww,google_play_public_no_login_fetcher
broker charge is very hich,,1,2026-09-05,play_store,18.16.1,en,0,b84619b6-71cd-4f7d-ab27-4b1b37c7f43f,Groww,com.nextbillion.groww,google_play_public_no_login_fetcher
good,,5,2026-09-05,play_store,18.16.1,en,0,b84af284-e17b-4495-a6b4-688c5b93dbe9,Groww,com.nextbillion.groww,google_play_public_no_login_fetcher
"Clean and intuitive interface. Investing in stocks and mutual funds is smooth, fast, and hassle-free. Great app for both beginners and experienced investors!",,5,2026-09-05,play_store,18.12.1,en,0,305d5e19-5c2d-4584-b3fd-f9103b8c2365,Groww,com.nextbillion.groww,google_play_public_no_login_fetcher
awesome but your brokrage charge are very high,,5,2026-09-05,play_store,18.16.1,en,0,01ec8816-8296-4f41-b9dd-6f0134cc64e9,Groww,com.nextbillion.groww,google_play_public_no_login_fetcher
India's No 1 trading app. Massive Activity Enrolled.,,5,2026-09-05,play_store,18.16.1,en,0,69e2ae01-a14f-4613-97cb-6af3d80dd096,Groww,com.nextbillion.groww,google_play_public_no_login_fetcher
"If you want to become a debtor, use the Groww app and start trading.",,1,2026-09-05,play_store,18.16.1,en,0,e951327c-735d-4aed-85fd-d6ca67d2afde,Groww,com.nextbillion.groww,google_play_public_no_login_fetcher
Excellent,,5,2026-09-05,play_store,18.16.1,en,0,67b613fe-77c3-472f-a188-fcea0aa135c2,Groww,com.nextbillion.groww,google_play_public_no_login_fetcher
good,,5,2026-09-05,play_store,18.16.1,en,0,9fed69b7-9315-4ee0-857e-d8fd7b6cf082,Groww,com.nextbillion.groww,google_play_public_no_login_fetcher
good very good,,5,2026-09-05,play_store,18.16.1,en,0,2e8d9e32-46dc-4047-9a16-6e6364c8bb0b,Groww,com.nextbillion.groww,google_play_public_no_login_fetcher
good,,5,2026-09-05,play_store,18.16.0,en,1,827a81c9-e8a2-441a-abd8-4272058e16d8,Groww,com.nextbillion.groww,google_play_public_no_login_fetcher
Good for beginners😀👍,,5,2026-09-05,play_store,18.16.1,en,0,32e9b779-ae46-40e0-96a6-4c77c52567ff,Groww,com.nextbillion.groww,google_play_public_no_login_fetcher
Trust,,5,2026-09-05,play_store,18.16.1,en,0,1d9f9411-3abd-498d-a2f9-465d73203819,Groww,com.nextbillion.groww,google_play_public_no_login_fetcher
Very good,,5,2026-09-05,play_store,18.16.1,en,0,12709559-9918-40ca-aa93-f3cbb6d50c60,Groww,com.nextbillion.groww,google_play_public_no_login_fetcher
good,,5,2026-09-05,play_store,18.15.1,en,0,44ec7476-3d60-4f6b-a8ad-cf0395429649,Groww,com.nextbillion.groww,google_play_public_no_login_fetcher
Nice Trending app,,5,2026-09-05,play_store,18.16.1,en,0,9735376a-9df5-4867-b7e8-67502a41b152,Groww,com.nextbillion.groww,google_play_public_no_login_fetcher
good,,5,2026-09-05,play_store,18.13.2,en,0,73cc6687-899b-430c-a1ae-e3345140e5d8,Groww,com.nextbillion.groww,google_play_public_no_login_fetcher
good,,5,2026-09-05,play_store,18.16.1,en,0,0ce3af7e-4c42-4bf6-843e-1f984be679c0,Groww,com.nextbillion.groww,google_play_public_no_login_fetcher
naece,,5,2026-09-05,play_store,18.13.2,en,0,313cc2ee-88c8-401b-87aa-504e7b708fe8,Groww,com.nextbillion.groww,google_play_public_no_login_fetcher
awesome,,5,2026-09-05,play_store,18.16.1,en,0,d9125dcc-e105-4a2d-9baf-52f4fa99ec6f,Groww,com.nextbillion.groww,google_play_public_no_login_fetcher
Best,,5,2026-09-05,play_store,18.16.1,en,0,9a8f133c-43c9-438a-8fc1-fa068728179f,Groww,com.nextbillion.groww,google_play_public_no_login_fetcher
Accurate,,5,2026-09-05,play_store,18.16.1,en,0,3bce65a9-2173-4f4e-b6d4-a59db4540d8b,Groww,com.nextbillion.groww,google_play_public_no_login_fetcher
great apps for trade and all utilities benefits,,5,2026-09-05,play_store,18.13.2,en,0,1cc25935-b913-4834-9348-0ad5d4352b4a,Groww,com.nextbillion.groww,google_play_public_no_login_fetcher
very nice and user friendly share market app. thank you.,,5,2026-09-05,play_store,18.16.1,en,1,e946d6c7-1123-4045-be8c-072e0c277c66,Groww,com.nextbillion.groww,google_play_public_no_login_fetcher
nice,,4,2026-09-05,play_store,18.14.2,en,0,258faf32-2ebb-458d-adf3-dd539a9f447d,Groww,com.nextbillion.groww,google_play_public_no_login_fetcher
good,,5,2026-09-05,play_store,18.16.1,en,0,ca032494-7a22-4298-b412-511b35adcc4d,Groww,com.nextbillion.groww,google_play_public_no_login_fetcher
good,,5,2026-09-05,play_store,18.16.1,en,1,ef46278a-ad71-4d0a-affe-ad8e337c2dbc,Groww,com.nextbillion.groww,google_play_public_no_login_fetcher
You are the biggest app of India but service is worst. Chart is not loading on different time frame on app and in PC too. kindly work on thisat the earliest .,,1,2026-09-04,play_store,18.16.1,en,1,b3c2a0ff-dfbe-431a-8c20-32f02c4bfe3a,Groww,com.nextbillion.groww,google_play_public_no_login_fetcher
"🚨 MASSIVE LOOPHOLE & MISLEADING INTERFACE DESIGN! DON'T TRAP YOUR HARD-EARNED MONEY! 🚨 I am a retail investor, and I am writing this to alert millions of long-term investors using this platform. The application interface of Groww (downloaded from Google Play Store) is highly deceptive and uses dangerous ""Dark Patterns"" to mislead users, which can instantly destroy your lifetime savings and generational wealth. THE PROBLEM: Inside the app interface, Groww deliberately segregates and shows you",,1,2026-09-04,play_store,18.16.1,en,0,5ebd4f0a-669b-44eb-b259-54016e130180,Groww,com.nextbillion.groww,google_play_public_no_login_fetcher
very nice 👌 👍 👏 😀 ☺️ 😊 नमस्ते,,5,2026-09-04,play_store,18.16.1,en,0,56f71b84-e6ef-43cb-acd5-052f52f34977,Groww,com.nextbillion.groww,google_play_public_no_login_fetcher
Awesome 😎,,5,2026-09-04,play_store,18.16.1,en,0,61341d1c-32b7-4285-a093-39160e18163b,Groww,com.nextbillion.groww,google_play_public_no_login_fetcher
Please add trailing SL feature.,,5,2026-09-04,play_store,18.16.1,en,2,24daf007-f5e4-4040-b5d5-2c98098d92b9,Groww,com.nextbillion.groww,google_play_public_no_login_fetcher
"⭐ 1 Star I have been experiencing several serious issues with the Groww trading platform, particularly with chart accuracy and market data. The chart candles sometimes display incorrect OHLC values, and the Day High and Day Low prices do not always match the actual market data. There are also instances of delayed price updates, chart inconsistencies, and other technical glitches. For an active trader, accurate and synchronized market data is extremely important. Incorrect candle or price informa",,1,2026-09-04,play_store,18.16.1,en,3,9d758cda-555c-401e-bd64-8c7c4c88b171,Groww,com.nextbillion.groww,google_play_public_no_login_fetcher
very nice 👍,,4,2026-09-04,play_store,18.15.1,en,1,d529a050-2f50-47e7-9c86-4f2f8d9b7b90,Groww,com.nextbillion.groww,google_play_public_no_login_fetcher
super app,,5,2026-09-04,play_store,18.16.1,en,0,96e55907-8ace-4953-877f-f227068e02fe,Groww,com.nextbillion.groww,google_play_public_no_login_fetcher
very nice experience,,5,2026-09-04,play_store,18.16.1,en,1,4e6c56f7-586e-41c7-9755-9813f6e43854,Groww,com.nextbillion.groww,google_play_public_no_login_fetcher
Excellent,,5,2026-09-04,play_store,,en,0,d72dfd5e-2d06-42d6-8dbd-c93bc2e774c2,Groww,com.nextbillion.groww,google_play_public_no_login_fetcher
good 👍,,5,2026-09-04,play_store,18.16.1,en,2,c8714d9e-5093-451c-ad47-1cd19ea77bcf,Groww,com.nextbillion.groww,google_play_public_no_login_fetcher
excellent,,5,2026-09-04,play_store,18.16.1,en,1,851c4b1d-7d5e-4df6-8408-5ea606b4c018,Groww,com.nextbillion.groww,google_play_public_no_login_fetcher
app is useful good but charges high,,5,2026-09-04,play_store,18.16.1,en,0,1405b87f-a7f6-41c1-a0ee-3e8ccd9cea60,Groww,com.nextbillion.groww,google_play_public_no_login_fetcher
very good,,4,2026-09-04,play_store,18.16.1,en,0,a2d0ef9c-80ea-4a3e-908b-b40ba9a650dd,Groww,com.nextbillion.groww,google_play_public_no_login_fetcher
Bhikha Mali nice app,,5,2026-09-04,play_store,18.15.1,en,0,a0919e0e-7d95-4345-9c74-1e2815ac7ca2,Groww,com.nextbillion.groww,google_play_public_no_login_fetcher
Ok I tell every Person,,5,2026-09-04,play_store,18.15.1,en,0,674e5337-6325-404c-9d15-f5ab4ba37216,Groww,com.nextbillion.groww,google_play_public_no_login_fetcher
chandan Das খুব সুন্দর এপ সহজে বোঝা যায়,,5,2026-09-04,play_store,18.16.1,en,0,759b81e2-a602-4e4d-a483-2250b4092b72,Groww,com.nextbillion.groww,google_play_public_no_login_fetcher
best app,,5,2026-09-04,play_store,18.16.1,en,0,312d3564-829f-4fb7-8dda-70c753df9dfb,Groww,com.nextbillion.groww,google_play_public_no_login_fetcher
"""I have not received the IPO yet.""",,1,2026-09-04,play_store,18.16.1,en,0,9f34f90b-0816-44cc-a9d8-64840bc89a09,Groww,com.nextbillion.groww,google_play_public_no_login_fetcher
good,,5,2026-09-04,play_store,18.16.0,en,0,c2f0127d-cb1f-4fab-acb8-6c661d937d10,Groww,com.nextbillion.groww,google_play_public_no_login_fetcher
good luck,,5,2026-09-04,play_store,18.16.1,en,0,7576cd84-5b89-4590-bf73-77a975adf8e8,Groww,com.nextbillion.groww,google_play_public_no_login_fetcher
smooth work.,,5,2026-09-04,play_store,18.16.0,en,0,bc8961ba-30c8-4976-b399-3b57d9517c2d,Groww,com.nextbillion.groww,google_play_public_no_login_fetcher
very nice,,5,2026-09-04,play_store,18.16.1,en,0,23ed97f4-9ed5-4c5e-aa02-ca95f9fcf1c9,Groww,com.nextbillion.groww,google_play_public_no_login_fetcher
good,,5,2026-09-04,play_store,18.15.1,en,0,e9c5ad6e-2c8f-4b20-9eca-91e039dfaa28,Groww,com.nextbillion.groww,google_play_public_no_login_fetcher
simple and best..,,5,2026-09-04,play_store,18.16.1,en,0,7e16efe3-9b43-4dcb-9d54-4665335c79b2,Groww,com.nextbillion.groww,google_play_public_no_login_fetcher
awesome,,5,2026-09-04,play_store,18.14.2,en,0,aaaa24de-21d2-4347-ada6-86009bfc6e67,Groww,com.nextbillion.groww,google_play_public_no_login_fetcher
Good,,5,2026-09-04,play_store,,en,0,58565786-6287-4300-9749-f200bb0fd18b,Groww,com.nextbillion.groww,google_play_public_no_login_fetcher
nice,,5,2026-09-04,play_store,18.16.1,en,0,96533cd6-a82a-40d6-bf46-337e5761de17,Groww,com.nextbillion.groww,google_play_public_no_login_fetcher
i think this app India's 🇮🇳 number 1....aap for trading 💐,,5,2026-09-04,play_store,18.16.1,en,0,b1cf375e-57f2-4ae8-a0bc-9d086b33007d,Groww,com.nextbillion.groww,google_play_public_no_login_fetcher
best apps,,5,2026-09-04,play_store,18.16.1,en,0,31fddb1a-e4c0-462e-a5b0-68b7df0c6774,Groww,com.nextbillion.groww,google_play_public_no_login_fetcher
"I am using groww app from last 5years, this is first time, last update is not user friendly. please rollback this as soon as possible.",,3,2026-09-04,play_store,,en,0,4c7c1394-5dee-4af2-9400-4d3abc0a1cd8,Groww,com.nextbillion.groww,google_play_public_no_login_fetcher
welcome,,5,2026-09-04,play_store,18.16.1,en,0,7a1526eb-2898-4b11-8938-0479091ca879,Groww,com.nextbillion.groww,google_play_public_no_login_fetcher
ANSA JQWWJHU u are coming,,4,2026-09-04,play_store,18.16.1,en,0,f8681de4-9ffe-4ff8-bc45-910b1bad68ea,Groww,com.nextbillion.groww,google_play_public_no_login_fetcher
good work,,5,2026-09-04,play_store,18.13.2,en,1,ab834bd0-77e8-4118-99d2-a9d961514031,Groww,com.nextbillion.groww,google_play_public_no_login_fetcher
exilent application,,5,2026-09-04,play_store,18.16.1,en,1,5f914b68-0b79-45d7-95ec-0b044cfc82ec,Groww,com.nextbillion.groww,google_play_public_no_login_fetcher
Good App,,5,2026-09-04,play_store,18.16.1,en,1,67e30490-3c4b-4925-98bd-6232fe6569f1,Groww,com.nextbillion.groww,google_play_public_no_login_fetcher
still not getting open,,1,2026-09-04,play_store,17.97.0,en,0,2e3c1708-7164-4c43-87a8-33dea64f09dd,Groww,com.nextbillion.groww,google_play_public_no_login_fetcher
super app,,5,2026-09-04,play_store,18.16.1,en,0,f5713993-5981-4bca-864c-c75a725dc0ff,Groww,com.nextbillion.groww,google_play_public_no_login_fetcher
good,,5,2026-09-04,play_store,18.6.1,en,0,83c29cb6-285c-49d9-97b4-23e9ee10f3c0,Groww,com.nextbillion.groww,google_play_public_no_login_fetcher
very good 👍,,5,2026-09-04,play_store,18.16.1,en,1,08577520-e025-4925-ae53-28e4a296c29e,Groww,com.nextbillion.groww,google_play_public_no_login_fetcher
look bad,,2,2026-09-04,play_store,18.16.1,en,1,ebf78671-e6a7-403a-b08b-72178488398b,Groww,com.nextbillion.groww,google_play_public_no_login_fetcher
brokerage charges bahut jada per trade 40 plus extra charge alag.,,3,2026-09-04,play_store,18.16.1,en,0,32faeb3b-58bb-4a37-9957-a2f62b769642,Groww,com.nextbillion.groww,google_play_public_no_login_fetcher
excellent,,5,2026-09-04,play_store,18.14.1,en,0,4ce6fd19-0a8d-4ca0-811c-70abbf5c4aa2,Groww,com.nextbillion.groww,google_play_public_no_login_fetcher
D News,,5,2026-09-04,play_store,18.16.1,en,0,735bc5e0-26f3-4a00-87fd-5e3fbce1da2b,Groww,com.nextbillion.groww,google_play_public_no_login_fetcher
good 😊,,5,2026-09-04,play_store,18.16.1,en,1,cee6ba90-be28-463c-8e7b-cbc5b318e364,Groww,com.nextbillion.groww,google_play_public_no_login_fetcher
good,,5,2026-09-04,play_store,18.16.1,en,1,da694afe-7559-4f38-afe8-2992c01110cf,Groww,com.nextbillion.groww,google_play_public_no_login_fetcher
"fraud app cheat people, don't show libarage amount.",,1,2026-09-04,play_store,18.16.1,en,0,f02e33ea-c3da-4020-aec5-f8f2876ef81b,Groww,com.nextbillion.groww,google_play_public_no_login_fetcher
very good,,5,2026-09-04,play_store,16.96,en,0,4bba20f7-68b2-41e9-bd46-e0cf68b4f32c,Groww,com.nextbillion.groww,google_play_public_no_login_fetcher
garbage,,1,2026-09-04,play_store,18.16.1,en,1,6694283a-287d-4ac3-b873-a196da9f55b8,Groww,com.nextbillion.groww,google_play_public_no_login_fetcher
good trading app,,5,2026-09-04,play_store,18.16.1,en,1,fbba3f43-2158-4612-95c6-7b0c7ec74b03,Groww,com.nextbillion.groww,google_play_public_no_login_fetcher
BIO oil,,5,2026-09-04,play_store,18.15.0,en,0,0b5f5ee0-4ca7-4849-bfd2-f526edc4bd25,Groww,com.nextbillion.groww,google_play_public_no_login_fetcher
Please do not use this app. The customer support is not active all responsive.,,1,2026-09-04,play_store,18.16.1,en,1,ca9b87e8-95fc-44b7-90c5-f9d7a587b8de,Groww,com.nextbillion.groww,google_play_public_no_login_fetcher
axilant,,5,2026-09-04,play_store,18.16.1,en,0,ffd231e1-f54b-4148-9e16-04dc69b8f84c,Groww,com.nextbillion.groww,google_play_public_no_login_fetcher
Very Good...😊😊😊,,5,2026-09-04,play_store,18.16.1,en,0,dcacd936-a167-4185-ac16-ce9929f32002,Groww,com.nextbillion.groww,google_play_public_no_login_fetcher
good 👍,,5,2026-09-04,play_store,18.16.1,en,0,f773f8d4-9a18-4df8-9d06-2cba3f622a12,Groww,com.nextbillion.groww,google_play_public_no_login_fetcher
very best aap,,5,2026-09-04,play_store,,en,0,fed6ec85-08b5-4fcc-b890-e4adda3749d5,Groww,com.nextbillion.groww,google_play_public_no_login_fetcher
good job,,5,2026-09-04,play_store,18.16.1,en,0,4258f3db-4b8a-4957-a511-1f5de171dee8,Groww,com.nextbillion.groww,google_play_public_no_login_fetcher
Ashwini aditya sakarata hai halp me,,5,2026-09-04,play_store,18.16.1,en,0,30a8899c-19e6-4333-aa8f-ca13ae0231b3,Groww,com.nextbillion.groww,google_play_public_no_login_fetcher
good,,5,2026-09-04,play_store,18.16.1,en,0,e52ade36-afbc-433f-9e32-24604041408b,Groww,com.nextbillion.groww,google_play_public_no_login_fetcher
👍,,5,2026-09-04,play_store,18.16.1,en,0,58d386cf-fb74-4cee-b845-9fdc5fd16a76,Groww,com.nextbillion.groww,google_play_public_no_login_fetcher
awesome experience,,5,2026-09-04,play_store,18.16.1,en,0,8ac3bcea-1b5c-4670-b4f4-7d739fb8698c,Groww,com.nextbillion.groww,google_play_public_no_login_fetcher
"waste App, bakwas Service",,1,2026-09-04,play_store,18.16.1,en,1,21263400-be46-48f4-a833-9c65fe1fb3ae,Groww,com.nextbillion.groww,google_play_public_no_login_fetcher
👍,,5,2026-09-04,play_store,18.13.2,en,0,be345430-12f8-4957-bac6-9c685ab50906,Groww,com.nextbillion.groww,google_play_public_no_login_fetcher
The worst trading application ever. there are several glitches in order execution process. the customer service is also not having any idea to resolve the issue.,,1,2026-09-04,play_store,,en,0,3bd35ad0-6b34-4ff5-92ba-6e2a55f499c6,Groww,com.nextbillion.groww,google_play_public_no_login_fetcher
good,,5,2026-09-04,play_store,18.16.1,en,0,18a0eee3-2d4b-43b7-8e74-365a87dea42c,Groww,com.nextbillion.groww,google_play_public_no_login_fetcher
अगर आप ग्रो ऐप इस्तेमाल करते है तो सावधान हो जाए आपकी मेहनत की कमाई लूटने वाली है । बस मार्केट बढ़ेगा और आपका लॉस बढ़ेगा और ग्रो की कमाई बढ़ेगी। और ऐसा केवल आपके साथ होता तो इत्तफाक होता पर ये 95 प्रतिशत लोगों के साथ होता है । माफ़ कीजिये मैं इस को इत्तेफाक नहीं मानता बल्कि इन हरामखोंरो की घटिया चाल में फंस कर आप लोग धोखा खा रहे है।,,1,2026-09-04,play_store,18.16.1,en,2,569151f4-946b-41a1-b91b-aa883909ade1,Groww,com.nextbillion.groww,google_play_public_no_login_fetcher
excellent,,5,2026-09-04,play_store,18.16.1,en,0,9a64dc77-6f5a-4eb3-b82b-9f68e1e9a699,Groww,com.nextbillion.groww,google_play_public_no_login_fetcher
groww is best,,5,2026-09-04,play_store,18.16.1,en,1,d3a17603-fc2b-4293-8f69-8ad87c4285fe,Groww,com.nextbillion.groww,google_play_public_no_login_fetcher
bad App,,1,2026-09-04,play_store,18.16.1,en,0,6c7fe378-a030-48c0-8d9e-5bedec01a716,Groww,com.nextbillion.groww,google_play_public_no_login_fetcher
bad,,1,2026-09-04,play_store,18.15.1,en,0,6ce476ab-78f2-43ae-b839-95b5ded59296,Groww,com.nextbillion.groww,google_play_public_no_login_fetcher
excellent,,5,2026-09-04,play_store,18.16.1,en,0,e674d8f8-ef98-4ef2-97b0-e9e68e9631c2,Groww,com.nextbillion.groww,google_play_public_no_login_fetcher
good,,4,2026-09-04,play_store,18.16.1,en,1,8b360a35-dcc7-40ef-a17d-48cfb5423724,Groww,com.nextbillion.groww,google_play_public_no_login_fetcher
excellent,,5,2026-09-04,play_store,18.16.1,en,1,0b5bfd9f-d9fd-494d-ba77-2db0b59451aa,Groww,com.nextbillion.groww,google_play_public_no_login_fetcher
done,,5,2026-09-04,play_store,18.16.1,en,0,d3c550ee-db77-4f37-883f-14cfc47c454a,Groww,com.nextbillion.groww,google_play_public_no_login_fetcher
good,,5,2026-09-04,play_store,18.15.1,en,0,698ddcd9-2a12-457e-b509-59ba71e1c62a,Groww,com.nextbillion.groww,google_play_public_no_login_fetcher
good,,5,2026-09-04,play_store,18.15.1,en,0,6fe630c0-78e6-4d88-9318-04904d5a933e,Groww,com.nextbillion.groww,google_play_public_no_login_fetcher
best in all,,5,2026-09-04,play_store,18.16.1,en,0,d9164625-32aa-4807-b7ef-f080ba725ef9,Groww,com.nextbillion.groww,google_play_public_no_login_fetcher
To continuously grow your investment opt for only Groww App. Thanks.,,5,2026-09-04,play_store,18.16.1,en,0,80355e16-430d-47d8-a762-817069349e40,Groww,com.nextbillion.groww,google_play_public_no_login_fetcher
best,,5,2026-09-04,play_store,18.16.1,en,0,de6656e7-e100-49df-901d-974e85a3c44f,Groww,com.nextbillion.groww,google_play_public_no_login_fetcher
best trading and investment app,,5,2026-09-04,play_store,18.16.1,en,0,0feba5b4-42a4-4c79-87ae-fb85773c2f51,Groww,com.nextbillion.groww,google_play_public_no_login_fetcher
future and option kabhi on nahin hoga 😠,,1,2026-09-04,play_store,18.16.1,en,0,972ad752-4442-4645-8446-a3d614d01848,Groww,com.nextbillion.groww,google_play_public_no_login_fetcher
good 👍😊,,4,2026-09-04,play_store,18.16.1,en,1,50e23fb4-0756-4c7f-9832-d433ddf00778,Groww,com.nextbillion.groww,google_play_public_no_login_fetcher
Play with mind,,5,2026-09-04,play_store,18.16.1,en,0,174ba012-b940-4db4-bba5-fffc48e4ced2,Groww,com.nextbillion.groww,google_play_public_no_login_fetcher
excellent 👍,,5,2026-09-04,play_store,18.16.1,en,1,da8e7c4b-bccc-43a2-a2a4-2fe10ad2ef46,Groww,com.nextbillion.groww,google_play_public_no_login_fetcher
very best app,,5,2026-09-04,play_store,18.14.2,en,0,3f73d74b-c1e7-467b-b56c-c058bf8b816e,Groww,com.nextbillion.groww,google_play_public_no_login_fetcher
good,,5,2026-09-04,play_store,18.16.1,en,0,c90aacd7-5609-46ff-b326-409121aab39d,Groww,com.nextbillion.groww,google_play_public_no_login_fetcher
good,,5,2026-09-04,play_store,18.16.1,en,1,573b55a4-db71-4fb0-b178-81e7bbe1bdf7,Groww,com.nextbillion.groww,google_play_public_no_login_fetcher
I am using since launch but groww customer support is degrading day by day . you cannot contact by anyways. they will not reply or receive your call while you wait hours,,1,2026-09-04,play_store,,en,0,5735267e-6b50-4ad9-97ae-ca8aebb6b9a2,Groww,com.nextbillion.groww,google_play_public_no_login_fetcher
good 👍,,5,2026-09-04,play_store,18.16.1,en,0,b03254ec-163d-469e-a146-b732c0339395,Groww,com.nextbillion.groww,google_play_public_no_login_fetcher
nice,,5,2026-09-04,play_store,18.16.1,en,1,13d2af4f-1bbe-410e-af5c-ba309062ebe0,Groww,com.nextbillion.groww,google_play_public_no_login_fetcher
worst app,,1,2026-09-04,play_store,,en,0,5fe4c4db-b9c9-41ac-b42c-0e69e3188780,Groww,com.nextbillion.groww,google_play_public_no_login_fetcher
best wishes happy to hear,,5,2026-09-04,play_store,18.12.1,en,1,82d4421c-c449-43df-913d-d3584b5c57d5,Groww,com.nextbillion.groww,google_play_public_no_login_fetcher
good,,5,2026-09-04,play_store,18.15.1,en,0,3cc6ba8e-1e0d-4185-af57-b840c87e27a4,Groww,com.nextbillion.groww,google_play_public_no_login_fetcher
good,,5,2026-09-04,play_store,18.15.1,en,0,d2138cb2-dd18-40dd-8b79-e49b0dc89852,Groww,com.nextbillion.groww,google_play_public_no_login_fetcher
"easy to use , best for mutual fund",,5,2026-09-04,play_store,18.1.0,en,0,0df8d3a9-9de9-4749-8174-1b9ad8ae81a7,Groww,com.nextbillion.groww,google_play_public_no_login_fetcher
"last updated is not user friendly. while going in the chart mode, back button disappearing in bottom left of mobile.",,2,2026-09-04,play_store,18.16.1,en,2,eb3cb7fb-edc9-4f76-b0b8-0281be99d5dd,Groww,com.nextbillion.groww,google_play_public_no_login_fetcher
frood keya haan shares ka mara sath mera 300 share tha bss 3 deya haan mara pass sub proof haan,,1,2026-09-04,play_store,,en,0,542f59c7-877a-4052-8f8a-e0b8748b8919,Groww,com.nextbillion.groww,google_play_public_no_login_fetcher
good for trading,,5,2026-09-04,play_store,18.16.1,en,0,8b11faae-7916-4c42-b8a5-8e0f550b18ea,Groww,com.nextbillion.groww,google_play_public_no_login_fetcher
good performance,,5,2026-09-04,play_store,18.16.1,en,0,6fa6249d-47b4-43cf-8822-5cb21ec52cee,Groww,com.nextbillion.groww,google_play_public_no_login_fetcher
nice,,5,2026-09-04,play_store,18.15.1,en,0,0f6e5819-ebed-46cb-a6fe-87de5e05af8c,Groww,com.nextbillion.groww,google_play_public_no_login_fetcher
good 👍,,5,2026-09-04,play_store,18.14.2,en,0,4462edd1-ebbd-410c-9f64-3e20849b8943,Groww,com.nextbillion.groww,google_play_public_no_login_fetcher
good 😊,,3,2026-09-04,play_store,18.15.1,en,0,e195c35f-581f-417b-82ec-d032e4dd71e8,Groww,com.nextbillion.groww,google_play_public_no_login_fetcher
Excellent Worth,,5,2026-09-04,play_store,18.16.1,en,1,688995da-92ef-4308-b7ef-b6f6127947df,Groww,com.nextbillion.groww,google_play_public_no_login_fetcher
good,,5,2026-09-04,play_store,18.16.1,en,1,8620ec14-c2d1-4253-aa6b-44fda5cc555a,Groww,com.nextbillion.groww,google_play_public_no_login_fetcher
nice 👍🏻,,5,2026-09-04,play_store,,en,0,6ac1a36f-632f-4010-87ba-047566d6781f,Groww,com.nextbillion.groww,google_play_public_no_login_fetcher
Good app,,5,2026-09-04,play_store,17.31,en,0,2a98c111-277f-4332-9acf-a03383db7d4f,Groww,com.nextbillion.groww,google_play_public_no_login_fetcher
ujejem,,5,2026-09-04,play_store,18.16.1,en,0,74161b5c-92d9-4936-9e23-02c335d5c5bc,Groww,com.nextbillion.groww,google_play_public_no_login_fetcher
it's my first time.,,5,2026-09-04,play_store,18.16.1,en,0,914bd541-9154-4571-ba4a-de2bf70951ce,Groww,com.nextbillion.groww,google_play_public_no_login_fetcher
good 👍,,5,2026-09-04,play_store,18.16.1,en,0,ef9f3a7e-89b1-4d0e-b423-d3781af4bf83,Groww,com.nextbillion.groww,google_play_public_no_login_fetcher
it's easy to understand 😊,,5,2026-09-04,play_store,18.16.1,en,0,a4d39b5e-2fef-47f9-a373-46556bd7846b,Groww,com.nextbillion.groww,google_play_public_no_login_fetcher
nice,,5,2026-09-04,play_store,18.16.1,en,0,df9a39c0-0be0-4108-8d15-16fd367b98f9,Groww,com.nextbillion.groww,google_play_public_no_login_fetcher
nic aap,,5,2026-09-04,play_store,18.16.1,en,1,24f637f7-7b4a-4f61-9a29-4ae6d0072fc9,Groww,com.nextbillion.groww,google_play_public_no_login_fetcher
app not opening.. saying something went wrong and asking finger print again and again. tried with mpin. asking again same with something went wrong message. During market hours.,,5,2026-09-04,play_store,18.16.1,en,3,111919fc-753e-4518-bd42-d444e2a845c2,Groww,com.nextbillion.groww,google_play_public_no_login_fetcher
noice,,5,2026-09-04,play_store,18.16.1,en,0,117ed5c2-bba9-4d68-a820-5343c63912fe,Groww,com.nextbillion.groww,google_play_public_no_login_fetcher
GR-1 AI tool is amazing. The AI chat history deletion option is to be added,,4,2026-09-04,play_store,18.16.1,en,1,db9db880-fc45-48cb-a708-f8d1d3fc19da,Groww,com.nextbillion.groww,google_play_public_no_login_fetcher
good,,5,2026-09-04,play_store,18.16.1,en,1,4da9a9a9-dcee-4ad5-9483-44fc02e44978,Groww,com.nextbillion.groww,google_play_public_no_login_fetcher
good,,5,2026-09-04,play_store,18.16.1,en,0,2f5808d2-eded-409c-8241-d5f49076d1f9,Groww,com.nextbillion.groww,google_play_public_no_login_fetcher
Good but unwanted content are more displayed. Hence required minimum.,,5,2026-09-04,play_store,18.16.1,en,0,4d397d50-e57d-4576-94a1-35c12df3ee23,Groww,com.nextbillion.groww,google_play_public_no_login_fetcher
Best app,,5,2026-09-04,play_store,18.16.1,en,0,d38a247e-63c0-4866-abf8-ac9df6611327,Groww,com.nextbillion.groww,google_play_public_no_login_fetcher
good 👍,,5,2026-09-04,play_store,18.16.1,en,0,11742d0c-4925-47e6-9f58-d57f2925439a,Groww,com.nextbillion.groww,google_play_public_no_login_fetcher
good,,5,2026-09-04,play_store,18.16.1,en,0,f167058f-a801-4307-9f48-1bff407ca7e5,Groww,com.nextbillion.groww,google_play_public_no_login_fetcher
okey,,5,2026-09-04,play_store,18.16.1,en,1,f11f9de5-24c4-4877-8447-6c490d6d1f69,Groww,com.nextbillion.groww,google_play_public_no_login_fetcher
nice to beginner 🖖🏻,,5,2026-09-04,play_store,18.14.2,en,0,8f359afb-04a3-4841-8681-2b525e592d83,Groww,com.nextbillion.groww,google_play_public_no_login_fetcher
good service,,5,2026-09-04,play_store,18.16.1,en,0,a47b5e7f-36af-4a32-869b-3804c9e5105e,Groww,com.nextbillion.groww,google_play_public_no_login_fetcher
good,,5,2026-09-04,play_store,18.16.1,en,0,08517309-fda9-46ac-bf85-66739b8692d0,Groww,com.nextbillion.groww,google_play_public_no_login_fetcher
Easy to complete setup and use. Charges are very less.,,5,2026-09-04,play_store,18.16.1,en,1,14696047-c48e-4a47-85e5-13fad109c1ca,Groww,com.nextbillion.groww,google_play_public_no_login_fetcher
ostng prf this one,,5,2026-09-04,play_store,18.16.1,en,1,95a435b9-05e4-4273-98e6-2f484c031e00,Groww,com.nextbillion.groww,google_play_public_no_login_fetcher
good,,4,2026-09-04,play_store,18.13.2,en,1,692cd6a5-9baa-4fb1-a931-61faf7e81264,Groww,com.nextbillion.groww,google_play_public_no_login_fetcher
good,,5,2026-09-04,play_store,18.16.1,en,1,7b79a378-8d65-4d18-ab0e-70e37e9a9893,Groww,com.nextbillion.groww,google_play_public_no_login_fetcher
One of the best platform for beginner,,5,2026-09-04,play_store,18.16.1,en,0,2a3b86cd-512f-452e-ae50-81bf251e97a8,Groww,com.nextbillion.groww,google_play_public_no_login_fetcher
good app,,5,2026-09-04,play_store,18.15.1,en,0,fad4fe92-f162-49e1-919b-cb529c5df46e,Groww,com.nextbillion.groww,google_play_public_no_login_fetcher
belive ti trade and maintain safe and secure,,5,2026-09-04,play_store,18.16.1,en,1,8506502f-497c-428e-8443-589206d2d364,Groww,com.nextbillion.groww,google_play_public_no_login_fetcher
Good,,5,2026-09-04,play_store,18.16.1,en,0,a627c1cd-8d14-46d8-94d0-63161b524b00,Groww,com.nextbillion.groww,google_play_public_no_login_fetcher
Grow♡,,5,2026-09-04,play_store,18.16.1,en,0,77701c87-a595-44ab-bc02-4a00d609d3af,Groww,com.nextbillion.groww,google_play_public_no_login_fetcher
handle with care,,5,2026-09-04,play_store,18.16.1,en,0,8ae6242c-3899-468f-9e4d-3e6d45133fd4,Groww,com.nextbillion.groww,google_play_public_no_login_fetcher
Groww platform has the simplest user interface among all available apps. I have been using it since 2019 and it is my most trusted application.,,5,2026-09-04,play_store,18.16.0,en,0,94adea3a-ba48-43b8-a370-6d2152d17dfd,Groww,com.nextbillion.groww,google_play_public_no_login_fetcher
real market trailing stoploss and profit adjustment please 🥺,,5,2026-09-04,play_store,18.16.1,en,0,bb0c7889-1fc3-4721-bb4b-21dc6c55d928,Groww,com.nextbillion.groww,google_play_public_no_login_fetcher
Good app!,,5,2026-09-04,play_store,18.16.1,en,0,2ff765e4-30a8-42d3-8a46-4d1fb1f9a7fb,Groww,com.nextbillion.groww,google_play_public_no_login_fetcher
good app,,5,2026-09-04,play_store,18.16.1,en,0,9521b785-ba79-4fb1-aeaf-70baa73ab7b0,Groww,com.nextbillion.groww,google_play_public_no_login_fetcher
nice 💯%,,5,2026-09-04,play_store,18.16.1,en,0,e9486a61-47d2-45be-9a8a-3ca61699946d,Groww,com.nextbillion.groww,google_play_public_no_login_fetcher
pls show daily profit or loss/ profit loss,,3,2026-09-04,play_store,18.16.1,en,0,977d23ea-1682-4173-a4a7-452a9efa7bcf,Groww,com.nextbillion.groww,google_play_public_no_login_fetcher
"Daily Updates delayed, need to work on it for fastest update.",,3,2026-09-04,play_store,18.16.1,en,1,b0e0ed6d-0bdc-4c3e-b93b-ff9163b8b5d3,Groww,com.nextbillion.groww,google_play_public_no_login_fetcher
v good,,5,2026-09-04,play_store,18.16.1,en,0,0602b8f5-365c-4432-be99-3e162c6bccfe,Groww,com.nextbillion.groww,google_play_public_no_login_fetcher
good app,,5,2026-09-04,play_store,18.16.1,en,0,fd506925-9341-4787-8530-9f2e2efa61e9,Groww,com.nextbillion.groww,google_play_public_no_login_fetcher
Good,,5,2026-09-04,play_store,18.16.1,en,0,2f14f865-9b08-4156-bb6c-69ec0f3cfd69,Groww,com.nextbillion.groww,google_play_public_no_login_fetcher
ok,,5,2026-09-04,play_store,18.16.1,en,0,ea5d4f7e-cb2b-421a-8ea5-e08acd94d7bb,Groww,com.nextbillion.groww,google_play_public_no_login_fetcher
nice 👍👍👍,,5,2026-09-04,play_store,18.16.1,en,0,9b9cd6ba-c9c5-41aa-9bfb-51cfe76c2c0f,Groww,com.nextbillion.groww,google_play_public_no_login_fetcher
nice,,5,2026-09-04,play_store,,en,0,c4865f9b-fd05-439a-9320-efc1fc19c93e,Groww,com.nextbillion.groww,google_play_public_no_login_fetcher
horrible ui filled with all sorts of nonsense,,1,2026-09-04,play_store,18.16.1,en,0,f23bfcd7-b820-4e19-9d41-8433053775f0,Groww,com.nextbillion.groww,google_play_public_no_login_fetcher
good 💯,,5,2026-09-04,play_store,18.16.1,en,0,7f26e8e1-bdc3-4963-9a6a-0c57e71b50f9,Groww,com.nextbillion.groww,google_play_public_no_login_fetcher
I don't use other demat account,,5,2026-09-04,play_store,18.16.1,en,0,6f101031-0afc-496a-938e-ed4557cd37be,Groww,com.nextbillion.groww,google_play_public_no_login_fetcher
super 👌,,5,2026-09-03,play_store,18.14.1,en,0,4d24e7a4-f939-450a-98a4-3fdaccd5f6f2,Groww,com.nextbillion.groww,google_play_public_no_login_fetcher
me,,5,2026-09-03,play_store,18.16.1,en,0,4dac3339-ada6-465d-85f1-ec3319d64443,Groww,com.nextbillion.groww,google_play_public_no_login_fetcher
fake app,,1,2026-09-03,play_store,18.8.1,en,0,9fc5b8f0-2e86-4370-abd3-c7b959bd2772,Groww,com.nextbillion.groww,google_play_public_no_login_fetcher
Good app,,5,2026-09-03,play_store,18.14.2,en,1,6759093f-e6b1-46b1-b768-6a1443122a87,Groww,com.nextbillion.groww,google_play_public_no_login_fetcher
nice,,5,2026-09-03,play_store,,en,0,d9f14350-7f23-4647-a735-6772e47c8add,Groww,com.nextbillion.groww,google_play_public_no_login_fetcher
EZY factions app,,5,2026-09-03,play_store,18.16.1,en,0,2a589a4f-0e50-4f51-ade0-00e287f8ff8a,Groww,com.nextbillion.groww,google_play_public_no_login_fetcher
excellent,,5,2026-09-03,play_store,18.16.1,en,0,189d90a2-dda3-43b2-b1c8-06cc8cc013ba,Groww,com.nextbillion.groww,google_play_public_no_login_fetcher
Very Good quality & easy to understand,,5,2026-09-03,play_store,18.16.1,en,0,7bafabb9-079d-420d-b3c1-3235a1d2eb9d,Groww,com.nextbillion.groww,google_play_public_no_login_fetcher
good,,5,2026-09-03,play_store,18.16.1,en,0,fc836beb-0eb0-4aae-828d-7af1ffde5ded,Groww,com.nextbillion.groww,google_play_public_no_login_fetcher
thank you 👍 IAM very happy,,5,2026-09-03,play_store,18.16.1,en,0,3f5bfaa4-0b1d-42fc-a762-9e38cff23a3d,Groww,com.nextbillion.groww,google_play_public_no_login_fetcher
very good,,5,2026-09-03,play_store,18.16.1,en,0,2c4e274b-a4b0-41a9-be5d-e076c182d526,Groww,com.nextbillion.groww,google_play_public_no_login_fetcher
good,,5,2026-09-03,play_store,18.16.1,en,0,b57fe8a6-d875-4499-85bc-1303aa57fbd2,Groww,com.nextbillion.groww,google_play_public_no_login_fetcher
very good,,5,2026-09-03,play_store,18.13.2,en,0,0e299711-aa42-4caf-8756-614b80bedcbb,Groww,com.nextbillion.groww,google_play_public_no_login_fetcher
5 star,,5,2026-09-03,play_store,18.16.1,en,0,57ca9b8f-3e67-49ba-84ef-27f26fe49899,Groww,com.nextbillion.groww,google_play_public_no_login_fetcher
very nice app,,5,2026-09-03,play_store,18.15.1,en,0,62852e6e-158c-4ce6-b2ae-fdef7d415feb,Groww,com.nextbillion.groww,google_play_public_no_login_fetcher
why you are not giving facility GTT and oco order at the same time? and the last update when I am showing chart for a stock then back switch not working.,,1,2026-09-03,play_store,,en,0,c94a6fea-f401-4885-9e27-bf5a0e481b72,Groww,com.nextbillion.groww,google_play_public_no_login_fetcher
"ye ap me bhot problem ati hai koi bhi ap use kare pr is me trading na kare ,",,1,2026-09-03,play_store,17.95.2,en,0,e2cc2abc-bd4f-4d44-a531-52b0bb948f35,Groww,com.nextbillion.groww,google_play_public_no_login_fetcher
good,,5,2026-09-03,play_store,18.16.0,en,0,ee92c2e1-a36a-4d90-8e0f-102655ebba18,Groww,com.nextbillion.groww,google_play_public_no_login_fetcher
DONT OPEN YOUR ACCOUNT GROWW ARE THE FRAUDSTERS THEY WILL SELL YOUR QUANTITY ON VERY LEAST BASIS PLEASE AVOID GROWW IF YOU ARE GROWW. SHAME ON YOU GROWW PEOPLE,,1,2026-09-03,play_store,18.16.1,en,3,11c76398-72ad-4521-aa16-e441ed03dce1,Groww,com.nextbillion.groww,google_play_public_no_login_fetcher
"it's a worth app, taking too much charges any trade and etc problem facing me and other traders",,1,2026-09-03,play_store,18.16.1,en,2,2abe7046-c398-4911-a9ff-b664351a1667,Groww,com.nextbillion.groww,google_play_public_no_login_fetcher
good,,5,2026-09-03,play_store,18.6.1,en,0,6ca1aeeb-4cf6-4a6c-82d8-10847dcb61ea,Groww,com.nextbillion.groww,google_play_public_no_login_fetcher
nice,,4,2026-09-03,play_store,18.16.1,en,1,40b0ef58-47b8-4f0d-bcbd-093113f6136c,Groww,com.nextbillion.groww,google_play_public_no_login_fetcher
it is show very good,,5,2026-09-03,play_store,18.16.1,en,0,a25dd8ff-575c-47f1-b470-1a4eff1c7a83,Groww,com.nextbillion.groww,google_play_public_no_login_fetcher
can I get the privies version....last version indicators i need...pls help me,,5,2026-09-03,play_store,,en,0,fa26822f-b3dc-49b3-a719-0d48cc3e304c,Groww,com.nextbillion.groww,google_play_public_no_login_fetcher
मला जे काही थोडे फार मार्केट समजत ते ग्रो अँप मुळे 🫰,,5,2026-09-03,play_store,18.7.1,en,0,1661a4b3-7e1c-4b8e-91e9-eee2e49bd63d,Groww,com.nextbillion.groww,google_play_public_no_login_fetcher
ek number app,,5,2026-09-03,play_store,18.16.1,en,0,a7d7c1a1-3db7-4144-a101-d8899b91052b,Groww,com.nextbillion.groww,google_play_public_no_login_fetcher
"don't install, they sell your data to other companies. and they torture with doing call every minut.",,1,2026-09-03,play_store,,en,1,25eb3901-53ff-4a58-82d4-6cad061a7d07,Groww,com.nextbillion.groww,google_play_public_no_login_fetcher
good,,5,2026-09-03,play_store,18.16.1,en,0,fd995084-c8ce-49e5-96b4-18073077c57c,Groww,com.nextbillion.groww,google_play_public_no_login_fetcher
good,,5,2026-09-03,play_store,18.16.1,en,0,7e4a6f31-778a-42e8-9261-d35f596e9c71,Groww,com.nextbillion.groww,google_play_public_no_login_fetcher
new updated system is creating some issue as i am facing. F&FO scalping option are coming under the chart when opening in trading view chart and back button is getting auto invisible but while getting back many time scalping option is getting clicked and auto changing to grow chart. it should be resolved as this issue was not in previous update.,,3,2026-09-03,play_store,18.16.1,en,62,3bd53f54-5bc5-45a1-838b-fec0d5bef377,Groww,com.nextbillion.groww,google_play_public_no_login_fetcher
good,,4,2026-09-03,play_store,18.16.1,en,1,eb32f56b-596e-4fdc-83a2-30d0fc7459e8,Groww,com.nextbillion.groww,google_play_public_no_login_fetcher
nice,,5,2026-09-03,play_store,18.16.1,en,0,b1fa1fdd-0813-45fb-bb48-4f531fd5cecd,Groww,com.nextbillion.groww,google_play_public_no_login_fetcher
good,,5,2026-09-03,play_store,18.16.1,en,0,8243d31f-5c6c-4612-8c75-9e1682de962e,Groww,com.nextbillion.groww,google_play_public_no_login_fetcher
nice app for Market regarding 👍,,5,2026-09-03,play_store,18.16.1,en,0,1c1bf512-288d-4541-9013-176c5b8babfa,Groww,com.nextbillion.groww,google_play_public_no_login_fetcher
wrost experience,,1,2026-09-03,play_store,18.16.0,en,0,0bd0c8c1-7b32-4b0e-81f9-5781f94ea55a,Groww,com.nextbillion.groww,google_play_public_no_login_fetcher
👍,,5,2026-09-03,play_store,18.14.1,en,0,c357e5c8-e412-4e55-aa0b-b8bb5c0507cc,Groww,com.nextbillion.groww,google_play_public_no_login_fetcher
excellent apps✨,,5,2026-09-03,play_store,18.16.1,en,0,a49d47eb-5cee-42c1-b704-d0891d43ffb3,Groww,com.nextbillion.groww,google_play_public_no_login_fetcher
good application,,5,2026-09-03,play_store,18.13.2,en,0,fde5d2a0-8da7-4bf6-8808-2382bc133019,Groww,com.nextbillion.groww,google_play_public_no_login_fetcher
good work,,5,2026-09-03,play_store,18.16.1,en,0,eca9ed85-5b21-44ee-96e6-7caf6a0c237f,Groww,com.nextbillion.groww,google_play_public_no_login_fetcher
jayajagannath,,5,2026-09-03,play_store,18.16.1,en,0,b2535963-4000-4a6e-a733-43c3f5481a93,Groww,com.nextbillion.groww,google_play_public_no_login_fetcher
good app,,5,2026-09-03,play_store,18.16.1,en,0,04179668-9dc0-40d4-8034-79e123f12944,Groww,com.nextbillion.groww,google_play_public_no_login_fetcher
good,,5,2026-09-03,play_store,18.14.2,en,0,d96b06b9-60e2-4522-96e7-7ee84c9c6eec,Groww,com.nextbillion.groww,google_play_public_no_login_fetcher
"wonderful, reliable, educative..informative, encouraging.. motivational All Time helping and guiding app",,5,2026-09-03,play_store,18.15.1,en,0,497be530-56f8-4145-b307-630dfcacb8eb,Groww,com.nextbillion.groww,google_play_public_no_login_fetcher
good 👍,,5,2026-09-03,play_store,18.13.2,en,0,4f991ac6-b9d4-486c-8d89-bac7f9e28748,Groww,com.nextbillion.groww,google_play_public_no_login_fetcher
"worst update old version sow good, position fast exit and close option, miss new update is",,2,2026-09-03,play_store,18.16.1,en,1,867ed5f8-6019-435d-9b6b-65fea740a3a2,Groww,com.nextbillion.groww,google_play_public_no_login_fetcher
good for app,,5,2026-09-03,play_store,15.47,en,1,53aca9a2-a8e2-460b-b459-b91a9ff8ba48,Groww,com.nextbillion.groww,google_play_public_no_login_fetcher
very nice,,5,2026-09-03,play_store,18.14.1,en,0,970b4ad0-bbaf-4c05-9608-c5432882a659,Groww,com.nextbillion.groww,google_play_public_no_login_fetcher
"ease of doing business, highly recommended 👌",,5,2026-09-03,play_store,18.16.1,en,0,c5c14b2f-677f-471a-bbb4-fba12a2baad8,Groww,com.nextbillion.groww,google_play_public_no_login_fetcher
Jai jagannath 🙏🏻,,5,2026-09-03,play_store,18.16.1,en,0,4602389e-5d8d-474d-9d5f-a7470f69577c,Groww,com.nextbillion.groww,google_play_public_no_login_fetcher
Groww is best and simple way of doing trading and best feature is F&O Lock Which help me to trade in limit .,,5,2026-09-03,play_store,18.16.1,en,1,6750f03b-f361-4b5c-bc5d-ddf28bb843fc,Groww,com.nextbillion.groww,google_play_public_no_login_fetcher
good app,,4,2026-09-03,play_store,18.9.0,en,1,b96e11b6-7a24-45ce-8813-6e321d90bfcb,Groww,com.nextbillion.groww,google_play_public_no_login_fetcher
good,,5,2026-09-03,play_store,18.15.1,en,0,5608169a-ee50-40f3-99ce-cdfc21842bcb,Groww,com.nextbillion.groww,google_play_public_no_login_fetcher
very good,,5,2026-09-03,play_store,18.16.1,en,0,aa36803e-807c-41ca-ac94-336e357c69ad,Groww,com.nextbillion.groww,google_play_public_no_login_fetcher
good,,5,2026-09-03,play_store,18.16.1,en,0,5a59885b-63dd-4733-b729-eda1c0ce843d,Groww,com.nextbillion.groww,google_play_public_no_login_fetcher
nice app,,5,2026-09-03,play_store,18.16.1,en,0,fcd92722-11bc-4ccf-91b3-14f40054d43b,Groww,com.nextbillion.groww,google_play_public_no_login_fetcher
awesome,,5,2026-09-03,play_store,18.16.1,en,0,7631bb78-6c1a-40e6-a2f3-1f7dd5e6861f,Groww,com.nextbillion.groww,google_play_public_no_login_fetcher
👍👍👍👍👍👍👍,,5,2026-09-03,play_store,18.16.1,en,0,0e0eb49e-1ba1-4ec9-bbc8-82dbc22f51c6,Groww,com.nextbillion.groww,google_play_public_no_login_fetcher
"The customer care team is highly unprofessional. Employees like Ansh Agarwal constantly mute and disconnect calls ! Even after sending several emails with proof, the Groww managers/management take absolutely no action. They are clearly biased and protect their staff instead of helping their loyal customers who pay for their services ! Extremely DISAPPOINTING and HUMILIATING experience !! Now they'll immediately respond here asking to write to support@groww.... BUT NOTHING HAPPENS !!",,1,2026-09-03,play_store,18.16.1,en,2,e754b353-3e82-401c-ac14-7d413f8a8469,Groww,com.nextbillion.groww,google_play_public_no_login_fetcher
y f ft r tr sseee free,,2,2026-09-03,play_store,15.47,en,0,cd8962e4-423c-4cfa-99ad-f64cdfaaddd9,Groww,com.nextbillion.groww,google_play_public_no_login_fetcher
Good 😊 to,,5,2026-09-03,play_store,18.16.0,en,0,40eaf500-32b9-4be1-b886-b3c981084b66,Groww,com.nextbillion.groww,google_play_public_no_login_fetcher
good,,5,2026-09-03,play_store,18.16.1,en,0,fdb77cc8-9d10-41f9-947a-8ff895ada82d,Groww,com.nextbillion.groww,google_play_public_no_login_fetcher
good stock broker 👍,,5,2026-09-03,play_store,18.16.1,en,0,7e231bc7-a7f5-40f7-8027-5b3a41e7c347,Groww,com.nextbillion.groww,google_play_public_no_login_fetcher
Good App,,5,2026-09-03,play_store,18.16.1,en,0,796bae86-40d0-46b0-ac2d-16a67336d298,Groww,com.nextbillion.groww,google_play_public_no_login_fetcher
dekchi bhalo ki na🙂,,2,2026-09-03,play_store,,en,0,49253fef-3ef9-46f3-ba98-ec9bbf94f86e,Groww,com.nextbillion.groww,google_play_public_no_login_fetcher
👍i🙏💯i,,3,2026-09-03,play_store,,en,0,60be1f1c-ec8e-405b-a6be-bd3d2d28c2a5,Groww,com.nextbillion.groww,google_play_public_no_login_fetcher
best,,5,2026-09-03,play_store,18.16.1,en,0,e099dbf4-4964-45c3-86b3-ebdd2992fdca,Groww,com.nextbillion.groww,google_play_public_no_login_fetcher
Good demat but brokerage charge high please isko kam kariye Thank you,,4,2026-09-03,play_store,18.16.1,en,1,4caf3c83-d249-4289-9b9e-c50f576c5646,Groww,com.nextbillion.groww,google_play_public_no_login_fetcher
good,,5,2026-09-03,play_store,18.13.2,en,1,e83fdc50-f39b-4133-96d5-5ea4a1bc9ca0,Groww,com.nextbillion.groww,google_play_public_no_login_fetcher
Whenever you take trade even if you are correct they will show you in loss. Also when you profit they give you less amount. Soon this app will be a complete loss and shutdown soon.,,1,2026-09-03,play_store,18.16.1,en,1,bfa6fa55-d6b9-4b81-aab5-7d3794955568,Groww,com.nextbillion.groww,google_play_public_no_login_fetcher
superb,,5,2026-09-03,play_store,18.16.1,en,0,9f03ee37-e84d-48cf-8c88-0fdc240fac73,Groww,com.nextbillion.groww,google_play_public_no_login_fetcher
excellent,,5,2026-09-03,play_store,18.16.1,en,0,63cb8f94-f111-4229-afce-7dd54b89f240,Groww,com.nextbillion.groww,google_play_public_no_login_fetcher
"plz scalper ka swich right side se hataye, back karte samay baar baar preshani peida krta h",,5,2026-09-03,play_store,,en,0,2e6ca0ec-ad3e-4973-b253-804bcf594695,Groww,com.nextbillion.groww,google_play_public_no_login_fetcher
good app,,5,2026-09-03,play_store,18.16.1,en,0,ddab41a0-4e38-4d07-ac8f-e59afc6745ef,Groww,com.nextbillion.groww,google_play_public_no_login_fetcher
nice,,5,2026-09-03,play_store,18.16.1,en,0,ea817e52-dc88-42bb-b533-69c6b894fd0a,Groww,com.nextbillion.groww,google_play_public_no_login_fetcher
great,,5,2026-09-03,play_store,18.16.1,en,0,f2e52b26-98f1-4766-b28e-aa6fc601add8,Groww,com.nextbillion.groww,google_play_public_no_login_fetcher
very good 👍,,5,2026-09-03,play_store,18.15.1,en,0,a2a55945-c96c-4ddf-9f65-d34e27af86c6,Groww,com.nextbillion.groww,google_play_public_no_login_fetcher
Discover something interesting quickly,,5,2026-09-03,play_store,,en,0,bf332ddf-e31f-4889-9e5a-de50f509c04a,Groww,com.nextbillion.groww,google_play_public_no_login_fetcher
ok,,5,2026-09-03,play_store,18.16.1,en,0,a3c7be3d-65d4-416f-89ce-1e163e2ab9ca,Groww,com.nextbillion.groww,google_play_public_no_login_fetcher
good,,5,2026-09-03,play_store,18.16.1,en,1,8fd43970-e85d-41a7-851f-cf2bbee5bdea,Groww,com.nextbillion.groww,google_play_public_no_login_fetcher
good,,5,2026-09-03,play_store,18.16.1,en,0,0bc7ffa8-e6f1-4167-9d13-71e9f8da309e,Groww,com.nextbillion.groww,google_play_public_no_login_fetcher
very good,,5,2026-09-03,play_store,18.16.1,en,0,25842833-1afa-417e-8851-0a8cb35a84f1,Groww,com.nextbillion.groww,google_play_public_no_login_fetcher
nice,,5,2026-09-03,play_store,18.16.1,en,0,ff5e9750-ad35-470c-965e-409d5d924162,Groww,com.nextbillion.groww,google_play_public_no_login_fetcher
india no 1 app,,5,2026-09-03,play_store,18.16.1,en,0,20566b5d-d460-4f82-a579-19bef07c13f3,Groww,com.nextbillion.groww,google_play_public_no_login_fetcher
verry verry bad application so suks percentage leval verry High,,1,2026-09-03,play_store,18.16.1,en,0,64e286a4-1a60-46f2-9ceb-6373bfd5ef87,Groww,com.nextbillion.groww,google_play_public_no_login_fetcher
install Install app and use it for sometime,,5,2026-09-03,play_store,18.16.1,en,0,3c2f8d27-a17c-499c-8b79-5cdc0ec2fecb,Groww,com.nextbillion.groww,google_play_public_no_login_fetcher
super 👌,,4,2026-09-03,play_store,18.16.1,en,2,f31c8de9-76a0-420c-abfb-87818f056028,Groww,com.nextbillion.groww,google_play_public_no_login_fetcher
My experience is Good 😊,,5,2026-09-03,play_store,18.15.1,en,0,bfa6cfe7-df1c-4526-9897-4512a67f22f0,Groww,com.nextbillion.groww,google_play_public_no_login_fetcher
The app is super friendly for beginners and MF investment but really needs to work on the customer service please put a real human who can listen and help us properly for any issues.,,3,2026-09-03,play_store,18.16.1,en,1,755e04f6-4116-4afd-912b-1a45b0636261,Groww,com.nextbillion.groww,google_play_public_no_login_fetcher
aa se w aa wa as a,,2,2026-09-03,play_store,17.50,en,0,ac811789-98d9-4e2d-b36f-c6d97b756df4,Groww,com.nextbillion.groww,google_play_public_no_login_fetcher
good,,5,2026-09-03,play_store,18.16.1,en,0,704dceb3-f245-4d2f-8721-5b64b22b2f1b,Groww,com.nextbillion.groww,google_play_public_no_login_fetcher
good👍,,5,2026-09-03,play_store,18.15.1,en,0,99a433e4-6bc4-4c86-89a2-cd34ebf36c45,Groww,com.nextbillion.groww,google_play_public_no_login_fetcher
thank you so much 👍,,5,2026-09-03,play_store,18.1.1,en,0,fb45da19-9b1a-48d6-9b78-184b319650e8,Groww,com.nextbillion.groww,google_play_public_no_login_fetcher
excellent,,5,2026-09-03,play_store,18.16.1,en,0,7a10fc49-fd8c-4861-aac7-037a01c2dfb8,Groww,com.nextbillion.groww,google_play_public_no_login_fetcher
Excellent 👌,,5,2026-09-03,play_store,18.16.1,en,0,0c578ef7-cbb8-4edf-8b41-1b3131dfd20b,Groww,com.nextbillion.groww,google_play_public_no_login_fetcher
Best investment app,,4,2026-09-03,play_store,18.13.1,en,1,5c171b57-0243-4d89-a77d-834585f51506,Groww,com.nextbillion.groww,google_play_public_no_login_fetcher
❤,,5,2026-09-03,play_store,18.16.1,en,0,8785c054-9454-4bae-93b0-24d2243a1123,Groww,com.nextbillion.groww,google_play_public_no_login_fetcher
good advance,,4,2026-09-03,play_store,18.16.1,en,1,67590769-dd48-4c87-bcb4-20b5bfe8f118,Groww,com.nextbillion.groww,google_play_public_no_login_fetcher
Amazing NextFin easy apply loan daily,,5,2026-09-03,play_store,,en,0,8fd0a3b0-1034-4b8f-9152-44a7e37a2948,Groww,com.nextbillion.groww,google_play_public_no_login_fetcher
About latest update 👎In your android mobile it's difficult to press back button because of automatically going to touch scalping option.,,1,2026-09-03,play_store,,en,0,ea297b0c-1a02-423b-9fa2-d77f707014fd,Groww,com.nextbillion.groww,google_play_public_no_login_fetcher
easy app,,5,2026-09-03,play_store,18.16.1,en,0,f858318a-83f0-467c-a56c-38bc9592d3ee,Groww,com.nextbillion.groww,google_play_public_no_login_fetcher
sir pls shift upside this scalper feature from the down side in the chart,,1,2026-09-03,play_store,18.16.1,en,0,aa527183-0808-4cfd-9860-64dd1e2db566,Groww,com.nextbillion.groww,google_play_public_no_login_fetcher
if both target and stop loss be available in delivery trading in the same platform then we may get more profit .,,5,2026-09-03,play_store,18.15.1,en,0,27c61113-a3b8-4d90-a345-95e76462667e,Groww,com.nextbillion.groww,google_play_public_no_login_fetcher
good 👍,,5,2026-09-03,play_store,18.16.1,en,0,9e376366-1062-4a09-889a-6bc3833b1e9b,Groww,com.nextbillion.groww,google_play_public_no_login_fetcher
Good app good experience and I need groww dress plz provide plz plz plz,,5,2026-09-03,play_store,18.16.1,en,0,7f74885c-2a08-4bd6-8c42-e2c491864a15,Groww,com.nextbillion.groww,google_play_public_no_login_fetcher
good 👍,,5,2026-09-03,play_store,18.16.1,en,0,f0423f66-38f6-404a-8d78-279b58f7fde3,Groww,com.nextbillion.groww,google_play_public_no_login_fetcher
good,,5,2026-09-03,play_store,18.16.1,en,0,d6f0e14f-0c80-43db-a9be-48421560f6ce,Groww,com.nextbillion.groww,google_play_public_no_login_fetcher
app stuck problem 5min chart not working properly,,4,2026-09-03,play_store,18.16.1,en,2,d44fe8e4-fb0b-462e-8ebb-e3cde86f440f,Groww,com.nextbillion.groww,google_play_public_no_login_fetcher
good,,5,2026-09-03,play_store,18.8.1,en,0,b3000036-1f38-4cb7-aca3-c35e6319ea1a,Groww,com.nextbillion.groww,google_play_public_no_login_fetcher
Very Good App To Use.,,5,2026-09-03,play_store,18.16.1,en,0,2dba0bde-9533-46d3-a06c-6ce929e1e30f,Groww,com.nextbillion.groww,google_play_public_no_login_fetcher
High chrge app design user friendly but charge is very very high buy selling total profit suvaga,,3,2026-09-03,play_store,,en,0,594f753c-c786-4757-b51c-21808bfa3032,Groww,com.nextbillion.groww,google_play_public_no_login_fetcher
nice,,5,2026-09-03,play_store,18.16.1,en,0,d6959e1c-cbbf-4647-835b-0ba3cafc2f73,Groww,com.nextbillion.groww,google_play_public_no_login_fetcher
nice,,5,2026-09-03,play_store,18.16.1,en,0,fefe8bbc-68e5-4765-a907-47ec783d1229,Groww,com.nextbillion.groww,google_play_public_no_login_fetcher
super,,4,2026-09-03,play_store,18.16.1,en,2,580d77e5-1cd6-429d-9c38-bef07a8a50af,Groww,com.nextbillion.groww,google_play_public_no_login_fetcher
best,,5,2026-09-03,play_store,18.13.2,en,0,013aa37b-bdb1-414f-a940-97dfd0f9800e,Groww,com.nextbillion.groww,google_play_public_no_login_fetcher
good,,5,2026-09-03,play_store,18.16.1,en,0,6f39d996-2a7c-413a-93da-82fb3f4612e1,Groww,com.nextbillion.groww,google_play_public_no_login_fetcher
good 👍😊,,3,2026-09-03,play_store,18.16.1,en,0,df1403af-a446-4481-aad4-da630d00ed23,Groww,com.nextbillion.groww,google_play_public_no_login_fetcher
good,,5,2026-09-03,play_store,18.16.1,en,0,4c251fa5-06fc-40e6-a0d7-a8a9c5aaf230,Groww,com.nextbillion.groww,google_play_public_no_login_fetcher
chor hai sale faltu ke paise cut kr lete pta bhi nhi chalta.. please mt download this app,,1,2026-09-03,play_store,18.16.1,en,0,414ca220-2470-481a-b6ab-ce0a403608ab,Groww,com.nextbillion.groww,google_play_public_no_login_fetcher
so easy,,5,2026-09-03,play_store,18.16.1,en,0,91ab64fa-c016-4f6f-98c3-2a9d2fd7394f,Groww,com.nextbillion.groww,google_play_public_no_login_fetcher
great app love it,,5,2026-09-03,play_store,18.16.1,en,0,e5c0e419-7d84-47a5-9878-0d26ebbd1e3b,Groww,com.nextbillion.groww,google_play_public_no_login_fetcher
mental punda chat...la scalping on off switch edu bro back switch um anga dhan da irukku touch ayuttu Oder vilunthu 10000 loss da thayolli oluinga atha thukku illana vera broker dha pakkanum,,1,2026-09-03,play_store,,en,0,73a007f2-c17c-4cb2-bf95-36b05807c03e,Groww,com.nextbillion.groww,google_play_public_no_login_fetcher
ok,,5,2026-09-03,play_store,18.16.1,en,0,dd73a7ce-bfca-4174-bebe-6300a174ff63,Groww,com.nextbillion.groww,google_play_public_no_login_fetcher
exilant Trading App 👌👌,,5,2026-09-03,play_store,18.15.1,en,0,2c443edb-d82e-4a21-a760-508730dd9ac6,Groww,com.nextbillion.groww,google_play_public_no_login_fetcher
good 😊,,5,2026-09-03,play_store,18.15.1,en,0,895f6787-b036-4019-86e2-1f5bb14d82e2,Groww,com.nextbillion.groww,google_play_public_no_login_fetcher
"So Far, So Good...!👌👍 Time for Next-Level Features Thanks Groww for listening to user feedback and adding key updates since my last review! To make it top-tier for active traders, please add: * Dynamic Trailing Profit: Automatically trail profits past the target to ride market trends until a reversal, Maximizing Gains💰 * Customizable Algo Trading: A flexible, versatile algo platform to automate custom setups and strategies effortlessly. Looking forward to seeing these implemented soon!",,4,2026-09-03,play_store,18.16.1,en,5,86e634ee-0f34-4203-a2d4-931f0ae28a69,Groww,com.nextbillion.groww,google_play_public_no_login_fetcher
useful,,4,2026-09-03,play_store,18.16.1,en,1,126dbf8f-0a7a-46b0-8ad2-7b80b05ce846,Groww,com.nextbillion.groww,google_play_public_no_login_fetcher
nice,,5,2026-09-03,play_store,18.15.1,en,0,dc18f586-26fc-45b7-9a37-c367b4e91e40,Groww,com.nextbillion.groww,google_play_public_no_login_fetcher
worst customer care that ghosts us if you ask any questions,,1,2026-09-03,play_store,18.16.1,en,0,b89a5834-0b97-4fb6-95f6-5acc113e0df5,Groww,com.nextbillion.groww,google_play_public_no_login_fetcher
well done,,5,2026-09-03,play_store,18.16.1,en,0,6e369980-7caa-4b53-aeb7-465a83523b29,Groww,com.nextbillion.groww,google_play_public_no_login_fetcher
"1 star is just to get your attention to this matter, will change it later! 1. SmartExit needs an automatic Trailing Stop Loss Option! Please check Fyers for inspiration! 2. Charts loading in mobile app get stuck frequently, any reason or fix to it? 3. Independent CPR indicator and Previous Day High and Previous Day Low, Previous Day Close marking indicator are required. Again, please check Fyers for inspiration! Please reply, if at all do you have any plans for implementing these ? Thanks",,1,2026-09-03,play_store,18.16.1,en,197,84e04ab9-48b5-47d2-95ab-0e2a1c899b95,Groww,com.nextbillion.groww,google_play_public_no_login_fetcher
😲 WOW,,5,2026-09-03,play_store,18.15.1,en,0,3aa9384e-69ea-4dcc-aad1-8a8a4a9d273d,Groww,com.nextbillion.groww,google_play_public_no_login_fetcher
Its really good,,4,2026-09-03,play_store,18.16.1,en,0,49e0aa8e-5aff-45f7-9a5d-6e32e33b6c38,Groww,com.nextbillion.groww,google_play_public_no_login_fetcher
good aplication,,5,2026-09-03,play_store,18.15.1,en,0,2ac56836-b8fe-4155-ab20-70d4a303175c,Groww,com.nextbillion.groww,google_play_public_no_login_fetcher
best app for growth of your money,,5,2026-09-03,play_store,18.4.3,en,0,673bae21-8b33-48c5-bd8c-858149c5bba7,Groww,com.nextbillion.groww,google_play_public_no_login_fetcher
very very good app,,5,2026-09-03,play_store,18.16.1,en,0,0f6caa87-abc1-4708-b4e6-8680fb98c70f,Groww,com.nextbillion.groww,google_play_public_no_login_fetcher
gray market premium not available kindly request please add this feature,,5,2026-09-03,play_store,18.16.1,en,0,4a76dd1a-14ed-4b15-bf3f-c24e5fbd8817,Groww,com.nextbillion.groww,google_play_public_no_login_fetcher
it's easy to operate and Nice to use.,,4,2026-09-03,play_store,18.16.1,en,2,34284f01-a799-46e4-b006-553931fd31d9,Groww,com.nextbillion.groww,google_play_public_no_login_fetcher
i become a millionaire within a month you guys should try it highly recommend,,5,2026-09-03,play_store,18.16.1,en,0,6b7b477e-6d2e-40e3-b3fc-1be3f5cfbe35,Groww,com.nextbillion.groww,google_play_public_no_login_fetcher
vary best,,4,2026-09-03,play_store,18.13.2,en,0,daccb696-cadf-4d2f-bf8b-a17f7e80d77b,Groww,com.nextbillion.groww,google_play_public_no_login_fetcher
Add the recently viewed stocks feature again it is very helpful......,,5,2026-09-03,play_store,18.16.1,en,0,5bc50abd-7447-45e2-80a8-0f88abb2b17d,Groww,com.nextbillion.groww,google_play_public_no_login_fetcher
👍,,5,2026-09-03,play_store,18.16.1,en,0,138ff4f4-3720-47a0-af43-0b838902a0e0,Groww,com.nextbillion.groww,google_play_public_no_login_fetcher
ok,,5,2026-09-03,play_store,18.15.1,en,0,df739443-139c-4a20-a0c4-e4d6b8ff4530,Groww,com.nextbillion.groww,google_play_public_no_login_fetcher
good app. thanks for grow team.,,5,2026-09-03,play_store,18.16.1,en,0,84892916-1095-4c5d-b419-47350156cc2a,Groww,com.nextbillion.groww,google_play_public_no_login_fetcher
Good,,4,2026-09-03,play_store,18.16.1,en,0,98ec8196-619b-42c4-a104-918f9bd4eacc,Groww,com.nextbillion.groww,google_play_public_no_login_fetcher
good,,5,2026-09-03,play_store,18.16.1,en,0,473bf14a-f0ef-41ba-a982-31add4271e3f,Groww,com.nextbillion.groww,google_play_public_no_login_fetcher
Very helpful for self growth 📈,,5,2026-09-03,play_store,18.16.1,en,0,bd81a88c-4d4f-473e-9d39-f9c98d4f49c0,Groww,com.nextbillion.groww,google_play_public_no_login_fetcher
Nice 👍,,5,2026-09-03,play_store,18.16.1,en,0,39b4e467-568c-4d26-95a4-a14a4dbda5a0,Groww,com.nextbillion.groww,google_play_public_no_login_fetcher
very handy,,5,2026-09-03,play_store,18.15.1,en,0,b0fdfcef-09ce-4476-bd4b-3b3c111c6abf,Groww,com.nextbillion.groww,google_play_public_no_login_fetcher
It's really very good 👍,,5,2026-09-03,play_store,18.15.1,en,0,b51918d0-6c42-495a-b00e-2f3413dd016c,Groww,com.nextbillion.groww,google_play_public_no_login_fetcher
please update the app bcoz when we open chart the navigation buttons are disappeared.,,3,2026-09-03,play_store,18.16.1,en,2,27a89fa0-f08c-4cc8-b173-079b33085421,Groww,com.nextbillion.groww,google_play_public_no_login_fetcher
good app to trade.,,5,2026-09-03,play_store,18.16.1,en,1,9b98aef8-d85e-48bb-bb28-19532a33cff1,Groww,com.nextbillion.groww,google_play_public_no_login_fetcher
Scalper mode me split screen me index ka chart Move nhi krta hai bs premium ka move krta ye kya glitch hai esko sudharo groww team wale,,1,2026-09-03,play_store,18.16.1,en,0,544024ce-71e6-407d-995b-b4df72fd5d75,Groww,com.nextbillion.groww,google_play_public_no_login_fetcher
ok,,5,2026-09-03,play_store,18.16.1,en,0,fac6b29a-c6b6-4fd0-8b82-0c9a7428e8fa,Groww,com.nextbillion.groww,google_play_public_no_login_fetcher
Nice apps,,5,2026-09-03,play_store,18.16.1,en,0,7138af7d-d339-4f83-acde-1d4d355be84a,Groww,com.nextbillion.groww,google_play_public_no_login_fetcher
very nice 👍 app,,5,2026-09-03,play_store,18.16.1,en,0,205aff14-5a8b-4b4b-8dfa-0c1d6f26c823,Groww,com.nextbillion.groww,google_play_public_no_login_fetcher
good,,5,2026-09-03,play_store,18.10.1,en,0,214d3400-896c-4419-892f-317d542139a6,Groww,com.nextbillion.groww,google_play_public_no_login_fetcher
brokerage charge very high,,2,2026-09-03,play_store,17.92.3,en,0,b641bda5-1158-45a4-bba2-cf49191d4e43,Groww,com.nextbillion.groww,google_play_public_no_login_fetcher
good,,5,2026-09-03,play_store,18.16.1,en,1,2b24c491-3134-4a03-a4c2-d9eecd50286f,Groww,com.nextbillion.groww,google_play_public_no_login_fetcher
super,,5,2026-09-03,play_store,18.16.1,en,0,e3bf997f-a828-49b7-9396-0fcb647906a0,Groww,com.nextbillion.groww,google_play_public_no_login_fetcher
order execution takes a lot more time than expected in 2-3 seconds 5 to 6 k loss occurred,,3,2026-09-03,play_store,18.16.1,en,2,c6a432bb-eedd-429e-a671-30b3bc7d778a,Groww,com.nextbillion.groww,google_play_public_no_login_fetcher
good app,,5,2026-09-03,play_store,18.16.1,en,1,1ee3ed6d-92f8-45cd-892f-c35a68bd4d67,Groww,com.nextbillion.groww,google_play_public_no_login_fetcher
aa aaaas Aa aa zzZ ss ss ss A aaz Saz,,4,2026-09-03,play_store,,en,0,38fd4d05-adc9-4abe-9ab7-a6cd0b85dd1c,Groww,com.nextbillion.groww,google_play_public_no_login_fetcher
user friendly,,5,2026-09-03,play_store,18.16.1,en,1,db23c9d3-0239-4948-97ed-bb6b290aee8a,Groww,com.nextbillion.groww,google_play_public_no_login_fetcher
osm,,5,2026-09-03,play_store,18.16.1,en,1,7865ae29-01ee-46f6-a034-da23f2a13dcd,Groww,com.nextbillion.groww,google_play_public_no_login_fetcher
Good Seervice,,5,2026-09-03,play_store,18.16.1,en,0,7c553f11-2ece-46d7-81f9-d6f2dfa22f4a,Groww,com.nextbillion.groww,google_play_public_no_login_fetcher
the app is good to use but one thing is very annoying that when you are in trade you can't setup sl and target same on the chart.,,3,2026-09-03,play_store,18.16.1,en,2,0122bf29-8215-47e6-948e-e51c3341e164,Groww,com.nextbillion.groww,google_play_public_no_login_fetcher
"after update touch is not working specially upper part like search, profile and groww logo not working",,2,2026-09-03,play_store,18.16.1,en,1,86d767ea-9072-4123-b5e2-450e70087e52,Groww,com.nextbillion.groww,google_play_public_no_login_fetcher
good,,5,2026-09-03,play_store,18.16.1,en,0,64284a25-88c1-4168-81ec-89630d03296f,Groww,com.nextbillion.groww,google_play_public_no_login_fetcher
very nice service,,5,2026-09-03,play_store,18.16.1,en,1,16a1a58c-3c1f-4cbc-b5f5-5f5559c7f515,Groww,com.nextbillion.groww,google_play_public_no_login_fetcher
good app,,5,2026-09-03,play_store,18.14.1,en,0,f42681b0-39d3-4b6d-ad46-44584baa2e02,Groww,com.nextbillion.groww,google_play_public_no_login_fetcher
I requested to change minor correction in Demat opening and Aadhar card and PANCARD. The entire process online. Now all Mutual fund houses are going online demat account opening. CERSAI KYC identifier 14 digit column not inserted backend form designers. It avoids prospective clients the trouble of scanning PAN CARD AND Aadhar CARD uploading. Still insisting physical xerox copies to be sent through courier. They routinely reply.,,2,2026-09-03,play_store,18.16.1,en,1,adc8f248-b42a-40f9-9852-f88907d29906,Groww,com.nextbillion.groww,google_play_public_no_login_fetcher
Maina ak din main option trading karka 500 sa 5000 banaya,,5,2026-09-03,play_store,18.16.1,en,1,dac38f03-4d2f-4656-952a-da625038cd9f,Groww,com.nextbillion.groww,google_play_public_no_login_fetcher
excellent 👍,,5,2026-09-03,play_store,18.16.1,en,0,abd576ff-caff-41e9-904a-0a5b35e762ec,Groww,com.nextbillion.groww,google_play_public_no_login_fetcher
good,,5,2026-09-03,play_store,18.16.1,en,0,5a4df12d-c87a-4dfc-be0c-5f29ad788626,Groww,com.nextbillion.groww,google_play_public_no_login_fetcher
Nice,,4,2026-09-03,play_store,18.16.1,en,1,efc1ecb0-30b5-4d48-8ef8-1da757c959e4,Groww,com.nextbillion.groww,google_play_public_no_login_fetcher
it is a very good broker. groww should start everyday sip. also groww should have their own international Mf.,,5,2026-09-03,play_store,18.15.1,en,0,6affb3dd-172d-4b3d-962d-760dc8b6ee36,Groww,com.nextbillion.groww,google_play_public_no_login_fetcher
excellent,,5,2026-09-03,play_store,18.14.1,en,0,dd23f8e9-e075-4717-8f4e-0dd6fa25858a,Groww,com.nextbillion.groww,google_play_public_no_login_fetcher
superb app,,5,2026-09-03,play_store,18.16.1,en,0,03f9b6fc-3a89-487e-8f4d-c4d06fb03edd,Groww,com.nextbillion.groww,google_play_public_no_login_fetcher
very good,,5,2026-09-03,play_store,18.16.1,en,0,f1871c09-0cb0-40a7-b32e-b711489fda76,Groww,com.nextbillion.groww,google_play_public_no_login_fetcher
rait,,4,2026-09-03,play_store,18.16.1,en,0,e12a0a6c-24cb-4e86-b54b-bca7afd16568,Groww,com.nextbillion.groww,google_play_public_no_login_fetcher
it's longer loss companys,,5,2026-09-03,play_store,18.16.1,en,0,ec01946b-58ee-4831-a9bc-409de185cb1d,Groww,com.nextbillion.groww,google_play_public_no_login_fetcher
good aap for investment,,5,2026-09-03,play_store,18.16.1,en,0,b59e5616-7b23-4333-b256-77446d1dcfc6,Groww,com.nextbillion.groww,google_play_public_no_login_fetcher
very nice work and Easy Well done Groww,,5,2026-09-03,play_store,18.16.1,en,0,b23a3ae2-adad-42d4-b7be-e2184fa1a482,Groww,com.nextbillion.groww,google_play_public_no_login_fetcher
very good groww work and all to much,,5,2026-09-03,play_store,18.16.1,en,0,51a2d8cc-e4b6-4186-a231-45ed41c72e4c,Groww,com.nextbillion.groww,google_play_public_no_login_fetcher
very good app,,4,2026-09-02,play_store,18.16.1,en,0,04115fe7-dba4-4551-96db-aa175defc81d,Groww,com.nextbillion.groww,google_play_public_no_login_fetcher
good,,5,2026-09-02,play_store,18.16.1,en,1,de55fc29-0600-4b47-aa8a-f12ba22999cd,Groww,com.nextbillion.groww,google_play_public_no_login_fetcher
Good One🫡,,5,2026-09-02,play_store,18.16.1,en,0,733f9366-8747-4403-9fa5-d7430b74e53a,Groww,com.nextbillion.groww,google_play_public_no_login_fetcher
okay,,5,2026-09-02,play_store,18.16.1,en,0,6091b350-b636-4cb9-9876-dd2dda0c490a,Groww,com.nextbillion.groww,google_play_public_no_login_fetcher
nice apps,,5,2026-09-02,play_store,18.16.1,en,0,f88bc0d4-233f-4281-9fe1-d0db6233598a,Groww,com.nextbillion.groww,google_play_public_no_login_fetcher
"all expense ratios are incorrect on Groww. that's not acceptable. For ex, TrustMF Midcap or TrustMF small cap is mentioned 2%, in reality it's 0.45%. Abbakkus Large and Mid 3.5%. Is that a joke?",,1,2026-09-02,play_store,,en,1,6ab422a5-38b0-429a-b293-1377e0cbc85f,Groww,com.nextbillion.groww,google_play_public_no_login_fetcher
good,,5,2026-09-02,play_store,18.13.2,en,0,4b3c9ad7-a06e-4031-b28e-c3ca9360ed5d,Groww,com.nextbillion.groww,google_play_public_no_login_fetcher
wonderful,,5,2026-09-02,play_store,18.16.1,en,0,1413f865-86b9-47cf-a0ac-dc65875e9c48,Groww,com.nextbillion.groww,google_play_public_no_login_fetcher
easy to use,,4,2026-09-02,play_store,18.16.1,en,1,c7fdc8ff-1638-417e-830e-2c4a5d044e15,Groww,com.nextbillion.groww,google_play_public_no_login_fetcher
best app share market,,5,2026-09-02,play_store,18.16.1,en,0,582f2abd-29fd-4127-97d6-33fc92f7eea7,Groww,com.nextbillion.groww,google_play_public_no_login_fetcher
very nice,,5,2026-09-02,play_store,18.16.1,en,0,e23333f5-4989-4451-b8d9-f2f072118593,Groww,com.nextbillion.groww,google_play_public_no_login_fetcher
good,,5,2026-09-02,play_store,18.15.1,en,0,e8fefd77-1e56-47a5-adf4-01d085a04e12,Groww,com.nextbillion.groww,google_play_public_no_login_fetcher
good,,2,2026-09-02,play_store,18.15.1,en,0,74ef28ac-0ac0-4696-82da-62c17b8f27af,Groww,com.nextbillion.groww,google_play_public_no_login_fetcher
GR-1 is removed?,,1,2026-09-02,play_store,18.16.1,en,0,7fd62f41-6959-4f8d-a1e2-f41012ad828e,Groww,com.nextbillion.groww,google_play_public_no_login_fetcher
2019 nunchi grow account use chestunnanu chala comfortable ga untadhi naaku baga nachindhi,,5,2026-09-02,play_store,18.16.1,en,0,82f5ea2c-a444-4d12-9945-eac1fd44dc99,Groww,com.nextbillion.groww,google_play_public_no_login_fetcher
App was working fine. after the update the navigation button becomes auto hide on candle page. this is too annoying.,,3,2026-09-02,play_store,18.16.1,en,1,5b403b10-f7b4-4be3-81da-0ad0a4b1a893,Groww,com.nextbillion.groww,google_play_public_no_login_fetcher
Good app,,5,2026-09-02,play_store,18.16.1,en,0,b5d54e1f-980d-49da-a9be-1a8833176611,Groww,com.nextbillion.groww,google_play_public_no_login_fetcher
good,,5,2026-09-02,play_store,18.16.1,en,0,ec3724a8-ed42-4bdc-aadd-d2f40ac02252,Groww,com.nextbillion.groww,google_play_public_no_login_fetcher
good,,5,2026-09-02,play_store,18.16.1,en,0,bca5c2bd-9a65-46fd-9d77-f5a364a2b684,Groww,com.nextbillion.groww,google_play_public_no_login_fetcher
ll be,,1,2026-09-02,play_store,18.15.1,en,1,9b151a57-670f-4d3e-8935-b9f7399017af,Groww,com.nextbillion.groww,google_play_public_no_login_fetcher
worst customer care service most of the time it took more than 15 min to connect to customer care it always say more than 5 min we will connect you pathetic customer care response,,1,2026-09-02,play_store,18.16.1,en,0,eaa09eb2-8127-416c-9854-f34c9a83559c,Groww,com.nextbillion.groww,google_play_public_no_login_fetcher
ok,,5,2026-09-02,play_store,18.16.1,en,0,5c7ad007-9b3a-454b-b681-c246ccaaa6b6,Groww,com.nextbillion.groww,google_play_public_no_login_fetcher
make money with groww & your life growth,,5,2026-09-02,play_store,18.16.1,en,0,b2167242-2aad-4dfc-8d23-8fcef7237676,Groww,com.nextbillion.groww,google_play_public_no_login_fetcher
very nice interface,,5,2026-09-02,play_store,18.16.1,en,0,ac1363f4-a12c-4317-b33d-64ac91282dfc,Groww,com.nextbillion.groww,google_play_public_no_login_fetcher
useful app,,5,2026-09-02,play_store,,en,1,f062276d-21d2-4233-bcdf-50ada4dd21e8,Groww,com.nextbillion.groww,google_play_public_no_login_fetcher
good,,5,2026-09-02,play_store,18.15.1,en,0,ef863dc9-9b24-4557-b1f7-1f598e7c13a7,Groww,com.nextbillion.groww,google_play_public_no_login_fetcher
good,,5,2026-09-02,play_store,18.16.1,en,0,3f03a42c-0962-4dac-b68b-879145abaec3,Groww,com.nextbillion.groww,google_play_public_no_login_fetcher
I'm using from last years ot really good app and customer care service is fantastic,,5,2026-09-02,play_store,18.16.1,en,0,b5be262e-8ed8-4f89-aded-766e0d44b2e7,Groww,com.nextbillion.groww,google_play_public_no_login_fetcher
brokerage charges are so high that i have to move to another peers to save my money from this greedy broker ...!,,1,2026-09-02,play_store,18.16.1,en,1,5ac9b337-4605-41d6-b825-d39beb486536,Groww,com.nextbillion.groww,google_play_public_no_login_fetcher
sir...dusre demat app me login ke liye only mobile no. use hota hai... Or apki app me email id compulsory salana pdta hai... fir pasward vera dlana padta... bahut dikkat hoti hai..... ap ak bar upstok or angle app khol ke dekh to kitna easy login hota hai..... apki app me ye bahut bdi dikkat hai... isko sudharo. . .. Or demo dekhna ho to upstok me logi kr ke dekh lo,,1,2026-09-02,play_store,18.16.1,en,0,77f11d4f-d86b-4fb9-87fc-9809416d941a,Groww,com.nextbillion.groww,google_play_public_no_login_fetcher
u guys deserve 5 star but need to learn some features from zerodha ..3.50 pm there is after market transaction which zerodha allows but groww don't allow ...please look into it ...also at pre open of ipo zerodha allow us to place order before 9.38 but groww doesn't,,1,2026-09-02,play_store,18.16.1,en,0,4015b72e-1a23-4d93-8a13-599892049c20,Groww,com.nextbillion.groww,google_play_public_no_login_fetcher
very good,,5,2026-09-02,play_store,18.15.1,en,0,61bb52cf-ea91-461e-875d-bcc7611f6d2d,Groww,com.nextbillion.groww,google_play_public_no_login_fetcher
groww trading in best plateform apps.,,5,2026-09-02,play_store,18.16.0,en,0,af9ebadd-1587-4ea8-938f-37cef1596e90,Groww,com.nextbillion.groww,google_play_public_no_login_fetcher
good 👍👍👍,,5,2026-09-02,play_store,18.16.1,en,0,a106a22f-af4a-4d37-83c6-b30717b9e2e1,Groww,com.nextbillion.groww,google_play_public_no_login_fetcher
not happy..After new update scalper option is given down that is very irritating every time. its getting pressed all the time.. pls change its position.,,4,2026-09-02,play_store,,en,0,4be4899f-1ad1-4ab0-8a63-fd0d0d671ae3,Groww,com.nextbillion.groww,google_play_public_no_login_fetcher
nice,,4,2026-09-02,play_store,18.9.0,en,1,73ade165-c8fa-41fe-ae39-747218179a0a,Groww,com.nextbillion.groww,google_play_public_no_login_fetcher
very good app,,5,2026-09-02,play_store,18.16.1,en,0,e53543da-bace-4d31-bdac-cfaf5e5e9713,Groww,com.nextbillion.groww,google_play_public_no_login_fetcher
accha aap hai,,4,2026-09-02,play_store,18.16.1,en,1,cf71902e-04e9-4635-82b3-a82fce77f226,Groww,com.nextbillion.groww,google_play_public_no_login_fetcher
good,,5,2026-09-02,play_store,18.16.1,en,0,6d05adbc-0d19-4959-b117-e96555e13b90,Groww,com.nextbillion.groww,google_play_public_no_login_fetcher
Good for a new learners in stock markets.,,5,2026-09-02,play_store,18.15.1,en,0,e64cf799-a704-4c5a-b272-889f54bfb9a5,Groww,com.nextbillion.groww,google_play_public_no_login_fetcher
nice,,5,2026-09-02,play_store,18.16.1,en,0,385c687d-2625-4b46-938a-8cda9e0553ad,Groww,com.nextbillion.groww,google_play_public_no_login_fetcher
nice,,5,2026-09-02,play_store,18.16.1,en,0,02c14d29-1c4a-4925-9cf4-7f5ba965b8ad,Groww,com.nextbillion.groww,google_play_public_no_login_fetcher
Good,,5,2026-09-02,play_store,18.16.1,en,0,73d7ae60-331a-4efa-81dd-533be5b2f2c2,Groww,com.nextbillion.groww,google_play_public_no_login_fetcher
share holding pattern pura glt dikhati hai ye app maine screener me check Kiya or yaha check totally different hai. fix this issue ap logo ko glt information de rahe ho dusra scalping ka button jb se neeche kiya tb se bar bar chat change ho jata hai kabhi trading view mode me krte hai to scalping mode me aa jata hai use change krte hai to grow mode me aa jata hai kyoki jaha scalping ka button hai vahi pr phone ka back jane ka key hai use dbane pr scalping mode on ho jata hai ise uper le jaye,,1,2026-09-02,play_store,18.16.1,en,1,0b14818e-4aa7-435b-9b58-1c994764bfef,Groww,com.nextbillion.groww,google_play_public_no_login_fetcher
good 👍😊 😊😊😊😊😊😊😊😊😊😊😊😊😊😊😊😊😊😊,,4,2026-09-02,play_store,18.16.1,en,0,21e35961-4bdd-426e-a690-517dc6b51f1f,Groww,com.nextbillion.groww,google_play_public_no_login_fetcher
registration completed!,,5,2026-09-02,play_store,18.16.1,en,0,cd53ea42-97be-47db-ae14-6afb4775bb11,Groww,com.nextbillion.groww,google_play_public_no_login_fetcher
ok,,5,2026-09-02,play_store,18.14.2,en,0,37664fff-d1c8-4ce3-9ddc-2dc76b5bf964,Groww,com.nextbillion.groww,google_play_public_no_login_fetcher
nice 👍🏻,,5,2026-09-02,play_store,18.16.1,en,0,f6fb6f87-b4b9-4201-9c48-eee869b1bee6,Groww,com.nextbillion.groww,google_play_public_no_login_fetcher
best app,,5,2026-09-02,play_store,,en,0,cde55157-9e59-45f8-bea5-95d2b3f14927,Groww,com.nextbillion.groww,google_play_public_no_login_fetcher
good,,5,2026-09-02,play_store,18.16.1,en,0,e42d5836-3ba5-462f-aab7-aabd879c4786,Groww,com.nextbillion.groww,google_play_public_no_login_fetcher
niche chain hta do bhit problem hota hai trading karne me,,1,2026-09-02,play_store,18.16.1,en,0,5ac51077-3bf7-4e39-8244-61b2aa73b8a6,Groww,com.nextbillion.groww,google_play_public_no_login_fetcher
Nice app,,5,2026-09-02,play_store,18.16.1,en,0,767a8490-93f8-41e6-ac59-923ba7e4901c,Groww,com.nextbillion.groww,google_play_public_no_login_fetcher
Very good app,,5,2026-09-02,play_store,18.16.1,en,0,c713d18b-1859-47f2-8dba-89d8644bdf97,Groww,com.nextbillion.groww,google_play_public_no_login_fetcher
nice app 👍🤠,,3,2026-09-02,play_store,18.16.1,en,2,c22b04bb-13c6-4570-ac64-24d78c17fa96,Groww,com.nextbillion.groww,google_play_public_no_login_fetcher
Good for future planning,,5,2026-09-02,play_store,18.16.1,en,0,59a98aca-47b8-4c2e-b45a-4ba9ca096314,Groww,com.nextbillion.groww,google_play_public_no_login_fetcher
"BB DD X x AA AA a @xx BB BB t cc BG g cc b BB x xx v BC vii,,,á2 cc z wwwwzwwzwwwwwwwwwz,2 BH BB cc c cc",,3,2026-09-02,play_store,,en,0,aeb066bb-61e1-43ea-b0d9-d7ca5fa6f005,Groww,com.nextbillion.groww,google_play_public_no_login_fetcher
good,,5,2026-09-02,play_store,18.16.1,en,1,77ab588e-473e-4c15-9765-2fcd0314d4c0,Groww,com.nextbillion.groww,google_play_public_no_login_fetcher
"Hii, Everything is good about Groww while using it for trading, but a problem which I am facing is I can see Many upi ids in ipo payment section please provide any solution to remove it or keep a limit on upi ids in that section",,1,2026-09-02,play_store,18.16.1,en,2,822ebd5c-467b-4b3e-a9c0-37de6fb53f7f,Groww,com.nextbillion.groww,google_play_public_no_login_fetcher
nice 👍,,5,2026-09-02,play_store,18.15.1,en,0,215c644e-bc53-4feb-bb35-8364bad2bbce,Groww,com.nextbillion.groww,google_play_public_no_login_fetcher
good,,5,2026-09-02,play_store,18.13.2,en,0,1a6ea5a7-782a-4f9d-9e31-b032ea5f2d2e,Groww,com.nextbillion.groww,google_play_public_no_login_fetcher
good,,5,2026-09-02,play_store,,en,0,23221acc-aa1f-4724-bdfe-98412eeac7f2,Groww,com.nextbillion.groww,google_play_public_no_login_fetcher
nice experience.,,5,2026-09-02,play_store,18.15.1,en,0,bc93f24c-d254-4afa-8f17-22ed60875d53,Groww,com.nextbillion.groww,google_play_public_no_login_fetcher
scamming app,,1,2026-09-02,play_store,,en,0,4fa50b94-5812-4be6-9db6-7cf4278039ac,Groww,com.nextbillion.groww,google_play_public_no_login_fetcher
using several years today opened zerodha for low brokerage and easy gift share option.,,1,2026-09-02,play_store,18.16.1,en,1,38cf869b-17ab-4110-9fde-5ebcd3f175ec,Groww,com.nextbillion.groww,google_play_public_no_login_fetcher
good. app,,5,2026-09-02,play_store,,en,0,2d5aa3df-6e4d-4d98-8a12-f91357a69aba,Groww,com.nextbillion.groww,google_play_public_no_login_fetcher
supab,,5,2026-09-02,play_store,18.15.1,en,0,72da8fc9-7513-4ae0-8993-0807e3e907c5,Groww,com.nextbillion.groww,google_play_public_no_login_fetcher
excellent app for trading,,5,2026-09-02,play_store,18.16.1,en,1,6ef0bde8-3fe7-4616-b6cf-e16f139fd361,Groww,com.nextbillion.groww,google_play_public_no_login_fetcher
Good experience,,3,2026-09-02,play_store,18.16.0,en,0,f5862f13-97ea-4486-b9a7-9b3885491418,Groww,com.nextbillion.groww,google_play_public_no_login_fetcher
Nice aap,,5,2026-09-02,play_store,18.16.1,en,0,0b803693-4354-45ed-b78f-aa04015b1dbe,Groww,com.nextbillion.groww,google_play_public_no_login_fetcher
🚫🚫🚫,,1,2026-09-02,play_store,18.13.2,en,1,51b1555a-1176-425b-aed9-80f509c60e22,Groww,com.nextbillion.groww,google_play_public_no_login_fetcher
good,,5,2026-09-02,play_store,18.16.1,en,0,49fd2030-9226-4d71-96ef-0d39c4f5c302,Groww,com.nextbillion.groww,google_play_public_no_login_fetcher
"This app is very good, it does not charge any fees and the interest is low. This app has benefited me a lot. I will tell everyone to use this app and fulfill your dreams 😊🙏",,5,2026-09-02,play_store,18.16.1,en,2,86e67e61-acb5-45c9-ae66-4171cc305017,Groww,com.nextbillion.groww,google_play_public_no_login_fetcher
scalper button mobile ke back button me hi he to back karte time bar bar scalper button touch ho jata he. disturb hote he,,1,2026-09-02,play_store,18.16.1,en,0,4a626913-75f7-4da8-bd5c-02d24e78cab2,Groww,com.nextbillion.groww,google_play_public_no_login_fetcher
good 👍🏻😊,,5,2026-09-02,play_store,18.16.1,en,0,4950944e-7aa1-4009-834c-2d3f70457d1d,Groww,com.nextbillion.groww,google_play_public_no_login_fetcher
nice app,,5,2026-09-02,play_store,18.16.1,en,0,3608e75b-88e7-45bf-852f-d2864808949f,Groww,com.nextbillion.groww,google_play_public_no_login_fetcher
good,,5,2026-09-02,play_store,16.73,en,0,b07cd316-f72b-4a09-9756-6b839834c763,Groww,com.nextbillion.groww,google_play_public_no_login_fetcher
it's good to tred,,5,2026-09-02,play_store,18.16.1,en,0,a4663a9f-069f-499c-b3fa-d69dd0c377d4,Groww,com.nextbillion.groww,google_play_public_no_login_fetcher
good,,5,2026-09-02,play_store,18.16.1,en,0,179cb831-4744-4be5-9e19-b3b9a5cd25f4,Groww,com.nextbillion.groww,google_play_public_no_login_fetcher
very good app for long term weath creation,,5,2026-09-02,play_store,18.16.1,en,0,dc4b6de2-d869-4f95-99d0-7429d44ccdbb,Groww,com.nextbillion.groww,google_play_public_no_login_fetcher
best app and fastest working,,5,2026-09-02,play_store,18.16.1,en,0,e617ba8d-c973-4d75-baad-a3a738cc1cda,Groww,com.nextbillion.groww,google_play_public_no_login_fetcher
good,,5,2026-09-02,play_store,18.13.2,en,0,586720db-9568-43ba-b68a-0daa6e3a1905,Groww,com.nextbillion.groww,google_play_public_no_login_fetcher
nice work 💯,,5,2026-09-02,play_store,18.16.1,en,0,3a8ec0df-313e-4325-bc11-96009b111451,Groww,com.nextbillion.groww,google_play_public_no_login_fetcher
equity broker charges,,3,2026-09-02,play_store,18.16.1,en,2,486ba1ff-4d41-42ba-9a1d-7b0f74735716,Groww,com.nextbillion.groww,google_play_public_no_login_fetcher
good 👍😊,,5,2026-09-02,play_store,18.16.1,en,0,a71053ea-2cfa-404a-8d6b-ee0e8119eae6,Groww,com.nextbillion.groww,google_play_public_no_login_fetcher
supar,,5,2026-09-02,play_store,18.16.1,en,0,d0e17491-6adb-494b-8a4b-b1ee9f98ad72,Groww,com.nextbillion.groww,google_play_public_no_login_fetcher
good,,5,2026-09-02,play_store,18.16.1,en,0,4f787a39-9ffa-421b-8f0d-3608164e6606,Groww,com.nextbillion.groww,google_play_public_no_login_fetcher
Excellent App. Outstanding & East to operate. All the very best.,,5,2026-09-02,play_store,18.16.1,en,2,588845c5-9e6f-4b27-8d40-bc65dbfc7d30,Groww,com.nextbillion.groww,google_play_public_no_login_fetcher
good night,,5,2026-09-02,play_store,18.14.2,en,0,13aad407-d70f-4a85-841a-25644b80bcce,Groww,com.nextbillion.groww,google_play_public_no_login_fetcher
good 👍,,5,2026-09-02,play_store,18.16.1,en,0,601a50d2-463e-4499-aefb-8568baa6184c,Groww,com.nextbillion.groww,google_play_public_no_login_fetcher
💐t,,4,2026-09-02,play_store,14.84,en,1,5d281b24-ae74-475a-a43b-1f5d084a7153,Groww,com.nextbillion.groww,google_play_public_no_login_fetcher
Check Dhan App. Groww app should grow now!!!,,2,2026-09-02,play_store,18.16.1,en,0,4ee3a165-3f3f-4909-9f05-fb59b613ac88,Groww,com.nextbillion.groww,google_play_public_no_login_fetcher
good,,5,2026-09-02,play_store,18.16.1,en,0,654292c2-68a0-4f5b-9535-1b88d9bd7756,Groww,com.nextbillion.groww,google_play_public_no_login_fetcher
good,,5,2026-09-02,play_store,18.16.1,en,0,3befe616-d966-4d3a-b53d-d9cec3895068,Groww,com.nextbillion.groww,google_play_public_no_login_fetcher
Nice aap easily understood and usage is also a nice experience. Good aap,,5,2026-09-02,play_store,18.16.1,en,0,ddc253dd-6c56-4116-9c7c-3bea9f8c0504,Groww,com.nextbillion.groww,google_play_public_no_login_fetcher
good service,,5,2026-09-02,play_store,18.16.1,en,0,e410aa6f-8b86-404d-905c-216c45d3a543,Groww,com.nextbillion.groww,google_play_public_no_login_fetcher
good,,5,2026-09-02,play_store,18.16.1,en,0,35852fe6-dd34-4b6d-a769-42ab9325368c,Groww,com.nextbillion.groww,google_play_public_no_login_fetcher
very good,,5,2026-09-02,play_store,18.16.1,en,0,56902d42-c276-4e86-a724-3eed0b32b4ba,Groww,com.nextbillion.groww,google_play_public_no_login_fetcher
good,,5,2026-09-02,play_store,18.16.1,en,0,faf85a22-bf5c-4a18-8cc4-f091707c64f7,Groww,com.nextbillion.groww,google_play_public_no_login_fetcher
nice trading Everything is ⏩ hai,,5,2026-09-02,play_store,18.16.1,en,0,1bc48431-bfef-4e79-933b-0d2e98ac9c6d,Groww,com.nextbillion.groww,google_play_public_no_login_fetcher
SENDING WRONG PAYMENT AMOUNT TO BHIM! Fix this or else change your Product Managers!!,,1,2026-09-02,play_store,,en,0,ea648b85-f8e0-4899-86e6-81a829e032e2,Groww,com.nextbillion.groww,google_play_public_no_login_fetcher
very easy to buy stock and easy to invest money,,5,2026-09-02,play_store,18.16.1,en,0,e182c6a5-093b-46e3-81eb-3ce5d66d241f,Groww,com.nextbillion.groww,google_play_public_no_login_fetcher
very good application,,4,2026-09-02,play_store,18.16.1,en,1,60728c60-3cbb-496e-963b-5a1f0bcb2a3e,Groww,com.nextbillion.groww,google_play_public_no_login_fetcher
good 👍🏿😊,,5,2026-09-02,play_store,18.16.0,en,0,24e5cfb2-b04e-47d5-b84b-0c47119d45a6,Groww,com.nextbillion.groww,google_play_public_no_login_fetcher
all good,,5,2026-09-02,play_store,18.16.1,en,0,62afb772-7e0d-4211-b151-6188f24e0d15,Groww,com.nextbillion.groww,google_play_public_no_login_fetcher
ek toh ye groww app pata nhi kaunsi aafat aari inko update ghatiya ghatiya leke aa jaate hai......please give death penalty to the one who brought this update having scalper option in bottom of screen...everytime I try to hit back button it hits scalper option and your panauti groww chart opens up then I again have to turn off scalper option and again have to switch to trading view chart.......worst update,,1,2026-09-02,play_store,18.16.1,en,0,f469a6ab-5ff5-4147-8e87-c07334412734,Groww,com.nextbillion.groww,google_play_public_no_login_fetcher
"worest and froud app, it holds some amount without explaining the reson on withdraw time.",,1,2026-09-02,play_store,18.16.1,en,0,a3be099d-4171-485e-adc4-efd0be4373a2,Groww,com.nextbillion.groww,google_play_public_no_login_fetcher
super service,,4,2026-09-02,play_store,18.15.1,en,1,265196c6-b817-4139-953c-64f7aa468cfc,Groww,com.nextbillion.groww,google_play_public_no_login_fetcher
worst....,,1,2026-09-02,play_store,,en,0,7f2602cf-7a92-414d-abd6-6bdeed15fccf,Groww,com.nextbillion.groww,google_play_public_no_login_fetcher
last update ui is wrost please remove scalper mode on bottom,,1,2026-09-02,play_store,18.16.1,en,3,4b527b69-33e5-4936-833e-2dab9fefa949,Groww,com.nextbillion.groww,google_play_public_no_login_fetcher
high charges,,3,2026-09-02,play_store,18.13.2,en,1,12e9bf9c-8816-4126-b2df-aa018d2036b0,Groww,com.nextbillion.groww,google_play_public_no_login_fetcher
ok,,5,2026-09-02,play_store,18.16.1,en,0,d0f57230-8ca6-481c-b38f-43a611f84d03,Groww,com.nextbillion.groww,google_play_public_no_login_fetcher
Best,,5,2026-09-02,play_store,18.16.1,en,0,be876545-d8f7-4aaa-8512-dc4b7453a935,Groww,com.nextbillion.groww,google_play_public_no_login_fetcher
nice ☺️☺️☺️,,5,2026-09-02,play_store,18.14.2,en,0,20893027-1bc5-497c-ad77-1c3b15d4807c,Groww,com.nextbillion.groww,google_play_public_no_login_fetcher
Best,,4,2026-09-02,play_store,18.16.1,en,1,dc31744b-9681-47ac-bb47-91ae36b0d734,Groww,com.nextbillion.groww,google_play_public_no_login_fetcher
Mutual fund dashboards are automatically not refreshing.,,3,2026-09-02,play_store,18.16.1,en,2,fc4b6a7a-63ba-425c-987d-430b6dde697e,Groww,com.nextbillion.groww,google_play_public_no_login_fetcher
"the option chain become laggy? When I open the chart on my phone and then open the option chain, the option chain starts lagging.",,4,2026-09-02,play_store,,en,1,6ccd365c-53a5-48e0-86eb-2769cb343f8a,Groww,com.nextbillion.groww,google_play_public_no_login_fetcher
Good work,,5,2026-09-02,play_store,18.16.1,en,0,7ae8b58f-742a-4e88-a27a-e1e5d36e0e64,Groww,com.nextbillion.groww,google_play_public_no_login_fetcher
great,,5,2026-09-02,play_store,18.11.1,en,0,639ff539-20f1-4140-902d-62fd00ec18ac,Groww,com.nextbillion.groww,google_play_public_no_login_fetcher
good app,,5,2026-09-02,play_store,18.16.1,en,0,ebb83421-e3b6-4bb1-951d-a63483e18a5c,Groww,com.nextbillion.groww,google_play_public_no_login_fetcher
nice 👍🙂,,5,2026-09-02,play_store,18.16.1,en,0,873b8643-357a-4f4e-9fe3-f4fe03d8d20b,Groww,com.nextbillion.groww,google_play_public_no_login_fetcher
Good,,5,2026-09-02,play_store,18.15.1,en,0,c2b60af5-5daf-42fd-b747-719b9df97fa3,Groww,com.nextbillion.groww,google_play_public_no_login_fetcher
😍😍😍😍😍😍😍🙏🏻🙏🏻🙏🏻🙏🏻🙏🏻,,5,2026-09-02,play_store,,en,0,4ddeb062-6476-427f-918e-5ef23697817c,Groww,com.nextbillion.groww,google_play_public_no_login_fetcher
Nice app,,5,2026-09-02,play_store,18.16.1,en,0,0359566c-b4a2-46ce-aaf5-043e141d9a06,Groww,com.nextbillion.groww,google_play_public_no_login_fetcher
very good experience,,5,2026-09-02,play_store,18.16.1,en,1,ce7911a0-dc7a-47db-b3f7-cf8a62b0b308,Groww,com.nextbillion.groww,google_play_public_no_login_fetcher
it is worst app my inside money gone and I see it shows minus literally if anyone download these app please see the my comments then you download and invest,,1,2026-09-02,play_store,18.16.1,en,0,d632cefc-72f8-47fd-ac4b-14c4f88e5b9f,Groww,com.nextbillion.groww,google_play_public_no_login_fetcher
🧿,,5,2026-09-02,play_store,18.16.1,en,0,09833f99-1538-4eaf-bfaa-d80fed701f52,Groww,com.nextbillion.groww,google_play_public_no_login_fetcher
🫂👍,,5,2026-09-02,play_store,18.16.1,en,0,beeb2e1b-338b-4a6a-ae5e-a599b77546d1,Groww,com.nextbillion.groww,google_play_public_no_login_fetcher
a one,,5,2026-09-02,play_store,18.16.1,en,0,ff9326bf-3c34-490b-a4d3-1dbd884a18c8,Groww,com.nextbillion.groww,google_play_public_no_login_fetcher
1.every week update 2.inside charge 3system fult 4.costmer response 0000,,1,2026-09-02,play_store,18.16.1,en,0,4212e56c-0d6b-4c39-b6a6-c92686943f89,Groww,com.nextbillion.groww,google_play_public_no_login_fetcher
good 👍,,5,2026-09-02,play_store,18.16.1,en,0,62a760c5-a741-402e-95f9-b3dc2d14c691,Groww,com.nextbillion.groww,google_play_public_no_login_fetcher
good 👍,,5,2026-09-02,play_store,18.16.1,en,1,f51eb79a-1a40-4169-9fef-ca5929cd6415,Groww,com.nextbillion.groww,google_play_public_no_login_fetcher
very nice. chart,,5,2026-09-02,play_store,18.16.1,en,0,7d87c63d-f03a-4ffd-a963-1cdeef752369,Groww,com.nextbillion.groww,google_play_public_no_login_fetcher
"after the update, on screen button in android is not working as earlier when the groww's app technical chart is opened. just let me know by when this issue will be resolved?",,3,2026-09-02,play_store,18.16.1,en,1,1b228ef0-7f19-4ffd-bb96-e30a7d03db6b,Groww,com.nextbillion.groww,google_play_public_no_login_fetcher
Good,,5,2026-09-02,play_store,18.16.1,en,0,ec52d0da-2a48-4676-ae47-76a5afab260c,Groww,com.nextbillion.groww,google_play_public_no_login_fetcher
very good,,5,2026-09-02,play_store,18.15.1,en,0,03b29ee8-1131-495b-906c-a7faa222aa04,Groww,com.nextbillion.groww,google_play_public_no_login_fetcher
best,,5,2026-09-02,play_store,18.16.1,en,0,23a8e077-7e84-474d-a826-a1ace07420c7,Groww,com.nextbillion.groww,google_play_public_no_login_fetcher
good,,5,2026-09-02,play_store,,en,0,ec9e3535-8b2d-40a6-befa-a777fb2c4f0a,Groww,com.nextbillion.groww,google_play_public_no_login_fetcher
very nice app of trading,,5,2026-09-02,play_store,,en,0,a20bfe50-f303-4d79-bf9e-65e717498d0f,Groww,com.nextbillion.groww,google_play_public_no_login_fetcher
good,,5,2026-09-02,play_store,18.16.1,en,1,ea77c1d2-767e-46e6-b373-547549de3ad2,Groww,com.nextbillion.groww,google_play_public_no_login_fetcher
nice,,5,2026-09-02,play_store,18.16.1,en,1,70ef28c2-d127-43ef-b89d-e1572e258c9a,Groww,com.nextbillion.groww,google_play_public_no_login_fetcher
👍,,5,2026-09-02,play_store,18.16.1,en,1,5255e84b-fc6b-45c0-825d-9827bf9d6b29,Groww,com.nextbillion.groww,google_play_public_no_login_fetcher
smooth operation,,5,2026-09-02,play_store,18.16.0,en,0,c28a5d29-27a3-477c-b2ec-971f60adbf79,Groww,com.nextbillion.groww,google_play_public_no_login_fetcher
good app,,5,2026-09-02,play_store,17.16,en,1,c18ac728-8b46-445b-81ff-0481d7af3976,Groww,com.nextbillion.groww,google_play_public_no_login_fetcher
👍,,5,2026-09-02,play_store,18.16.1,en,0,68724209-940d-472a-bac7-362a61fd486a,Groww,com.nextbillion.groww,google_play_public_no_login_fetcher
every good apps,,5,2026-09-02,play_store,18.15.1,en,0,bb778010-2bf4-4353-8386-95207da830f4,Groww,com.nextbillion.groww,google_play_public_no_login_fetcher
pandu,,5,2026-09-02,play_store,18.16.1,en,0,1a958227-854a-4b57-a70a-dd4c7ae36139,Groww,com.nextbillion.groww,google_play_public_no_login_fetcher
good application no other hidden charges 😊,,5,2026-09-02,play_store,18.3.1,en,0,cacdc784-1783-45d0-a9f4-dc58511ca016,Groww,com.nextbillion.groww,google_play_public_no_login_fetcher
comfort platform,,5,2026-09-02,play_store,18.16.1,en,0,635859bd-575b-4c83-b399-99574dea062e,Groww,com.nextbillion.groww,google_play_public_no_login_fetcher
very good,,5,2026-09-02,play_store,18.16.1,en,0,cfe0f6d9-9c1e-48c6-bb6b-9ace3f9b30e6,Groww,com.nextbillion.groww,google_play_public_no_login_fetcher
good,,4,2026-09-02,play_store,18.16.1,en,1,e026a825-d63c-47cf-9d99-c0b17f863b18,Groww,com.nextbillion.groww,google_play_public_no_login_fetcher
good,,5,2026-09-02,play_store,18.16.1,en,0,5fe9342c-865c-4199-b5e0-80a43b94ad79,Groww,com.nextbillion.groww,google_play_public_no_login_fetcher
well,,5,2026-09-02,play_store,18.13.2,en,0,d8b06243-a5f7-4c8b-a879-c529695f8f4f,Groww,com.nextbillion.groww,google_play_public_no_login_fetcher
instant withdrawal very good one,,5,2026-09-02,play_store,18.16.1,en,0,0a921e93-6abd-44fb-8cdc-77e5ada75fc0,Groww,com.nextbillion.groww,google_play_public_no_login_fetcher
nice 👍,,5,2026-09-02,play_store,18.15.1,en,0,416f21ca-b7bb-4a47-bd78-9f4bd09f9448,Groww,com.nextbillion.groww,google_play_public_no_login_fetcher
great app and very fast app suggestion: need Link for top 5 buyer seller window (Android phone),,4,2026-09-02,play_store,18.16.1,en,1,bcc2202c-16ad-4146-9009-cb6af66a99b4,Groww,com.nextbillion.groww,google_play_public_no_login_fetcher
"Groww is a very user-friendly and reliable investment platform. The app is simple to use, transactions are smooth, and the overall experience is excellent. Highly recommended",,5,2026-09-02,play_store,18.16.1,en,2,919c9a25-294d-40e4-ac2b-469a7a030c42,Groww,com.nextbillion.groww,google_play_public_no_login_fetcher
good,,5,2026-09-02,play_store,18.16.1,en,0,a5088957-afa5-4386-a310-e1d4dec1c11d,Groww,com.nextbillion.groww,google_play_public_no_login_fetcher
Awesome 👌,,5,2026-09-02,play_store,,en,0,401b57d0-87a2-4557-bc16-2e59dd985099,Groww,com.nextbillion.groww,google_play_public_no_login_fetcher
forex trading is best .,,1,2026-09-02,play_store,,en,0,20e8b1fb-86f1-4f71-b34b-d24a576420eb,Groww,com.nextbillion.groww,google_play_public_no_login_fetcher
nice super,,5,2026-09-02,play_store,18.16.0,en,0,de9abce4-18f7-479e-b55b-2d3020f16cbe,Groww,com.nextbillion.groww,google_play_public_no_login_fetcher
nice,,5,2026-09-02,play_store,18.16.1,en,0,7c37d386-c3a7-480e-880f-7eb7763b0cce,Groww,com.nextbillion.groww,google_play_public_no_login_fetcher
nice,,5,2026-09-02,play_store,18.16.1,en,0,ae0b2df9-04b8-401c-8009-81aac7bac120,Groww,com.nextbillion.groww,google_play_public_no_login_fetcher
good,,5,2026-09-02,play_store,18.16.1,en,0,fc7c083b-e42a-4979-89e0-0af9f06d6b3e,Groww,com.nextbillion.groww,google_play_public_no_login_fetcher
very good interface.,,5,2026-09-02,play_store,18.16.1,en,0,e5ffd7c8-0b27-48ee-a6c4-0b946bd7af24,Groww,com.nextbillion.groww,google_play_public_no_login_fetcher
all future goods and stock marketing easily play,,5,2026-09-02,play_store,18.16.1,en,0,90ba5f76-bb45-4ac4-90ae-ed49ff860cb0,Groww,com.nextbillion.groww,google_play_public_no_login_fetcher
simple easy to trade,,4,2026-09-02,play_store,17.96.7,en,0,e2b391d8-e27e-4bc7-a279-8144fcdc05f0,Groww,com.nextbillion.groww,google_play_public_no_login_fetcher
"Groww provides a simple and user-friendly platform for investing and trading. The interface is easy to understand, transactions are generally smooth, and the overall experience is good. Customer support and service improvements would make the platform even better.",,5,2026-09-02,play_store,18.16.1,en,1,bf49b49e-078c-49df-92b8-d548d4094df9,Groww,com.nextbillion.groww,google_play_public_no_login_fetcher
There is no better platform than Groww,,5,2026-09-02,play_store,18.16.1,en,0,f109122f-5358-49e5-855f-dd7ac8b338f7,Groww,com.nextbillion.groww,google_play_public_no_login_fetcher
best app,,5,2026-09-02,play_store,18.16.1,en,0,52cd1f98-3206-4cc7-97fe-2ccbec0abfdc,Groww,com.nextbillion.groww,google_play_public_no_login_fetcher
excellent,,5,2026-09-02,play_store,18.16.1,en,0,a270cc78-e8c1-4f3c-9475-aa6e5e69d273,Groww,com.nextbillion.groww,google_play_public_no_login_fetcher
nice,,5,2026-09-02,play_store,,en,0,02f36f6c-3140-42cb-8771-1611710ca0dc,Groww,com.nextbillion.groww,google_play_public_no_login_fetcher
supper,,5,2026-09-02,play_store,18.16.1,en,0,0cb23745-c213-4ae4-94a6-fc825deb7075,Groww,com.nextbillion.groww,google_play_public_no_login_fetcher
"बहुत ही सरल ऐप है,और चार्ज भी ठीक है,इस ऐप को यूज करके मजा आ रहा है....🙂",,5,2026-09-02,play_store,18.16.1,en,0,16fbb6fb-484c-4e9f-bb3f-6c28cbe22e2d,Groww,com.nextbillion.groww,google_play_public_no_login_fetcher
very nice,,5,2026-09-01,play_store,18.16.1,en,0,fb895233-e306-4fd1-b68d-7423be72b898,Groww,com.nextbillion.groww,google_play_public_no_login_fetcher
good,,5,2026-09-01,play_store,18.16.1,en,0,aa4cffd2-8be2-4db4-88b4-ce05bca8ac71,Groww,com.nextbillion.groww,google_play_public_no_login_fetcher
good 👍,,4,2026-09-01,play_store,18.15.1,en,0,96eb5207-d9ca-4034-9204-cc9eefa0f296,Groww,com.nextbillion.groww,google_play_public_no_login_fetcher
auto debit directly from saving account for share purchase from market.,,5,2026-09-01,play_store,18.16.1,en,0,d43023d6-339c-4ca3-b902-297260452b4d,Groww,com.nextbillion.groww,google_play_public_no_login_fetcher
very good,,5,2026-09-01,play_store,18.16.1,en,1,be6eb92e-ac40-4192-99d7-9e804de2a33b,Groww,com.nextbillion.groww,google_play_public_no_login_fetcher
good experience,,5,2026-09-01,play_store,,en,0,fec47bff-3946-4373-88f4-59b1060c8419,Groww,com.nextbillion.groww,google_play_public_no_login_fetcher
best for investment,,5,2026-09-01,play_store,18.16.1,en,1,3b621680-c8f9-4c25-b520-b625dfadcb53,Groww,com.nextbillion.groww,google_play_public_no_login_fetcher
Complete your KYC & Esign Process 34.1k Coin 1.Click on the link below. 2.Download the App. 3.Register on the App via mobile number present in your device. 4. Complete your KYC & Esign Process to claim this reward. 5.Open Demat Account. 6.Buy stocks worth Rs.50 to claim this reward. ( Mandatory ) Note: Buying stock is compulsory to receive cashback.,,5,2026-09-01,play_store,18.16.1,en,1,4f9b8663-578e-4651-9a94-4121613520f7,Groww,com.nextbillion.groww,google_play_public_no_login_fetcher
Easy to use app,,5,2026-09-01,play_store,18.16.1,en,0,e3c25b0d-d3bc-4a8e-8489-f042d9ba56d0,Groww,com.nextbillion.groww,google_play_public_no_login_fetcher
Avg. Reward Time: 10 mins,,5,2026-09-01,play_store,18.16.1,en,0,6dca16cc-1350-4595-bf5f-9a98c1a45220,Groww,com.nextbillion.groww,google_play_public_no_login_fetcher
worst experience... trying to reach the customer care to resolve my issue...but couldn't reach...no reply to email and didn't pick up the customer care call....waiting since friday,,1,2026-09-01,play_store,18.16.1,en,2,35dc412f-37ce-4d83-8d15-613839cc6b02,Groww,com.nextbillion.groww,google_play_public_no_login_fetcher
good,,5,2026-09-01,play_store,18.16.1,en,0,166b8923-7d87-41f8-8c7d-c1a1457fb3a6,Groww,com.nextbillion.groww,google_play_public_no_login_fetcher
good,,5,2026-09-01,play_store,,en,0,799618e2-2224-4bb2-bf15-431dbdc19222,Groww,com.nextbillion.groww,google_play_public_no_login_fetcher
best,,5,2026-09-01,play_store,18.16.1,en,0,c5bf53a8-70bb-4d21-be87-dabb40a5773b,Groww,com.nextbillion.groww,google_play_public_no_login_fetcher
good,,2,2026-09-01,play_store,18.13.2,en,1,a053ff9d-3184-47cc-8b71-b0996c18ee38,Groww,com.nextbillion.groww,google_play_public_no_login_fetcher
great,,5,2026-09-01,play_store,18.13.2,en,0,41db7dd6-d93e-4c2c-944a-cf3331aff3d7,Groww,com.nextbillion.groww,google_play_public_no_login_fetcher
super,,5,2026-09-01,play_store,18.12.1,en,0,b0eebedb-cbf7-453d-9203-76e0fc96bf45,Groww,com.nextbillion.groww,google_play_public_no_login_fetcher
very good,,4,2026-09-01,play_store,18.11.1,en,0,398554bf-5956-4a2a-be35-9980f158194a,Groww,com.nextbillion.groww,google_play_public_no_login_fetcher
Lingasamy M,,5,2026-09-01,play_store,18.2.1,en,0,0dc3bd28-5c0e-43de-b190-2d8d9f622512,Groww,com.nextbillion.groww,google_play_public_no_login_fetcher
"Very clean and beginner-friendly. This is probably Groww’s biggest strength. Stocks, mutual funds, ETFs, IPOs and other products are available in one app. Groww now offers advanced charts, intraday tools, F&O, MTF and a dedicated terminal, but some users report lag or responsiveness problems, particularly around trading activity.📈📉📈📉",,5,2026-09-01,play_store,,en,0,9f576c23-0763-4867-bf0f-93b724e5dca8,Groww,com.nextbillion.groww,google_play_public_no_login_fetcher
UI and UX is good 👍,,5,2026-09-01,play_store,18.16.1,en,0,0a34c69f-c1d2-455c-bad4-9fcda9269e59,Groww,com.nextbillion.groww,google_play_public_no_login_fetcher
👍,,5,2026-09-01,play_store,18.15.1,en,0,1f11bf0f-35cb-41da-aeb2-f125a3975745,Groww,com.nextbillion.groww,google_play_public_no_login_fetcher
good,,5,2026-09-01,play_store,,en,0,c64c807d-4deb-4bd1-a9a0-8ccf2b78f312,Groww,com.nextbillion.groww,google_play_public_no_login_fetcher
good application,,5,2026-09-01,play_store,18.16.1,en,0,c94f0e3b-3aca-4b35-a66d-8beb8a4fa866,Groww,com.nextbillion.groww,google_play_public_no_login_fetcher
nice,,4,2026-09-01,play_store,18.16.1,en,1,ef8d4033-b33d-4c5d-b8cf-2fab2f2c1389,Groww,com.nextbillion.groww,google_play_public_no_login_fetcher
corrupt hai ye aap because trade ko manipulate Karte hai ye,,1,2026-09-01,play_store,,en,0,8477641c-3ff5-4fe5-8ff5-fc9798883b15,Groww,com.nextbillion.groww,google_play_public_no_login_fetcher
did you like this offer,,5,2026-09-01,play_store,,en,1,15695db9-7312-431e-9a70-e75dfd855831,Groww,com.nextbillion.groww,google_play_public_no_login_fetcher
best,,5,2026-09-01,play_store,18.16.0,en,0,fb507754-2341-43c5-b76c-0ef08edcefee,Groww,com.nextbillion.groww,google_play_public_no_login_fetcher
very nice 🙂,,5,2026-09-01,play_store,18.15.1,en,0,3abd04f6-01dc-4135-9baa-7eed5a39e436,Groww,com.nextbillion.groww,google_play_public_no_login_fetcher
good 👍,,4,2026-09-01,play_store,18.16.1,en,0,2833b6d1-5be5-4a4f-97dd-e9f2ede87dcf,Groww,com.nextbillion.groww,google_play_public_no_login_fetcher
extremely beneficial,,5,2026-09-01,play_store,18.16.1,en,0,e060deb6-e2ac-42db-b468-20f9ed654989,Groww,com.nextbillion.groww,google_play_public_no_login_fetcher
"It is very nice aap,I am using it.",,4,2026-09-01,play_store,18.12.1,en,1,df0f944d-8ea1-47b9-b435-72a7ad98d676,Groww,com.nextbillion.groww,google_play_public_no_login_fetcher
good app,,5,2026-09-01,play_store,18.14.1,en,0,5709c1b8-a399-4767-8a19-8a785ec148ae,Groww,com.nextbillion.groww,google_play_public_no_login_fetcher
good,,5,2026-09-01,play_store,18.16.1,en,0,73308023-7b72-459b-92d2-c2849a04ef7c,Groww,com.nextbillion.groww,google_play_public_no_login_fetcher
great,,5,2026-09-01,play_store,18.15.1,en,0,4d023cf8-8d2b-4b38-9fea-6b6204fe072b,Groww,com.nextbillion.groww,google_play_public_no_login_fetcher
very good,,5,2026-09-01,play_store,18.16.0,en,0,e5ce4b77-5bd2-4a9a-97d8-ce5f983fa536,Groww,com.nextbillion.groww,google_play_public_no_login_fetcher
best,,5,2026-09-01,play_store,18.16.1,en,0,c61d7f5f-99db-416b-a8b0-20e4f96159c1,Groww,com.nextbillion.groww,google_play_public_no_login_fetcher
very good,,5,2026-09-01,play_store,18.16.1,en,1,c01bb039-1a00-4830-bc5d-c87d743fa4c2,Groww,com.nextbillion.groww,google_play_public_no_login_fetcher
good 😊,,5,2026-09-01,play_store,18.15.1,en,0,b9e982e7-c08a-44f6-96de-a0fecb3c98ad,Groww,com.nextbillion.groww,google_play_public_no_login_fetcher
veri good,,5,2026-09-01,play_store,18.16.1,en,0,d2aa29b6-557a-4d4e-b5a5-7624c2bae39f,Groww,com.nextbillion.groww,google_play_public_no_login_fetcher
not this time,,5,2026-09-01,play_store,18.16.1,en,0,0a95ef36-9d7b-4ce0-b6bf-aa766fd31b3b,Groww,com.nextbillion.groww,google_play_public_no_login_fetcher
good ap,,5,2026-09-01,play_store,18.16.1,en,0,0a88c474-9161-4c12-9153-8a867cfa8055,Groww,com.nextbillion.groww,google_play_public_no_login_fetcher
abhi hamne download Kiya hai dekhta hu kitna support milta groww stocks se thanks for guest,,5,2026-09-01,play_store,,en,0,5e7b6198-dbd6-4555-8262-5dd387750daf,Groww,com.nextbillion.groww,google_play_public_no_login_fetcher
understand very easy for low english know people,,5,2026-09-01,play_store,18.16.1,en,0,e82bf12b-8de6-4357-a1b2-69c270dc242a,Groww,com.nextbillion.groww,google_play_public_no_login_fetcher
Best aap,,5,2026-09-01,play_store,18.16.1,en,0,501fe0c2-94ba-4283-835a-db4bceac3834,Groww,com.nextbillion.groww,google_play_public_no_login_fetcher
good,,5,2026-09-01,play_store,18.16.1,en,0,f5b76c11-54ec-4e1d-83d2-a1e11ba4effe,Groww,com.nextbillion.groww,google_play_public_no_login_fetcher
ek dam badhiya hai,,4,2026-09-01,play_store,18.13.2,en,0,17501a6d-6297-41a9-9fdd-8bd7707d6785,Groww,com.nextbillion.groww,google_play_public_no_login_fetcher
👍nice,,5,2026-09-01,play_store,18.16.1,en,0,dff2c2ff-6997-46ec-9788-d5cec9ad3c98,Groww,com.nextbillion.groww,google_play_public_no_login_fetcher
"Hello groww your team cut my money in our mutual fund sell unit """""" your team resolved it my gotal money debit 3700+",,1,2026-09-01,play_store,18.16.1,en,0,37379f5e-c22d-4a84-bdb6-61547370e89e,Groww,com.nextbillion.groww,google_play_public_no_login_fetcher
good 👍,,5,2026-09-01,play_store,18.14.1,en,0,369eda42-7019-49c7-8ed1-ee1930e49cef,Groww,com.nextbillion.groww,google_play_public_no_login_fetcher
good,,4,2026-09-01,play_store,,en,0,f876d474-52d4-4b01-9c9d-21bb44521d2f,Groww,com.nextbillion.groww,google_play_public_no_login_fetcher
superb,,5,2026-09-01,play_store,18.16.1,en,1,67f5202f-b930-482d-a770-9a23779be84a,Groww,com.nextbillion.groww,google_play_public_no_login_fetcher
nice,,5,2026-09-01,play_store,18.10.1,en,0,e4e3a797-d6fb-4880-b8ee-6bf50704975b,Groww,com.nextbillion.groww,google_play_public_no_login_fetcher
ok,,5,2026-09-01,play_store,18.15.1,en,0,96cfb548-ebfa-4761-a476-3d1692f9d9f8,Groww,com.nextbillion.groww,google_play_public_no_login_fetcher
very nice,,4,2026-09-01,play_store,18.16.1,en,0,ae888faf-6073-43f3-b303-a89557222e5a,Groww,com.nextbillion.groww,google_play_public_no_login_fetcher
good,,5,2026-09-01,play_store,18.16.1,en,1,ed2c3d89-367e-4cc4-96dd-cf897fd97b93,Groww,com.nextbillion.groww,google_play_public_no_login_fetcher
good,,5,2026-09-01,play_store,18.16.1,en,0,671e59f1-ce9d-4c9e-896b-5000579ac0d6,Groww,com.nextbillion.groww,google_play_public_no_login_fetcher
good 👍,,5,2026-09-01,play_store,18.16.1,en,1,e748ff12-9d9e-459f-a5ed-74f6a0bafe77,Groww,com.nextbillion.groww,google_play_public_no_login_fetcher
easy to understand,,5,2026-09-01,play_store,18.15.1,en,0,75115c90-ba64-4cf6-b334-b23159f4cfaf,Groww,com.nextbillion.groww,google_play_public_no_login_fetcher
good,,5,2026-09-01,play_store,18.15.1,en,0,78dff6a8-b7eb-4875-9842-d4d42ffb3522,Groww,com.nextbillion.groww,google_play_public_no_login_fetcher
very Good 👍🏻,,4,2026-09-01,play_store,18.15.1,en,0,c555b21f-f597-4691-ace2-7b9a0982d9f3,Groww,com.nextbillion.groww,google_play_public_no_login_fetcher
"just now uninstalled the groww app. i though of trading, options through this app. intially, i wanted to observe this app, if conducive wanted to dive into it. Holy cow, the recent update made it worse. unable to explore the features or trying to take the credentials of my account. Not even deserve one star. i wonder how all those 5 stars you guys got !!! GROWW, you really messed up with the recent update.",,1,2026-09-01,play_store,,en,0,f5058866-92b7-48fc-990e-98edd4f08475,Groww,com.nextbillion.groww,google_play_public_no_login_fetcher
very good,,3,2026-09-01,play_store,,en,1,44c04e9d-2aba-43be-861b-fa77ad432158,Groww,com.nextbillion.groww,google_play_public_no_login_fetcher
good,,4,2026-09-01,play_store,,en,0,2c3a2816-8f75-4a99-8a7e-9b5c94721451,Groww,com.nextbillion.groww,google_play_public_no_login_fetcher
super groww is a good income in my life,,5,2026-09-01,play_store,18.16.1,en,1,1ab51409-1652-41fe-b7ac-2862ead2138f,Groww,com.nextbillion.groww,google_play_public_no_login_fetcher
great 👍,,5,2026-09-01,play_store,18.16.1,en,1,82a1cca8-b583-483e-9638-8c454d63addd,Groww,com.nextbillion.groww,google_play_public_no_login_fetcher
good,,5,2026-09-01,play_store,18.16.1,en,0,4ce8002d-d04e-43c9-9800-bd34a91ac31d,Groww,com.nextbillion.groww,google_play_public_no_login_fetcher
Good,,5,2026-09-01,play_store,18.13.2,en,0,fe132b25-ba31-46bd-a336-6bbe8bbf6886,Groww,com.nextbillion.groww,google_play_public_no_login_fetcher
best,,5,2026-09-01,play_store,18.16.1,en,0,b70a42d5-c034-48f4-b048-d8a1a4c82e03,Groww,com.nextbillion.groww,google_play_public_no_login_fetcher
good 👍,,5,2026-09-01,play_store,18.16.1,en,1,e52662f1-5374-41ba-a9df-b14192e0a10b,Groww,com.nextbillion.groww,google_play_public_no_login_fetcher
its good,,5,2026-09-01,play_store,18.16.1,en,0,f64a1ea6-3d8d-4310-84f4-34775a5e1683,Groww,com.nextbillion.groww,google_play_public_no_login_fetcher
top list and lower list mention this app,,5,2026-09-01,play_store,18.16.1,en,0,e243e42f-837a-44b9-a6ec-ed661abfd39d,Groww,com.nextbillion.groww,google_play_public_no_login_fetcher
very good,,4,2026-09-01,play_store,18.16.1,en,0,9802b005-666e-46f3-8bb4-4ecf93ef1df7,Groww,com.nextbillion.groww,google_play_public_no_login_fetcher
"Best user interface ,but high brokerage charges . I recommend kotak neo to everyone under age 30",,2,2026-09-01,play_store,17.98.0,en,2,d8e90096-6679-4ab6-8570-5c8b4b43b01e,Groww,com.nextbillion.groww,google_play_public_no_login_fetcher
smooth app,,5,2026-09-01,play_store,17.95.2,en,0,1fc56346-7f3e-4104-b246-b4e9d7fa26f7,Groww,com.nextbillion.groww,google_play_public_no_login_fetcher
mere paise gayab ho jaata hai kaisa app hai 14000 tha 6000 hi dikha raha hai kaisa app hai ye,,1,2026-09-01,play_store,17.95.2,en,0,df25328d-d3b9-4016-a259-990fa3cf9d1c,Groww,com.nextbillion.groww,google_play_public_no_login_fetcher
Worst customer service executives and world of delays,,1,2026-09-01,play_store,18.16.1,en,0,132e489a-f194-419c-8cbd-6dd1240f970d,Groww,com.nextbillion.groww,google_play_public_no_login_fetcher
excellent,,5,2026-09-01,play_store,18.16.0,en,0,6a5be3ee-f2d8-4d41-a701-a62a7055325a,Groww,com.nextbillion.groww,google_play_public_no_login_fetcher
great 👍,,5,2026-09-01,play_store,18.16.1,en,0,02792e1b-9ecb-482d-9c92-d4d4a07d8e5e,Groww,com.nextbillion.groww,google_play_public_no_login_fetcher
"Deserve 0 because of pathetic customer care service Edit: Groww makes people wait for every message for 15 to 20 minutes, sometimes even half an hour. They want people to use Groww's customer chat service and forget everything in their lives.",,1,2026-09-01,play_store,18.16.1,en,0,05c4c80c-99b9-4d53-bb69-7c4102ebf8ee,Groww,com.nextbillion.groww,google_play_public_no_login_fetcher
brokerage bahut jyada hai,,3,2026-09-01,play_store,18.16.1,en,0,4c3a8847-813f-4f2d-952c-867d7c11cdbc,Groww,com.nextbillion.groww,google_play_public_no_login_fetcher
very nice,,5,2026-09-01,play_store,18.16.1,en,0,0ee8f85a-453d-494e-b764-239ccda97180,Groww,com.nextbillion.groww,google_play_public_no_login_fetcher
Please provide 'CPR with pivot levels' indicator and 'Layout' features...,,5,2026-09-01,play_store,18.16.1,en,0,80884ed4-7ffd-44d0-89b0-099f7c2d641c,Groww,com.nextbillion.groww,google_play_public_no_login_fetcher
very good,,5,2026-09-01,play_store,18.16.1,en,0,14943587-ac8e-4d9e-8f59-1cbfa507220a,Groww,com.nextbillion.groww,google_play_public_no_login_fetcher
good opportunity and very nice app,,5,2026-09-01,play_store,18.16.1,en,0,91856d18-e773-469f-88eb-5dc5209113ed,Groww,com.nextbillion.groww,google_play_public_no_login_fetcher
good app,,5,2026-09-01,play_store,18.13.2,en,0,95e9edae-2432-4546-b572-870f704001f4,Groww,com.nextbillion.groww,google_play_public_no_login_fetcher
good 👍,,5,2026-09-01,play_store,18.16.1,en,0,339b5bd1-daa1-4168-acd9-cabea543f5b4,Groww,com.nextbillion.groww,google_play_public_no_login_fetcher
excellent,,5,2026-09-01,play_store,,en,0,44da3a94-809c-4a6c-948a-b6834f2a2d31,Groww,com.nextbillion.groww,google_play_public_no_login_fetcher
good,,5,2026-09-01,play_store,18.13.2,en,0,5bf837dd-5515-4c34-9051-be7e290c0242,Groww,com.nextbillion.groww,google_play_public_no_login_fetcher
good 👍👍,,5,2026-09-01,play_store,18.16.1,en,1,a1537932-2926-4d54-8f6d-06fca27a0740,Groww,com.nextbillion.groww,google_play_public_no_login_fetcher
good 👍👍,,5,2026-09-01,play_store,18.16.1,en,0,cf2fb0bc-3e89-4a21-9867-0231abc0716f,Groww,com.nextbillion.groww,google_play_public_no_login_fetcher
good,,4,2026-09-01,play_store,18.15.1,en,0,681f9add-eddb-47ad-8ca4-6dc9f8616846,Groww,com.nextbillion.groww,google_play_public_no_login_fetcher
⭐⭐⭐⭐⭐,,5,2026-09-01,play_store,18.15.1,en,0,91a5fc0c-b9c1-495a-8204-c7332aeb59c2,Groww,com.nextbillion.groww,google_play_public_no_login_fetcher
very nice aap,,5,2026-09-01,play_store,18.16.0,en,0,a2404678-11c6-46d0-905b-5f8315f5b50b,Groww,com.nextbillion.groww,google_play_public_no_login_fetcher
best UI,,5,2026-09-01,play_store,18.14.2,en,0,c2a7d82d-5dfd-403f-96ea-5502533c479f,Groww,com.nextbillion.groww,google_play_public_no_login_fetcher
good,,4,2026-09-01,play_store,18.16.1,en,0,aefbfb96-8547-402e-9adb-7e97270de736,Groww,com.nextbillion.groww,google_play_public_no_login_fetcher
scalping option not good,,3,2026-09-01,play_store,18.16.1,en,1,d92d09bd-ff5b-45ab-89b8-c8837bd35fd8,Groww,com.nextbillion.groww,google_play_public_no_login_fetcher
well,,5,2026-09-01,play_store,18.15.1,en,0,7ef99e70-ace3-4d35-98c0-8c5b104d6f33,Groww,com.nextbillion.groww,google_play_public_no_login_fetcher
good,,4,2026-09-01,play_store,18.16.1,en,0,2b44d0e6-67ff-4f1b-97fe-8f3b2587b120,Groww,com.nextbillion.groww,google_play_public_no_login_fetcher
good,,5,2026-09-01,play_store,18.11.1,en,0,641c2abd-f6ac-4f54-bb16-7d217893abb2,Groww,com.nextbillion.groww,google_play_public_no_login_fetcher
Good Service 👍,,4,2026-09-01,play_store,18.16.1,en,0,306f01a1-cf02-4a90-b4da-d7efb93c6d40,Groww,com.nextbillion.groww,google_play_public_no_login_fetcher
best,,4,2026-09-01,play_store,18.14.1,en,0,4137fa6a-5b32-4fb6-8ce5-4118bc57d810,Groww,com.nextbillion.groww,google_play_public_no_login_fetcher
superb,,5,2026-09-01,play_store,18.16.1,en,0,cb8af741-4bc3-487b-842d-ddf1b577fe98,Groww,com.nextbillion.groww,google_play_public_no_login_fetcher
good,,5,2026-09-01,play_store,18.13.2,en,0,8b874398-1e57-4c26-bc17-0b3f68b2951d,Groww,com.nextbillion.groww,google_play_public_no_login_fetcher
best broker for mutual fund and stock,,5,2026-09-01,play_store,18.16.1,en,0,46dcfd4d-1e55-409a-8975-25287cdc091a,Groww,com.nextbillion.groww,google_play_public_no_login_fetcher
good 👍,,5,2026-09-01,play_store,18.16.1,en,0,63eeb736-fb81-4619-b649-b86d584f0267,Groww,com.nextbillion.groww,google_play_public_no_login_fetcher
my re kyc option is not showing please check immediately.im waiting form last 5 days,,3,2026-09-01,play_store,,en,0,d30ef858-fc91-4c64-9f16-a7d9931f5fbc,Groww,com.nextbillion.groww,google_play_public_no_login_fetcher
jst A amazing app ❤️‍🩹,,5,2026-09-01,play_store,,en,0,d005578a-5225-4db1-b4d6-ff0bed1ac94e,Groww,com.nextbillion.groww,google_play_public_no_login_fetcher
very useful app for those who r intrested in share market...,,5,2026-09-01,play_store,18.16.1,en,0,22f4a74f-ef39-4a67-9d16-909492386103,Groww,com.nextbillion.groww,google_play_public_no_login_fetcher
Thoda dhyan se. grow karna,,5,2026-09-01,play_store,18.16.1,en,0,a091ccf3-7d0a-4944-bf5d-233392be27e2,Groww,com.nextbillion.groww,google_play_public_no_login_fetcher
eco friendly use,,5,2026-09-01,play_store,,en,0,6578bd68-4836-4bd5-9b98-7bfeb35c4b06,Groww,com.nextbillion.groww,google_play_public_no_login_fetcher
good one app,,5,2026-09-01,play_store,18.15.1,en,0,d2408f63-22d2-4a1d-8980-f2050c05e9d2,Groww,com.nextbillion.groww,google_play_public_no_login_fetcher
🥰👍,,5,2026-09-01,play_store,,en,0,b934debe-d988-450f-942e-738dadd8b0e1,Groww,com.nextbillion.groww,google_play_public_no_login_fetcher
Best app,,5,2026-09-01,play_store,,en,0,37ec0cc5-02e5-4fd2-8fff-76afd84a1cb1,Groww,com.nextbillion.groww,google_play_public_no_login_fetcher
good,,5,2026-09-01,play_store,18.16.1,en,0,afe79b83-d7da-4d9d-85c6-40a0203f98a5,Groww,com.nextbillion.groww,google_play_public_no_login_fetcher
awesome for trading,,5,2026-09-01,play_store,18.16.1,en,0,9f2394d3-79e7-439f-826a-6ddbdf3d7836,Groww,com.nextbillion.groww,google_play_public_no_login_fetcher
good,,5,2026-09-01,play_store,18.16.1,en,0,f425cdc7-70d7-4f9c-a3cd-0b514bc085e6,Groww,com.nextbillion.groww,google_play_public_no_login_fetcher
excellent,,5,2026-09-01,play_store,18.15.1,en,0,091bb734-b27e-45f1-8793-ae6bc28e49c8,Groww,com.nextbillion.groww,google_play_public_no_login_fetcher
horrible customer service experience,,1,2026-09-01,play_store,18.16.1,en,0,8d128c28-473d-4d35-9b62-0aca8cba0c65,Groww,com.nextbillion.groww,google_play_public_no_login_fetcher
ok,,5,2026-09-01,play_store,18.15.1,en,0,fcd0aaa1-3f60-4ce2-b5de-3e4ec11bb4a7,Groww,com.nextbillion.groww,google_play_public_no_login_fetcher
excellent,,5,2026-09-01,play_store,18.16.1,en,0,38c92281-6465-4e75-bfc4-fe8a717436d4,Groww,com.nextbillion.groww,google_play_public_no_login_fetcher
good,,5,2026-09-01,play_store,18.15.1,en,0,355973d9-2c8d-4711-ba2c-1017170fe7a2,Groww,com.nextbillion.groww,google_play_public_no_login_fetcher
osm,,4,2026-09-01,play_store,18.16.1,en,1,b9d2bfbe-799e-4272-b809-a62e18aa97be,Groww,com.nextbillion.groww,google_play_public_no_login_fetcher
good 👍🏻,,5,2026-09-01,play_store,18.16.1,en,0,c20abea9-4a81-426a-bd2e-60082bc76413,Groww,com.nextbillion.groww,google_play_public_no_login_fetcher
"Nice platform for Trading, but for some INTRADAY stocks margin Money is less compared with zerodha",,5,2026-09-01,play_store,18.16.1,en,1,d6f5be40-2316-4ccb-99ff-88e508bbe3b9,Groww,com.nextbillion.groww,google_play_public_no_login_fetcher
good app,,5,2026-09-01,play_store,18.13.2,en,1,29abf85b-50d4-4f74-a7f0-1ce71090247d,Groww,com.nextbillion.groww,google_play_public_no_login_fetcher
thankyou groww,,5,2026-09-01,play_store,18.16.1,en,0,d7ee7149-4f4a-4395-9443-dcae189aa785,Groww,com.nextbillion.groww,google_play_public_no_login_fetcher
good,,5,2026-09-01,play_store,18.9.0,en,0,46f4a151-deee-4013-8a57-09d4c69ea8b2,Groww,com.nextbillion.groww,google_play_public_no_login_fetcher
Helpful broker app,,5,2026-09-01,play_store,18.16.1,en,1,0e2b1efe-ce3b-4646-81ec-4f7029170935,Groww,com.nextbillion.groww,google_play_public_no_login_fetcher
Good 👍,,5,2026-09-01,play_store,18.16.1,en,0,71669ab2-4aef-4b3e-ac9f-1bbcf69a55c7,Groww,com.nextbillion.groww,google_play_public_no_login_fetcher
nice very,,5,2026-09-01,play_store,18.15.1,en,0,a31a7d98-5956-42ec-a298-f3e5710374c9,Groww,com.nextbillion.groww,google_play_public_no_login_fetcher
good,,5,2026-09-01,play_store,18.16.1,en,0,adc64a0b-c2d1-45e5-9250-2b37ae9077b3,Groww,com.nextbillion.groww,google_play_public_no_login_fetcher
Great app.,,5,2026-09-01,play_store,18.16.1,en,1,f6af2b69-8eec-48ec-a594-5cd91684c159,Groww,com.nextbillion.groww,google_play_public_no_login_fetcher
very nice app,,5,2026-09-01,play_store,18.15.1,en,0,683affb5-1870-4dc5-986a-3cbaad6ff2c2,Groww,com.nextbillion.groww,google_play_public_no_login_fetcher
good,,5,2026-09-01,play_store,18.16.1,en,0,aba6481c-3aa0-48cc-9c7d-0fbb31bdb6f4,Groww,com.nextbillion.groww,google_play_public_no_login_fetcher
good,,5,2026-09-01,play_store,18.16.1,en,0,ed66d8e8-25f8-4b5d-ab03-db6052d6235a,Groww,com.nextbillion.groww,google_play_public_no_login_fetcher
bahut achcha app hai 🥰🫣,,5,2026-09-01,play_store,18.16.1,en,1,6b25eb60-361e-44ac-a94c-86065830d450,Groww,com.nextbillion.groww,google_play_public_no_login_fetcher
awesome trade apps,,5,2026-09-01,play_store,18.16.1,en,0,bf2dd297-c1cc-4aa3-86d7-978fa0192894,Groww,com.nextbillion.groww,google_play_public_no_login_fetcher
good 👍,,5,2026-09-01,play_store,18.16.1,en,0,2f2bd33e-e9a9-4091-ae86-896d3ad44a29,Groww,com.nextbillion.groww,google_play_public_no_login_fetcher
very very good apps,,4,2026-09-01,play_store,18.16.1,en,0,e605d7b1-be2e-4a91-ac9e-f47b86343729,Groww,com.nextbillion.groww,google_play_public_no_login_fetcher
Recent update to the app pushes for intraday trades by randomly auto selecting intraday option in buy screen. dirty tactics to increase margins? support is clueless and plays dumb. it's a shame because i really liked this app so far over other players.,,2,2026-09-01,play_store,18.16.1,en,2,341a63d5-e3a7-4bc3-928a-36ac892cb2b2,Groww,com.nextbillion.groww,google_play_public_no_login_fetcher
nice,,5,2026-09-01,play_store,18.16.1,en,0,5572824d-2189-4a59-b9ff-588aee1ac390,Groww,com.nextbillion.groww,google_play_public_no_login_fetcher
😍,,5,2026-09-01,play_store,18.16.1,en,0,83135c75-b1d5-4dc5-b2ab-5c1cc871206c,Groww,com.nextbillion.groww,google_play_public_no_login_fetcher
ok,,5,2026-09-01,play_store,18.13.2,en,0,d41526f7-7a03-490a-a20c-5ba800e9f41b,Groww,com.nextbillion.groww,google_play_public_no_login_fetcher
Nice best,,5,2026-09-01,play_store,18.16.0,en,0,a63e920c-542f-4909-bc15-4a6c456b58e3,Groww,com.nextbillion.groww,google_play_public_no_login_fetcher
very nice 👍,,3,2026-09-01,play_store,18.16.1,en,0,ee7d5722-eae0-44e6-afc5-d2f3ada8e3c7,Groww,com.nextbillion.groww,google_play_public_no_login_fetcher
osm,,5,2026-09-01,play_store,18.16.1,en,0,a3865b60-7937-4001-bfd9-ae8ce5536fcb,Groww,com.nextbillion.groww,google_play_public_no_login_fetcher
data doesn't update after latest update. i have to refresh every second to track prices,,1,2026-09-01,play_store,18.16.1,en,1,40181e71-d86f-4d4a-9a62-73d64cc3b221,Groww,com.nextbillion.groww,google_play_public_no_login_fetcher
very nice work,,5,2026-09-01,play_store,18.16.1,en,0,f6642f17-0b8d-4fa5-8f37-b6f82a194b79,Groww,com.nextbillion.groww,google_play_public_no_login_fetcher
good,,5,2026-09-01,play_store,18.16.1,en,0,a18ac9cd-ce13-4dc8-a09a-0d1801a85584,Groww,com.nextbillion.groww,google_play_public_no_login_fetcher
nice 👍,,5,2026-09-01,play_store,18.16.1,en,0,133eee6b-f2ce-4a06-a49a-5cc6499acb4a,Groww,com.nextbillion.groww,google_play_public_no_login_fetcher
very good,,5,2026-09-01,play_store,18.16.1,en,0,5368f69f-c119-4554-b85d-2fc9beaee812,Groww,com.nextbillion.groww,google_play_public_no_login_fetcher
excellent application and user friendly,,5,2026-09-01,play_store,18.16.1,en,0,6df4df4b-edfe-4d45-b145-076ce9e308a4,Groww,com.nextbillion.groww,google_play_public_no_login_fetcher
"Once MF orders are added into cart, No option to access cart and process payment for all orders at once",,3,2026-09-01,play_store,18.16.1,en,0,dfdaed8e-6aa1-4e48-b8c5-f86e8f83b15a,Groww,com.nextbillion.groww,google_play_public_no_login_fetcher
This is good to use and easy to working all steps,,4,2026-09-01,play_store,18.14.2,en,0,3d2e1fb3-c6bb-40f3-826d-b1903fcc4250,Groww,com.nextbillion.groww,google_play_public_no_login_fetcher
Latest update नंतर जिथं मोबाईलचे परत जायचं बटण असत (back button) तिथं groww chart वर शिफ्ट करायचं option आलंय त्यामुळे खूप अडचणी येत आहेत ट्रेड करताना.. ऑर्डर buy & sell दोन्ही लेट होत आहेत.. कृपया तातडीने हे नवीन चालू केलेलं बंद करा नाहीतर आम्हाला ब्रोकर बदलावा लागेल,,1,2026-09-01,play_store,17.85,en,0,31dbb15e-ee59-4f8b-a4cf-3b05ed28a94b,Groww,com.nextbillion.groww,google_play_public_no_login_fetcher
good,,5,2026-09-01,play_store,18.16.1,en,0,852495fc-5e6d-4bd2-8d0a-be515ee51096,Groww,com.nextbillion.groww,google_play_public_no_login_fetcher
brokerage bahut jyada h...,,2,2026-09-01,play_store,,en,0,a6e0d487-3de1-49bc-8dd9-aa0ad7b69dd2,Groww,com.nextbillion.groww,google_play_public_no_login_fetcher
good,,5,2026-09-01,play_store,18.16.1,en,0,82f22a97-910d-4ae5-ab05-bc990f789638,Groww,com.nextbillion.groww,google_play_public_no_login_fetcher
good app,,5,2026-09-01,play_store,,en,0,cc17f643-4872-4cad-92ee-62f4c40e5fa7,Groww,com.nextbillion.groww,google_play_public_no_login_fetcher
excellent app👍,,5,2026-09-01,play_store,18.16.0,en,0,17c6df73-9ddb-44fb-99a8-506353ce5bcb,Groww,com.nextbillion.groww,google_play_public_no_login_fetcher
good 👍,,5,2026-09-01,play_store,18.16.1,en,0,79348f12-560b-4eb4-af01-225d42f6a6b4,Groww,com.nextbillion.groww,google_play_public_no_login_fetcher
amazing,,5,2026-09-01,play_store,18.15.1,en,0,5f1a7e0b-fc3e-4660-8ee7-a39587ca52b8,Groww,com.nextbillion.groww,google_play_public_no_login_fetcher
Great Experience,,5,2026-09-01,play_store,18.16.1,en,0,b431eccc-1061-4721-b7de-b37ad6b58696,Groww,com.nextbillion.groww,google_play_public_no_login_fetcher
Worst customer service. Neither do they respond properly providing solutions nor do they provide proper services.,,4,2026-09-01,play_store,18.15.1,en,0,a135d1d7-3717-42e8-b7cd-e41b76af52f0,Groww,com.nextbillion.groww,google_play_public_no_login_fetcher
good,,5,2026-09-01,play_store,18.16.1,en,0,f1291c8e-aec4-4f75-b8d1-4aad6400d6f5,Groww,com.nextbillion.groww,google_play_public_no_login_fetcher
best,,5,2026-09-01,play_store,18.16.0,en,0,9031ab13-3769-4a8a-8c05-5644c2407a02,Groww,com.nextbillion.groww,google_play_public_no_login_fetcher
best,,5,2026-09-01,play_store,18.16.1,en,0,5ccc625d-6e63-4697-bcfb-432683d7648d,Groww,com.nextbillion.groww,google_play_public_no_login_fetcher
Best,,5,2026-09-01,play_store,18.16.1,en,0,056b76da-3f7c-4ebb-8e5b-598ecfe78723,Groww,com.nextbillion.groww,google_play_public_no_login_fetcher
ok,,5,2026-09-01,play_store,18.16.1,en,0,1f5b569e-f0b2-478f-ba5c-eb51d225eb41,Groww,com.nextbillion.groww,google_play_public_no_login_fetcher
nice groww,,5,2026-09-01,play_store,,en,0,9ce91df3-5d01-4d0c-ac56-b36382c781bf,Groww,com.nextbillion.groww,google_play_public_no_login_fetcher
poor technical service,,1,2026-09-01,play_store,18.16.1,en,0,9edfa40b-f0d5-475e-89d1-f58166535dd8,Groww,com.nextbillion.groww,google_play_public_no_login_fetcher
Great,,5,2026-09-01,play_store,18.10.1,en,0,445ff464-f6a1-4d95-9a82-74aa7e3aaef8,Groww,com.nextbillion.groww,google_play_public_no_login_fetcher
The app is easy to use and the design of the app is very good. and this black ui giving vibe,,5,2026-09-01,play_store,18.16.1,en,3,f5f9c021-860c-4f3b-bc1a-84292326f446,Groww,com.nextbillion.groww,google_play_public_no_login_fetcher
good,,5,2026-09-01,play_store,,en,0,70b89ea9-7ba5-4de7-80a8-c1cb4e90d821,Groww,com.nextbillion.groww,google_play_public_no_login_fetcher
good,,5,2026-09-01,play_store,18.16.1,en,0,336da601-270a-4dff-b79b-610f6c48039c,Groww,com.nextbillion.groww,google_play_public_no_login_fetcher
good,,5,2026-09-01,play_store,18.14.2,en,0,147a42d9-ad04-4699-a8ff-291427df5bbb,Groww,com.nextbillion.groww,google_play_public_no_login_fetcher
"Very easy to use the app,using the app from last 5 years.",,5,2026-09-01,play_store,18.15.1,en,1,a6eb0d6a-e968-441d-bdf9-ea4a546d04df,Groww,com.nextbillion.groww,google_play_public_no_login_fetcher
good,,5,2026-09-01,play_store,18.16.1,en,0,59e25bef-bc33-4b44-b372-3edbcb5da3b6,Groww,com.nextbillion.groww,google_play_public_no_login_fetcher
good,,5,2026-09-01,play_store,18.12.1,en,0,785b0b86-2188-4682-8f8e-4dcd9b3d334f,Groww,com.nextbillion.groww,google_play_public_no_login_fetcher
awesome,,5,2026-09-01,play_store,18.13.2,en,0,24c4da09-e08a-43ad-ad4c-1d030d80ad7c,Groww,com.nextbillion.groww,google_play_public_no_login_fetcher
Wrost,,1,2026-09-01,play_store,18.16.1,en,1,5c0f4c4d-c156-4524-b3b5-a6ca490bdfc1,Groww,com.nextbillion.groww,google_play_public_no_login_fetcher
good 👍,,4,2026-09-01,play_store,18.15.0,en,0,5c439990-6765-4e4f-90dd-94708656582a,Groww,com.nextbillion.groww,google_play_public_no_login_fetcher
good,,5,2026-09-01,play_store,18.11.1,en,0,ae36cba4-913a-4336-a442-da1bb3a4d711,Groww,com.nextbillion.groww,google_play_public_no_login_fetcher
nice,,5,2026-09-01,play_store,18.14.2,en,0,64c7fc61-de24-4f05-afab-b0053c08c858,Groww,com.nextbillion.groww,google_play_public_no_login_fetcher
very nice app groww,,5,2026-09-01,play_store,18.16.1,en,0,633d2dda-efc4-4bd9-aaab-29ba4706a871,Groww,com.nextbillion.groww,google_play_public_no_login_fetcher
good app,,5,2026-09-01,play_store,,en,0,f473cf03-db23-437d-945c-12588ed86295,Groww,com.nextbillion.groww,google_play_public_no_login_fetcher
best trading app,,5,2026-09-01,play_store,18.16.1,en,0,c4b520b3-9555-43d9-9f1e-958085412e82,Groww,com.nextbillion.groww,google_play_public_no_login_fetcher
Very good,,5,2026-09-01,play_store,18.16.1,en,0,0912ae38-ff03-43cb-a164-d87fefae65e8,Groww,com.nextbillion.groww,google_play_public_no_login_fetcher
My loan section is not showing pay in advance and foreclosure option please fix it,,3,2026-09-01,play_store,18.16.1,en,0,cb4579a1-770f-4829-8e07-43c56070dd34,Groww,com.nextbillion.groww,google_play_public_no_login_fetcher
Great app to track all the external funds .,,5,2026-09-01,play_store,16.64,en,0,9e90b524-0f8f-4f42-ad23-ccd746dc1b99,Groww,com.nextbillion.groww,google_play_public_no_login_fetcher
very good,,5,2026-09-01,play_store,18.16.1,en,0,47fa3ed5-bdfe-40c1-8893-f146f5cae8a3,Groww,com.nextbillion.groww,google_play_public_no_login_fetcher
add The expert analysis about the stock and more,,2,2026-09-01,play_store,18.15.1,en,0,ec0a521f-2928-4b2c-9f17-150167c84d3b,Groww,com.nextbillion.groww,google_play_public_no_login_fetcher
good ❤️❤️,,5,2026-09-01,play_store,18.14.0,en,0,0ed3d800-2c7d-41e6-8dab-5a8e9d61df0d,Groww,com.nextbillion.groww,google_play_public_no_login_fetcher
real good 👍,,5,2026-09-01,play_store,18.14.2,en,0,035170a1-b0b4-41e4-8d37-b65da4ed47fa,Groww,com.nextbillion.groww,google_play_public_no_login_fetcher
nice to use,,5,2026-09-01,play_store,18.13.2,en,0,3c8facef-513b-4117-94a9-e3f0b8ed6521,Groww,com.nextbillion.groww,google_play_public_no_login_fetcher
excellent,,5,2026-09-01,play_store,18.15.1,en,0,e3744afa-beeb-45ba-b02c-e1bab0a819d8,Groww,com.nextbillion.groww,google_play_public_no_login_fetcher
very good,,4,2026-09-01,play_store,18.16.1,en,1,68e1b001-b501-4201-ae3d-dbabaa2627f4,Groww,com.nextbillion.groww,google_play_public_no_login_fetcher
good,,5,2026-09-01,play_store,18.16.1,en,1,b208f5cb-77b5-4a94-b3bb-4851579a11c6,Groww,com.nextbillion.groww,google_play_public_no_login_fetcher
Easy and Manageable,,5,2026-09-01,play_store,18.15.1,en,1,f1822daf-e296-4dbe-b486-92f5e8837567,Groww,com.nextbillion.groww,google_play_public_no_login_fetcher
very nice groww aap,,4,2026-09-01,play_store,18.16.1,en,0,7e65baf9-c37e-4450-89a4-c692aa61652a,Groww,com.nextbillion.groww,google_play_public_no_login_fetcher
try to more improvement.,,5,2026-09-01,play_store,18.16.1,en,0,c382ea9d-776d-411a-bc9f-9e0c0c466e02,Groww,com.nextbillion.groww,google_play_public_no_login_fetcher
Excellent and user friendly.. ease of navigation..,,5,2026-09-01,play_store,,en,1,17da8dcd-1ebb-468b-abcd-761ee08abb97,Groww,com.nextbillion.groww,google_play_public_no_login_fetcher
high price,,1,2026-09-01,play_store,18.15.0,en,1,f869fb03-5c12-492a-9f60-066c40b0b7f8,Groww,com.nextbillion.groww,google_play_public_no_login_fetcher
👍👍👍,,5,2026-09-01,play_store,18.15.1,en,0,60b10208-91c2-485e-aa80-523cce02bf79,Groww,com.nextbillion.groww,google_play_public_no_login_fetcher
Is app is a saving money. i am happy this app.,,5,2026-09-01,play_store,18.13.2,en,0,6e9cc5e7-cd8b-4e29-8ab5-a186796f6c7b,Groww,com.nextbillion.groww,google_play_public_no_login_fetcher
good Aap,,5,2026-08-31,play_store,18.13.2,en,0,dc6c615a-13ff-40d8-950e-ad2c7b9c18ac,Groww,com.nextbillion.groww,google_play_public_no_login_fetcher
"i am new user, unable to login with my mobile number. it always gives error - ""something went wrong"". trying for past week, same error. please allow login with emailid alone so that i can try out all features of groww ecosystem. unable to even start/tryout the app. very disappointing.",,1,2026-08-31,play_store,18.16.1,en,3,281cfb2d-5570-460e-abec-424bbcea276d,Groww,com.nextbillion.groww,google_play_public_no_login_fetcher
too good,,5,2026-08-31,play_store,18.13.2,en,0,e2849720-be31-485f-94f6-e19a98d3fdf2,Groww,com.nextbillion.groww,google_play_public_no_login_fetcher
good👍,,5,2026-08-31,play_store,18.16.1,en,0,8d67070b-17d1-4c65-9e5a-890502ffaaeb,Groww,com.nextbillion.groww,google_play_public_no_login_fetcher
best trading app,,5,2026-08-31,play_store,18.16.1,en,0,5271db5b-77d5-4ab5-9560-fdfa0e8e672f,Groww,com.nextbillion.groww,google_play_public_no_login_fetcher
good experience last 4 month start niwes throghw this app,,5,2026-08-31,play_store,18.16.1,en,0,0816f46e-485e-474d-be94-70520b8f64f8,Groww,com.nextbillion.groww,google_play_public_no_login_fetcher
💩,,1,2026-08-31,play_store,18.16.0,en,0,9b312622-16a8-4d9e-bf39-b95b803fa36e,Groww,com.nextbillion.groww,google_play_public_no_login_fetcher
"Funds not loading quickly after latest update Login problem, on website and app, please look into it (since update)",,5,2026-08-31,play_store,18.16.0,en,1,f9dc0a07-3827-4d5a-b330-633dd8bc5dc4,Groww,com.nextbillion.groww,google_play_public_no_login_fetcher
not giving me IPO's,,1,2026-08-31,play_store,18.16.1,en,2,32bbf790-e548-4efa-b9ef-0b0b03851a09,Groww,com.nextbillion.groww,google_play_public_no_login_fetcher
Groww is a good app and good working and good advice,,5,2026-08-31,play_store,18.16.1,en,0,521f6c2a-84a5-40a8-b0f6-d5c2b734933e,Groww,com.nextbillion.groww,google_play_public_no_login_fetcher
nice aap,,5,2026-08-31,play_store,18.16.1,en,0,a9be5c95-43c0-4730-968d-3fb5d9a53771,Groww,com.nextbillion.groww,google_play_public_no_login_fetcher
charging loats of,,1,2026-08-31,play_store,,en,0,c77e89f2-b738-42f9-a577-0d0671c1b9af,Groww,com.nextbillion.groww,google_play_public_no_login_fetcher
good,,5,2026-08-31,play_store,18.16.1,en,0,ac8b55c9-2a77-4b2a-96f5-2116058be8b9,Groww,com.nextbillion.groww,google_play_public_no_login_fetcher
brokerage high and order placement is very slow,,2,2026-08-31,play_store,,en,0,bce9502c-2666-4096-9fba-b6ebad218110,Groww,com.nextbillion.groww,google_play_public_no_login_fetcher
Worst service,,5,2026-08-31,play_store,18.15.1,en,0,00c3558b-69a0-43fd-a5e0-5ff230b52180,Groww,com.nextbillion.groww,google_play_public_no_login_fetcher
good app for trading,,5,2026-08-31,play_store,18.16.1,en,1,52c54f4c-f218-4683-8f6a-da703f52a7a2,Groww,com.nextbillion.groww,google_play_public_no_login_fetcher
good,,5,2026-08-31,play_store,18.15.1,en,0,b3bf27d8-2bef-4088-9217-e42d4b76e465,Groww,com.nextbillion.groww,google_play_public_no_login_fetcher
thanks i am happy,,5,2026-08-31,play_store,18.16.1,en,0,eba80f07-7fd6-4f72-9378-ea116c54c2dd,Groww,com.nextbillion.groww,google_play_public_no_login_fetcher
good,,1,2026-08-31,play_store,18.14.2,en,0,c8c3d921-d835-4279-b01b-3b70167cab42,Groww,com.nextbillion.groww,google_play_public_no_login_fetcher
trusted app. nice experience,,5,2026-08-31,play_store,18.16.1,en,0,c0f717b0-4dcf-4feb-8e52-41429b50093f,Groww,com.nextbillion.groww,google_play_public_no_login_fetcher
"Best app, Thank you groww",,5,2026-08-31,play_store,18.16.0,en,0,1d06be37-7a8e-42b2-ac1b-692a006769be,Groww,com.nextbillion.groww,google_play_public_no_login_fetcher
good app for trading and easy process,,5,2026-08-31,play_store,,en,2,67d2c196-2827-4827-bfe5-f7fcc55fa026,Groww,com.nextbillion.groww,google_play_public_no_login_fetcher
very good service I like it 😄,,4,2026-08-31,play_store,18.16.1,en,0,16b0a10e-c51a-4265-8bb1-6850ba07adb8,Groww,com.nextbillion.groww,google_play_public_no_login_fetcher
good for all usage,,5,2026-08-31,play_store,,en,0,5ea83acd-1c1f-4fde-b933-88b2339bbd7a,Groww,com.nextbillion.groww,google_play_public_no_login_fetcher
good experience,,5,2026-08-31,play_store,18.16.1,en,0,a82f65c8-25dc-43f8-99f8-be5aff2d8cd7,Groww,com.nextbillion.groww,google_play_public_no_login_fetcher
good app with very simple interface. almost every thing u need is available. customer support is very good also during market hours. need improvement like trading on chart. no export advisory for trading. The fee on trade is high compression to other 5* rating trading apps. for 0 trading fee novia like app is best. Hope grow team also do better for customer.,,5,2026-08-31,play_store,18.16.1,en,2,b572236a-27f7-48bb-88ea-755c473ac453,Groww,com.nextbillion.groww,google_play_public_no_login_fetcher
download,,5,2026-08-31,play_store,16.68,en,0,01ff168f-159c-4699-8225-9e8af512e94f,Groww,com.nextbillion.groww,google_play_public_no_login_fetcher
good 👍,,5,2026-08-31,play_store,18.15.1,en,0,3cdecc6e-cee0-481d-b40c-4e3fc1946d8d,Groww,com.nextbillion.groww,google_play_public_no_login_fetcher
"Misleading app, the app will create F&O, Bonds accounts without your concern. By mistake if you tap on them, it will show a popup about the feature, but it will not ask your permission to create an account.",,1,2026-08-31,play_store,18.16.1,en,9,0de42db4-68a3-41f0-b014-2f08c320086e,Groww,com.nextbillion.groww,google_play_public_no_login_fetcher
"superb one much better than its competitors especially angel one ..,",,5,2026-08-31,play_store,18.16.1,en,1,f3c22b76-5160-42f5-afb3-5439292f0890,Groww,com.nextbillion.groww,google_play_public_no_login_fetcher
good,,5,2026-08-31,play_store,18.12.1,en,0,05d359ac-ab76-4f29-853b-d9ff94e49526,Groww,com.nextbillion.groww,google_play_public_no_login_fetcher
good,,4,2026-08-31,play_store,,en,0,e1a4eae0-128d-469f-a4f5-81178cecebd6,Groww,com.nextbillion.groww,google_play_public_no_login_fetcher
best keep upgrading,,5,2026-08-31,play_store,18.16.1,en,1,407b770c-6df8-4e31-b212-3fbecb3eb31b,Groww,com.nextbillion.groww,google_play_public_no_login_fetcher
"Hello, Overall Good Application, Simple Easy to use, Plz increase the Capacity of Watch list, Need Minimum 250, and Also Request Add US stock",,4,2026-08-31,play_store,18.16.1,en,4,e9361d86-8f26-4c8f-8873-f3c4a0689d3f,Groww,com.nextbillion.groww,google_play_public_no_login_fetcher
user friendly.. simply superb to use.. I strongly recommend this app to all trading enthusiast,,5,2026-08-31,play_store,18.16.1,en,3,45402135-5a5d-4c3b-b468-d76033e64705,Groww,com.nextbillion.groww,google_play_public_no_login_fetcher
"best app for users,very simple and knowledgeable home page",,4,2026-08-31,play_store,,en,1,0aab8155-22ef-45ed-a611-5399eaf34594,Groww,com.nextbillion.groww,google_play_public_no_login_fetcher
Most powerful App,,5,2026-08-31,play_store,,en,0,779e5c44-b9e1-4c3c-b4d5-2e2b33d65e7d,Groww,com.nextbillion.groww,google_play_public_no_login_fetcher
wonderful 👍,,5,2026-08-31,play_store,18.16.1,en,0,3a84b234-082e-4913-81e9-a0ea775a3153,Groww,com.nextbillion.groww,google_play_public_no_login_fetcher
good work,,5,2026-08-31,play_store,18.8.1,en,0,4328b44d-49cb-45db-abf5-3ba7f9c70a9b,Groww,com.nextbillion.groww,google_play_public_no_login_fetcher
good performance,,5,2026-08-31,play_store,18.7.1,en,0,232a8935-9482-4239-bac3-a91e590cbfb2,Groww,com.nextbillion.groww,google_play_public_no_login_fetcher
Easy to use. I need clarity on brokerage charges with tax % for trading in commodities,,4,2026-08-31,play_store,,en,0,a5bb0231-e5f2-46df-985a-46b559a577e0,Groww,com.nextbillion.groww,google_play_public_no_login_fetcher
Wonderful Experience,,5,2026-08-31,play_store,18.15.1,en,0,5035a4ba-204f-4815-b97b-a48d7394eedf,Groww,com.nextbillion.groww,google_play_public_no_login_fetcher
good to invest,,4,2026-08-31,play_store,18.13.2,en,0,4e0046b7-453f-4e32-97b1-bd3dc2421d8c,Groww,com.nextbillion.groww,google_play_public_no_login_fetcher
good,,5,2026-08-31,play_store,,en,0,60d2aec7-78a7-446f-ada4-c266fc8bb24d,Groww,com.nextbillion.groww,google_play_public_no_login_fetcher
new update,,5,2026-08-31,play_store,,en,0,5f8f607e-22ea-4fe2-a820-005ce31ec9c6,Groww,com.nextbillion.groww,google_play_public_no_login_fetcher
good,,4,2026-08-31,play_store,18.15.1,en,0,b0ceaf65-555b-4ab0-9402-bb273f64301b,Groww,com.nextbillion.groww,google_play_public_no_login_fetcher
very best,,5,2026-08-31,play_store,18.15.1,en,0,85cded02-38be-4532-ab34-98fe7530cce1,Groww,com.nextbillion.groww,google_play_public_no_login_fetcher
groww is the best,,5,2026-08-31,play_store,18.16.1,en,0,e3276382-96d6-4618-9f32-062761078aa5,Groww,com.nextbillion.groww,google_play_public_no_login_fetcher
"the worst broking app , many glitches whilentrading i won't recommend using it",,1,2026-08-31,play_store,18.16.0,en,0,bd14ff62-f9ca-4777-a189-65baaba7b39b,Groww,com.nextbillion.groww,google_play_public_no_login_fetcher
so cute ❣️❣️,,5,2026-08-31,play_store,18.16.0,en,0,47e6ee63-1dfd-4303-8a7e-35738e242080,Groww,com.nextbillion.groww,google_play_public_no_login_fetcher
it's nice app to moniter funds,,5,2026-08-31,play_store,18.16.1,en,0,90a1fae3-d80b-40e9-bcf4-bb60d99f07ff,Groww,com.nextbillion.groww,google_play_public_no_login_fetcher
overall very good user friendly application,,5,2026-08-31,play_store,18.16.1,en,0,8bcd8842-a18a-4713-b9ad-0d4ab8b25f3d,Groww,com.nextbillion.groww,google_play_public_no_login_fetcher
good app for india stook market,,5,2026-08-31,play_store,,en,1,28e54d12-cc1f-440e-9769-1c4f6aa3d2fc,Groww,com.nextbillion.groww,google_play_public_no_login_fetcher
good,,5,2026-08-31,play_store,18.16.1,en,0,a10a415a-0596-4b5f-be93-ea641f501c12,Groww,com.nextbillion.groww,google_play_public_no_login_fetcher
BEST TRADING APP,,5,2026-08-31,play_store,18.16.1,en,0,82fd2ac2-178b-47a2-948f-6a816a634f9e,Groww,com.nextbillion.groww,google_play_public_no_login_fetcher
super super good 👍,,5,2026-08-31,play_store,18.15.1,en,0,d28e35b8-6e5b-42d5-a999-62ca8dc6e69c,Groww,com.nextbillion.groww,google_play_public_no_login_fetcher
Grateful for this app 😇,,5,2026-08-31,play_store,18.16.1,en,0,4c903b47-a643-4c86-b8c2-525ac2aefe46,Groww,com.nextbillion.groww,google_play_public_no_login_fetcher
good,,5,2026-08-31,play_store,18.16.1,en,0,c1af111c-6a2b-4e3b-bb68-1139e6670833,Groww,com.nextbillion.groww,google_play_public_no_login_fetcher
all good,,5,2026-08-31,play_store,18.15.1,en,0,95507c28-2038-4259-989d-9793d6e217d7,Groww,com.nextbillion.groww,google_play_public_no_login_fetcher
❤️❤️❤️,,5,2026-08-31,play_store,18.4.3,en,0,1ec907aa-b16d-4143-afc7-6ccc404294e1,Groww,com.nextbillion.groww,google_play_public_no_login_fetcher
very good,,4,2026-08-31,play_store,,en,0,e01437bc-89bc-412d-9a3a-501fe29daba8,Groww,com.nextbillion.groww,google_play_public_no_login_fetcher
very good app,,5,2026-08-31,play_store,18.15.1,en,0,c6241dfa-b54e-4234-b4ec-08d16d320a26,Groww,com.nextbillion.groww,google_play_public_no_login_fetcher
good application for investment,,5,2026-08-31,play_store,18.16.0,en,0,65fed60f-7ee1-48a2-99a0-3d994f560524,Groww,com.nextbillion.groww,google_play_public_no_login_fetcher
good 👍,,3,2026-08-31,play_store,18.15.1,en,0,84ab5362-d54f-4227-b9e5-607a6186c93f,Groww,com.nextbillion.groww,google_play_public_no_login_fetcher
very nice app for stock mutual fund very easy user interface and very low platform charges.. thank you so much,,5,2026-08-31,play_store,18.16.1,en,2,e2926455-48e0-4ad7-b941-3490dc8f4f7f,Groww,com.nextbillion.groww,google_play_public_no_login_fetcher
best app so easy to use,,5,2026-08-31,play_store,,en,0,f81efebd-ce9e-4dd0-898d-4fcf2836d1d3,Groww,com.nextbillion.groww,google_play_public_no_login_fetcher
good,,5,2026-08-31,play_store,,en,0,048d42e3-c528-4ea6-a41d-4cb44a4f46b4,Groww,com.nextbillion.groww,google_play_public_no_login_fetcher
waste app,,1,2026-08-31,play_store,18.14.2,en,0,6461fa42-1086-4fbc-bdd2-b83fc9456c89,Groww,com.nextbillion.groww,google_play_public_no_login_fetcher
App unusuful. 🥱,,4,2026-08-31,play_store,18.14.1,en,0,f1a5d176-b649-4d1a-b94b-bb35a3f40a9f,Groww,com.nextbillion.groww,google_play_public_no_login_fetcher
best experience,,5,2026-08-31,play_store,18.15.1,en,0,68d83bd8-e2ab-4d41-a8e2-5661fd9a2857,Groww,com.nextbillion.groww,google_play_public_no_login_fetcher
please add the option where we can find out which fund performing well nd which one is bad.,,4,2026-08-31,play_store,18.16.1,en,2,7c26baa0-c2dc-4c75-b6f6-bb0eab0a78fd,Groww,com.nextbillion.groww,google_play_public_no_login_fetcher
very good app,,4,2026-08-31,play_store,18.16.1,en,0,21cc5c40-ff02-45cc-bb69-df802e2f6acd,Groww,com.nextbillion.groww,google_play_public_no_login_fetcher
good 👍,,5,2026-08-31,play_store,18.15.1,en,0,c3ff185d-3228-4ef7-891b-5c16e26072cf,Groww,com.nextbillion.groww,google_play_public_no_login_fetcher
Awesome,,5,2026-08-31,play_store,,en,0,8f7fca21-5cee-44cf-aaf4-bbfc4570fb5b,Groww,com.nextbillion.groww,google_play_public_no_login_fetcher
execellent,,5,2026-08-31,play_store,18.14.2,en,0,6a2963c7-edab-4425-be11-2a6622c905aa,Groww,com.nextbillion.groww,google_play_public_no_login_fetcher
good one,,5,2026-08-31,play_store,18.13.2,en,0,8b609666-a384-44c1-9c87-962447d5e5a3,Groww,com.nextbillion.groww,google_play_public_no_login_fetcher
good,,5,2026-08-31,play_store,18.14.1,en,0,8495c21d-2067-4f40-b5c4-0c76d0369aa1,Groww,com.nextbillion.groww,google_play_public_no_login_fetcher
super,,5,2026-08-31,play_store,18.15.1,en,0,58548ba4-59a9-4c15-8b3f-2cb90d0a6446,Groww,com.nextbillion.groww,google_play_public_no_login_fetcher
gud,,3,2026-08-31,play_store,18.16.0,en,0,8a9acb6e-c44b-4210-9052-04911abae77f,Groww,com.nextbillion.groww,google_play_public_no_login_fetcher
good apps,,5,2026-08-31,play_store,18.16.1,en,0,8f345efc-c0ce-4f46-8e02-4e9322ca2d62,Groww,com.nextbillion.groww,google_play_public_no_login_fetcher
simple interface,,5,2026-08-31,play_store,,en,0,54796aca-d5a8-4e9d-8238-b1d95ef48d77,Groww,com.nextbillion.groww,google_play_public_no_login_fetcher
"I have never seen a better app than this, it is so simple and a great app for both beginners and experienced users.",,5,2026-08-31,play_store,18.16.0,en,0,10e9854d-8e67-4680-9aa8-ad12d1fa8446,Groww,com.nextbillion.groww,google_play_public_no_login_fetcher
nice,,5,2026-08-31,play_store,18.16.1,en,0,a7f43a63-e66e-4183-9a41-a04f9fb4f49a,Groww,com.nextbillion.groww,google_play_public_no_login_fetcher
I am very lucky because I have this application 🙏🏻,,5,2026-08-31,play_store,18.16.1,en,0,de2dea59-d681-4328-9a93-65b775cdc6a6,Groww,com.nextbillion.groww,google_play_public_no_login_fetcher
"I have been a groww customer for the last 5 years. Since last month I have been trying to update my e-mail id but due to reasons unknown it has failed number of times. Everytime I tried changing the email id it shows ""Account Creation is in process.Plz try again once the account is activated''. I contacted the customer care number of times but they failed to resolve the issue. Also the customer support of yours is unable to reach. Many times its not reachable. WORST CUSTOMER CARE.",,1,2026-08-31,play_store,18.12.1,en,4,465188bd-21bd-4971-bf22-53558d2850f6,Groww,com.nextbillion.groww,google_play_public_no_login_fetcher
good,,5,2026-08-31,play_store,18.16.1,en,0,b0a2aa42-2af3-4473-8f0c-504938a2fbf0,Groww,com.nextbillion.groww,google_play_public_no_login_fetcher
l like this app so much thanks to developers to listen my words may be this change will helpful for everyone,,5,2026-08-31,play_store,18.13.2,en,0,23f9f19d-5666-4a70-9efb-206bb5cff114,Groww,com.nextbillion.groww,google_play_public_no_login_fetcher
i am using last 5 years but I don't get profit so i will give one Star ⭐ thankyou 🥺,,1,2026-08-31,play_store,,en,0,d667c760-eae3-4e86-994b-4e546dedcca0,Groww,com.nextbillion.groww,google_play_public_no_login_fetcher
now it is working properly,,5,2026-08-31,play_store,18.15.1,en,0,d9f540de-5a79-4192-a318-56e5bcdef55f,Groww,com.nextbillion.groww,google_play_public_no_login_fetcher
👍🏻👍🏻,,5,2026-08-31,play_store,18.15.1,en,0,cf0cf1ee-ccdf-4ffc-be26-0476f8763e64,Groww,com.nextbillion.groww,google_play_public_no_login_fetcher
Investors Friendly Platform 👌,,5,2026-08-31,play_store,18.16.1,en,0,775dd5ac-42ca-417e-9a43-0304f92fd937,Groww,com.nextbillion.groww,google_play_public_no_login_fetcher
good,,5,2026-08-31,play_store,18.15.1,en,0,77dedd51-5cf7-4323-af77-8bc34acbcaf7,Groww,com.nextbillion.groww,google_play_public_no_login_fetcher
useles,,1,2026-08-31,play_store,18.16.1,en,0,91a55294-a894-46d8-87b5-f57cc542725d,Groww,com.nextbillion.groww,google_play_public_no_login_fetcher
The apps says that it is not compatable with my device. So I cannot operate anymore.,,1,2026-08-31,play_store,18.2.1,en,0,0ca5728a-6894-4391-baad-512432a73ea5,Groww,com.nextbillion.groww,google_play_public_no_login_fetcher
Brokerage charges very high other apps Brokerage charges 0,,1,2026-08-31,play_store,18.16.1,en,0,c228b9f5-3a0b-41de-9a92-e8d0b23ba9ab,Groww,com.nextbillion.groww,google_play_public_no_login_fetcher
ipo के सबक्रिप्शन की सही जानकारी नही मिलती है,,4,2026-08-31,play_store,18.16.1,en,0,ed630dc4-1ae1-42eb-874c-656498ff6b23,Groww,com.nextbillion.groww,google_play_public_no_login_fetcher
okay but,,4,2026-08-31,play_store,18.16.1,en,0,221f352d-2532-4f83-ae20-080f572147ad,Groww,com.nextbillion.groww,google_play_public_no_login_fetcher
ok,,5,2026-08-31,play_store,18.13.2,en,0,e1add416-3533-417e-897d-ef5343c26d24,Groww,com.nextbillion.groww,google_play_public_no_login_fetcher
negative points for groww long term investors equity delivery buy charges high compare another brokers,,5,2026-08-31,play_store,18.16.1,en,1,d5f824db-453e-4538-bd84-aab39182d418,Groww,com.nextbillion.groww,google_play_public_no_login_fetcher
Worst app angel one dhan 5 paisa are better then this broker,,1,2026-08-31,play_store,18.16.1,en,0,2f9e9d86-434c-47a4-903e-0a42fc952c7e,Groww,com.nextbillion.groww,google_play_public_no_login_fetcher
trusted plateform,,5,2026-08-31,play_store,18.16.1,en,0,53ee31ad-b381-49c8-97d5-62cb1c07ff32,Groww,com.nextbillion.groww,google_play_public_no_login_fetcher
nice,,5,2026-08-31,play_store,18.16.1,en,0,e292d2e4-53a6-4638-ad48-0b0eb5214481,Groww,com.nextbillion.groww,google_play_public_no_login_fetcher
ok alle t,,2,2026-08-31,play_store,18.16.1,en,1,632bd99b-8eeb-4975-9b72-af4ebe0f7fce,Groww,com.nextbillion.groww,google_play_public_no_login_fetcher
Good,,5,2026-08-31,play_store,18.14.2,en,0,d8cae993-dcd6-43b4-993c-1c6faca634f7,Groww,com.nextbillion.groww,google_play_public_no_login_fetcher
best app for trading,,5,2026-08-31,play_store,,en,0,be7d6c4b-91c1-4cec-8911-207feb143c2a,Groww,com.nextbillion.groww,google_play_public_no_login_fetcher
An application for all required,,5,2026-08-31,play_store,18.16.1,en,0,6e772032-1ec9-4000-9027-cde883c91a27,Groww,com.nextbillion.groww,google_play_public_no_login_fetcher
excellent performance,,5,2026-08-31,play_store,18.15.1,en,0,3f939f2c-3f2e-4022-836f-ab18c8ab221d,Groww,com.nextbillion.groww,google_play_public_no_login_fetcher
good job,,3,2026-08-31,play_store,17.92.3,en,0,53b26a2b-a2e4-4fe5-a517-2965b0dbbb47,Groww,com.nextbillion.groww,google_play_public_no_login_fetcher
The customer service is worst. I don't get any reply even though it say 24/7 support,,1,2026-08-31,play_store,18.15.1,en,0,57dcc01c-7df0-4a87-a81f-cce5e5e6c97d,Groww,com.nextbillion.groww,google_play_public_no_login_fetcher
best app,,5,2026-08-31,play_store,,en,0,7e3b2831-e5bd-4890-8e72-922de2b1c6e0,Groww,com.nextbillion.groww,google_play_public_no_login_fetcher
best trading,,5,2026-08-31,play_store,18.16.0,en,0,ba40c752-fa3a-4aa6-9869-767e29257d28,Groww,com.nextbillion.groww,google_play_public_no_login_fetcher
not all tools are available,,1,2026-08-31,play_store,18.16.1,en,0,eb3dec04-19b6-46b5-9079-6b6ea0fbc685,Groww,com.nextbillion.groww,google_play_public_no_login_fetcher
👍,,5,2026-08-31,play_store,18.16.1,en,0,5babfd78-579c-4017-958a-553a61d036d5,Groww,com.nextbillion.groww,google_play_public_no_login_fetcher
very nice and happy,,5,2026-08-31,play_store,18.7.1,en,0,8225c33c-30b5-4d4c-b878-29bb098fdb81,Groww,com.nextbillion.groww,google_play_public_no_login_fetcher
very good,,5,2026-08-31,play_store,18.16.1,en,1,3ef6e523-f5dc-4bda-a015-c2f73ca9e2ab,Groww,com.nextbillion.groww,google_play_public_no_login_fetcher
super,,5,2026-08-31,play_store,18.13.2,en,0,64bfb95b-078c-47a5-bc27-35c3aecd6cfe,Groww,com.nextbillion.groww,google_play_public_no_login_fetcher
this is very good app,,5,2026-08-31,play_store,,en,0,9fca8f54-f7c0-4fdf-92e2-93c647438e65,Groww,com.nextbillion.groww,google_play_public_no_login_fetcher
good,,5,2026-08-31,play_store,18.16.1,en,0,bbd567ce-aac6-4576-a75c-53349bfd3fa8,Groww,com.nextbillion.groww,google_play_public_no_login_fetcher
bahut acchi mutual fund app hai.,,5,2026-08-31,play_store,18.16.1,en,0,37e99def-1891-455d-9500-ddfc22549257,Groww,com.nextbillion.groww,google_play_public_no_login_fetcher
Very good app,,5,2026-08-31,play_store,18.15.1,en,1,e647602b-57ae-4151-bd8e-c32d2c722ea4,Groww,com.nextbillion.groww,google_play_public_no_login_fetcher
"Other trading apps provide an OI (Open Interest) profile directly on the live chart. Could you please add this feature to the Groww app as well? It would make it much easier for traders to analyze OI levels, support/resistance, and market positioning directly from the chart.",,3,2026-08-31,play_store,,en,0,f1eac3cb-3c35-4b40-a23c-93d89593be31,Groww,com.nextbillion.groww,google_play_public_no_login_fetcher
Good,,5,2026-08-31,play_store,18.16.1,en,0,c6b578b9-a0b8-48cc-a677-38387431cb88,Groww,com.nextbillion.groww,google_play_public_no_login_fetcher
it's good,,4,2026-08-31,play_store,18.16.1,en,0,82ceee0c-4d58-4fb6-ab49-388b68cfb2c5,Groww,com.nextbillion.groww,google_play_public_no_login_fetcher
Best platform for stock Market,,5,2026-08-31,play_store,18.16.1,en,1,4f84106a-aaf8-473a-b550-87748bcdf23c,Groww,com.nextbillion.groww,google_play_public_no_login_fetcher
nice app,,5,2026-08-31,play_store,18.16.1,en,1,4db455f8-ad54-447d-8d4c-a5c9375d02e3,Groww,com.nextbillion.groww,google_play_public_no_login_fetcher
Good,,5,2026-08-31,play_store,18.15.1,en,0,ba63d2ea-1540-48dc-8a07-66b8e7365c7b,Groww,com.nextbillion.groww,google_play_public_no_login_fetcher
good,,5,2026-08-31,play_store,18.16.1,en,0,387c6af9-6091-4a20-8a3c-ef5ee47168d1,Groww,com.nextbillion.groww,google_play_public_no_login_fetcher
very good 👍,,5,2026-08-31,play_store,18.16.1,en,0,18e591a1-fe2f-47a8-affd-f27b1fdd8ca7,Groww,com.nextbillion.groww,google_play_public_no_login_fetcher
"groww is one of my favourite applications when it comes to investment however the major issue with groww is it's customer service, their AI disconnects the call repeatedly and their chat service responds with much delay.",,3,2026-08-31,play_store,18.16.1,en,3,cf0ad68b-8876-426b-869d-5417c6e44844,Groww,com.nextbillion.groww,google_play_public_no_login_fetcher
good,,5,2026-08-31,play_store,18.16.1,en,0,56129f41-876d-4745-8dab-b10ffb248531,Groww,com.nextbillion.groww,google_play_public_no_login_fetcher
"Don't install this app its worst the candle timing is not accurate and for past weeks the last candle makes very abruptly confusing all instead go for other brokers like tradingview, dhan, fyers etc",,1,2026-08-31,play_store,18.15.1,en,0,98109c74-2f57-4014-8544-26f0cea3de9d,Groww,com.nextbillion.groww,google_play_public_no_login_fetcher
good,,3,2026-08-31,play_store,18.15.1,en,0,0d31dd3c-1c0d-4b8f-94a7-89c26e0d3421,Groww,com.nextbillion.groww,google_play_public_no_login_fetcher
super,,5,2026-08-31,play_store,18.16.1,en,0,6c59ccf8-e8ab-4ce9-ac96-93dccd2dbfc9,Groww,com.nextbillion.groww,google_play_public_no_login_fetcher
best trading app,,5,2026-08-31,play_store,18.13.2,en,0,ce36c0b2-da92-4312-a437-981d7d695a29,Groww,com.nextbillion.groww,google_play_public_no_login_fetcher
good,,5,2026-08-31,play_store,18.16.1,en,0,355a6bdb-f381-4460-b9e1-57da64e50792,Groww,com.nextbillion.groww,google_play_public_no_login_fetcher
very nice 👍👍👍,,5,2026-08-31,play_store,18.16.1,en,0,9db66f97-cefa-437c-9e35-7118c2b381d5,Groww,com.nextbillion.groww,google_play_public_no_login_fetcher
"On the new update the full screen chart is automatically switching to full screen, the new Scalper switch on the bottom annoying getting turned on!",,1,2026-08-31,play_store,18.16.1,en,1,497db86c-4ebc-4f47-85e7-4bca51e19328,Groww,com.nextbillion.groww,google_play_public_no_login_fetcher
useless app,,1,2026-08-31,play_store,18.15.1,en,0,8d3dd501-18a9-424b-95c9-be2116db71bb,Groww,com.nextbillion.groww,google_play_public_no_login_fetcher
bhot khoob very good,,5,2026-08-31,play_store,18.16.0,en,0,a1fcfe10-be85-48da-bb0f-11c636e76048,Groww,com.nextbillion.groww,google_play_public_no_login_fetcher
very good,,5,2026-08-31,play_store,18.16.1,en,1,90feeac9-1066-4c1a-8896-99cceedf4d90,Groww,com.nextbillion.groww,google_play_public_no_login_fetcher
"My experience was fantastic with groww over the years..I have been using this platform from past 4 years and i just wondered why no other platforms, mainly the peer companies don't have this ease of use..But off late the updates in this particular app is getting so vulnerable that it totally lacked the ease of use..",,2,2026-08-31,play_store,18.16.1,en,4,2c868e98-44a4-4ed9-87d5-2d1d35e1e46e,Groww,com.nextbillion.groww,google_play_public_no_login_fetcher
good,,4,2026-08-31,play_store,18.16.0,en,0,2dea52eb-8fa7-4abe-a4b1-8887be20aef5,Groww,com.nextbillion.groww,google_play_public_no_login_fetcher
good service,,5,2026-08-31,play_store,18.12.1,en,0,e544578d-8cff-44f7-878c-4a1b4e633c7a,Groww,com.nextbillion.groww,google_play_public_no_login_fetcher
"After the recent GROWW Application Update, it has been observed that the bit by bit graphs are not getting updated immediately and lag behind. I need to refresh the screen to get the updated price. Kindly fix this.",,2,2026-08-31,play_store,18.16.1,en,5,b6b076f2-8f1f-4438-9c66-5a3801b8d6e5,Groww,com.nextbillion.groww,google_play_public_no_login_fetcher
Good to user friendly,,4,2026-08-31,play_store,18.16.1,en,0,320e47da-1a11-40e6-878c-12471c4b6d29,Groww,com.nextbillion.groww,google_play_public_no_login_fetcher
good service,,5,2026-08-31,play_store,18.16.1,en,0,5bba12b9-0ab3-49c2-b7ca-2552d222fefb,Groww,com.nextbillion.groww,google_play_public_no_login_fetcher
do not use,,1,2026-08-31,play_store,,en,0,7caaa33f-feff-436a-976b-fabe6eea2b0f,Groww,com.nextbillion.groww,google_play_public_no_login_fetcher
excellent app,,5,2026-08-31,play_store,18.1.1,en,0,d46dc5b6-3f10-42b9-a7ac-6c262c6889a1,Groww,com.nextbillion.groww,google_play_public_no_login_fetcher
unnecessarily asking for money and not showing proper options or steps to sell the stocks. I made loss because of them. Came back to playstore to give this app 1 star (0 is not an option) found that already given. waiting for the day to delete this app forever. most stupidest app ever.,,1,2026-08-31,play_store,18.16.1,en,2,eafc1bc2-9d90-498b-ad38-bb3f8c42669a,Groww,com.nextbillion.groww,google_play_public_no_login_fetcher
experience 5 Star hai please brokerage 10 rupee kardo na bahut acha rahega jitna kamate nahi usse jyada to brokerage chala jata hai,,5,2026-08-31,play_store,18.15.1,en,0,83f8464b-7b5d-4831-b085-8419f6cc11bf,Groww,com.nextbillion.groww,google_play_public_no_login_fetcher
Best application for ever,,5,2026-08-31,play_store,18.15.1,en,0,b787976e-8bf7-45c6-9a5f-34a3108739b5,Groww,com.nextbillion.groww,google_play_public_no_login_fetcher
ye app thik hi chlta h.... sl me sl se 2-3 point niche hit hota h or target me target se phele hit hoke cut jata h... mtlb dono trf nuksan hota h... mene 5star ratings di thi ab isko km krke 2 star hi deta hu..,,2,2026-08-31,play_store,18.16.1,en,2,f0e3f949-bc58-49f7-9fcb-b0a97170d49d,Groww,com.nextbillion.groww,google_play_public_no_login_fetcher
"Stocks and f&o intraday sqareoff timings always problematic(they mentioned 3.20 p.m ),but,they sqareoff any time they want and loot Sqare-off charges (50 + GST.)",,1,2026-08-31,play_store,18.16.1,en,4,148e9797-23c4-4340-9a07-ce7f0c84707c,Groww,com.nextbillion.groww,google_play_public_no_login_fetcher
good 👍,,5,2026-08-31,play_store,18.13.2,en,0,b1e87706-af2d-41fc-8be9-494063a35a56,Groww,com.nextbillion.groww,google_play_public_no_login_fetcher
excellent,,5,2026-08-31,play_store,18.3.1,en,0,8785d90f-9242-46b0-9522-d475b508b366,Groww,com.nextbillion.groww,google_play_public_no_login_fetcher
The new features are third class The old features were great to know all the charts at a single time after seeing the new feature I really want to uninstall the app now the have another feature like grow chart & scalper mode hate it a lot me and all of my friends nobody likes that button very very irritating,,1,2026-08-31,play_store,18.16.1,en,2,8418abfd-2586-457e-80c1-925917d76281,Groww,com.nextbillion.groww,google_play_public_no_login_fetcher
best,,5,2026-08-31,play_store,18.16.1,en,0,a2048ec9-f5c7-4565-84f8-a46649d4cc32,Groww,com.nextbillion.groww,google_play_public_no_login_fetcher
ok nice service,,5,2026-08-31,play_store,18.16.1,en,0,d9eadc83-6b2f-4892-af41-75b07ea60145,Groww,com.nextbillion.groww,google_play_public_no_login_fetcher
superb,,5,2026-08-31,play_store,18.10.1,en,0,27d62aae-bd25-4b8c-aa2c-a1f90b89ddc1,Groww,com.nextbillion.groww,google_play_public_no_login_fetcher
"very bad application, Customer support system is very very bad, don't download this app if you don't want to loose your money.",,1,2026-08-31,play_store,18.16.1,en,1,39b63411-4a62-4cee-bda7-5e0cf1fbc603,Groww,com.nextbillion.groww,google_play_public_no_login_fetcher
Stocks mein jo scalping update kiye ho Groww bahut badhiya. one of the best features among all brokers. Thanks,,5,2026-08-31,play_store,18.16.1,en,1,a6f53a36-b353-4e56-87e1-4cc1a0dba6c4,Groww,com.nextbillion.groww,google_play_public_no_login_fetcher
"worst app, even after successfully approving the ipo mandate, the status on groww is not updating.",,1,2026-08-31,play_store,18.16.1,en,1,14e39a17-1e0e-47f9-bab9-0db89da2d50e,Groww,com.nextbillion.groww,google_play_public_no_login_fetcher
very nice,,1,2026-08-31,play_store,18.16.1,en,0,c835d237-3a21-49aa-8fe6-cb7032e3c885,Groww,com.nextbillion.groww,google_play_public_no_login_fetcher
"Really happy with the new F&O Lock feature in the Groww app. It’s a very useful update for traders, especially for managing risk and avoiding accidental F&O trades. The feature is simple, easy to use, and gives better control over trading activities. Great job, Groww team! 👏 Keep bringing more useful features like this. 🚀",,5,2026-08-31,play_store,18.16.1,en,2,081e95ac-e7ee-47f3-a289-db7027fcd602,Groww,com.nextbillion.groww,google_play_public_no_login_fetcher
NFOs nhi show ho rhe h ?,,3,2026-08-31,play_store,18.16.1,en,0,23abd356-e332-443c-9c65-2930dc2edb62,Groww,com.nextbillion.groww,google_play_public_no_login_fetcher
Support is too bad if u face any trouble they will too much time to provide assistance approximately upto 1 week for minor issue. no resolution even sending mail to the given mail id.,,1,2026-08-31,play_store,18.16.1,en,2,58217b75-8940-4fd1-9caf-b5fdf460c59b,Groww,com.nextbillion.groww,google_play_public_no_login_fetcher
achha hai,,5,2026-08-31,play_store,18.16.0,en,0,324f6a9c-e20b-491d-8a2b-125d17ba250a,Groww,com.nextbillion.groww,google_play_public_no_login_fetcher
nice aap,,5,2026-08-31,play_store,18.16.1,en,0,9e0ac175-50d9-445b-8444-4166893e1913,Groww,com.nextbillion.groww,google_play_public_no_login_fetcher
ok,,5,2026-08-31,play_store,18.14.2,en,0,319d29cd-d587-46fb-9e17-44fd4adfb2ca,Groww,com.nextbillion.groww,google_play_public_no_login_fetcher
very good experience 💯,,5,2026-08-31,play_store,18.15.1,en,1,0efa72ab-96c6-4f0b-a430-9830bd0087b4,Groww,com.nextbillion.groww,google_play_public_no_login_fetcher
👍👍good,,5,2026-08-31,play_store,18.15.1,en,0,8c84b41d-a17d-4e0e-a05a-f280c6d06d38,Groww,com.nextbillion.groww,google_play_public_no_login_fetcher
ipo no response,,1,2026-08-31,play_store,18.14.2,en,0,ee677e0a-9bc9-4993-ac63-88ff4631bfd9,Groww,com.nextbillion.groww,google_play_public_no_login_fetcher
good,,5,2026-08-31,play_store,18.16.0,en,0,7b028ca7-1d27-4f0b-8721-f712f02c375c,Groww,com.nextbillion.groww,google_play_public_no_login_fetcher
the best app for market.,,5,2026-08-31,play_store,18.16.1,en,0,358e88b9-d763-4645-b284-5e2fa00d7f5a,Groww,com.nextbillion.groww,google_play_public_no_login_fetcher
good service,,5,2026-08-31,play_store,18.14.2,en,0,0365664e-dd2c-4f44-b6b7-fa8ea9e48c10,Groww,com.nextbillion.groww,google_play_public_no_login_fetcher
best,,5,2026-08-31,play_store,18.16.0,en,0,ef7228d0-a66f-4bd1-84e2-99b42b9b05dd,Groww,com.nextbillion.groww,google_play_public_no_login_fetcher
very very good,,5,2026-08-31,play_store,18.14.0,en,0,8b880ab8-b109-43fb-8a30-380f70ac1351,Groww,com.nextbillion.groww,google_play_public_no_login_fetcher
nice🤩,,5,2026-08-31,play_store,18.16.1,en,0,c47d7b59-9fde-4ced-adf4-416bc1a5bb6a,Groww,com.nextbillion.groww,google_play_public_no_login_fetcher
super,,5,2026-08-31,play_store,18.16.0,en,0,c709e04d-5c84-4dba-8c05-343837b29267,Groww,com.nextbillion.groww,google_play_public_no_login_fetcher
"previous update was best. new update is creating problem in chart page, the lower right side ""scalper"" option.",,1,2026-08-31,play_store,,en,0,a541b117-56e0-4e1b-ad21-cf2044178b62,Groww,com.nextbillion.groww,google_play_public_no_login_fetcher
excellent working,,5,2026-08-31,play_store,18.16.1,en,0,3fc99130-1788-41b3-8683-203ce19a254c,Groww,com.nextbillion.groww,google_play_public_no_login_fetcher
I trust this platform,,5,2026-08-31,play_store,18.13.2,en,1,6c2f9097-eccf-49ab-817d-89669fef3f8d,Groww,com.nextbillion.groww,google_play_public_no_login_fetcher
good 👍,,5,2026-08-31,play_store,18.16.1,en,0,cdbd623b-b2f0-48ed-b079-4e771227c624,Groww,com.nextbillion.groww,google_play_public_no_login_fetcher
good,,5,2026-08-31,play_store,18.15.1,en,0,fb7163d6-1229-4e1e-bcee-b0f51fbc5746,Groww,com.nextbillion.groww,google_play_public_no_login_fetcher
nice,,5,2026-08-31,play_store,18.16.1,en,0,a34cafc9-16ad-49e9-a5aa-e123ce278168,Groww,com.nextbillion.groww,google_play_public_no_login_fetcher
ok,,5,2026-08-31,play_store,18.16.1,en,1,492ea4bf-ae78-49a3-b5ed-67d4d937f391,Groww,com.nextbillion.groww,google_play_public_no_login_fetcher
good app must use,,4,2026-08-31,play_store,18.15.1,en,0,108f213e-9a3a-4573-8d99-5e23406c2b63,Groww,com.nextbillion.groww,google_play_public_no_login_fetcher
good 👍,,5,2026-08-31,play_store,18.16.1,en,0,06cecc8b-b56e-447b-a8f8-d81ecd1da958,Groww,com.nextbillion.groww,google_play_public_no_login_fetcher
easy to access,,5,2026-08-31,play_store,18.15.1,en,0,7e41c600-3f58-4e52-81d3-2c937c20779e,Groww,com.nextbillion.groww,google_play_public_no_login_fetcher
love this,,5,2026-08-31,play_store,18.16.1,en,0,e5b7c0b5-583b-4943-9643-a948576b71ee,Groww,com.nextbillion.groww,google_play_public_no_login_fetcher
charges should be less and,,4,2026-08-31,play_store,18.16.1,en,0,9199574c-1aa7-4103-afcd-8256ead50bad,Groww,com.nextbillion.groww,google_play_public_no_login_fetcher
Excellent,,5,2026-08-31,play_store,18.15.1,en,0,046c7a14-40ab-4b7c-83ef-85653e324fdf,Groww,com.nextbillion.groww,google_play_public_no_login_fetcher
Nice place for learning and trading/investment made easy.,,5,2026-08-31,play_store,18.16.1,en,1,bde17734-3296-459b-a152-0385dfe8f6d2,Groww,com.nextbillion.groww,google_play_public_no_login_fetcher
update hi iski problem h,,1,2026-08-31,play_store,18.16.1,en,0,f9574b3c-95a5-4e93-88f4-0a495f3cfd78,Groww,com.nextbillion.groww,google_play_public_no_login_fetcher
aapka deduction tax one time kaatna chahie sale Karen ya buy one time,,3,2026-08-31,play_store,18.16.0,en,0,f858c1d9-f83b-48e8-b6cd-8fe51540d6c5,Groww,com.nextbillion.groww,google_play_public_no_login_fetcher
best Groow,,5,2026-08-31,play_store,18.15.1,en,0,c213b173-3360-4efc-b0ed-069b9b371f8e,Groww,com.nextbillion.groww,google_play_public_no_login_fetcher
very good,,5,2026-08-31,play_store,18.15.1,en,0,cdb52176-e3d8-40da-933a-3e0c93040b9a,Groww,com.nextbillion.groww,google_play_public_no_login_fetcher
worst company,,1,2026-08-31,play_store,,en,0,8388b64e-0657-4764-840b-ccd671de234b,Groww,com.nextbillion.groww,google_play_public_no_login_fetcher
best,,5,2026-08-31,play_store,18.15.1,en,0,f9db98e7-c0fd-4259-b19f-87f20251e41d,Groww,com.nextbillion.groww,google_play_public_no_login_fetcher
good,,5,2026-08-31,play_store,,en,0,e61abaf6-cf7a-4e79-a354-5021600d6c69,Groww,com.nextbillion.groww,google_play_public_no_login_fetcher
good,,5,2026-08-31,play_store,18.16.0,en,0,08388596-11e7-46ff-8438-dd255071452f,Groww,com.nextbillion.groww,google_play_public_no_login_fetcher
good,,5,2026-08-31,play_store,18.12.1,en,0,e79d31fd-8089-471b-a929-41b4dd1be5fb,Groww,com.nextbillion.groww,google_play_public_no_login_fetcher
nice one,,5,2026-08-31,play_store,18.16.0,en,0,2e993dae-dde7-4ede-984d-ef29a91dac61,Groww,com.nextbillion.groww,google_play_public_no_login_fetcher
excellent,,5,2026-08-31,play_store,18.16.1,en,0,3753f9fa-7ac1-4b10-a297-038e5201f456,Groww,com.nextbillion.groww,google_play_public_no_login_fetcher
👍,,4,2026-08-31,play_store,18.14.1,en,0,8142a137-e5d2-4db7-9b13-69a8248492c1,Groww,com.nextbillion.groww,google_play_public_no_login_fetcher
groww wale tum kaun kaunsi update karte rahte ho ... tumhare updating very bad hote jaraha hai aur abhi full screen wala update sabse bekar and ghatiya hai .... modify karne ke liye kai bar back jana padta hai,,1,2026-08-31,play_store,,en,0,1c7c1f4a-974f-4497-9fd9-f98c5d9720df,Groww,com.nextbillion.groww,google_play_public_no_login_fetcher
good,,5,2026-08-31,play_store,,en,0,41fcabb3-9fcf-4db7-8456-68eb0f48e9c1,Groww,com.nextbillion.groww,google_play_public_no_login_fetcher
worst experience . This app interface for mobile is designed to rob the option trader with frequently changing interface. every next update makes your buttons different and your habit of previous window buttons make you place orders or exit orders accidentally.,,1,2026-08-31,play_store,18.16.1,en,13,049beafe-a81c-4559-9a0e-9ec8e73c0284,Groww,com.nextbillion.groww,google_play_public_no_login_fetcher
good 👍🏻,,5,2026-08-31,play_store,18.16.1,en,0,53e8b005-8b58-428e-8e75-00edea624fa3,Groww,com.nextbillion.groww,google_play_public_no_login_fetcher
nice,,5,2026-08-31,play_store,18.16.1,en,0,72b05883-3d62-4b54-af41-631798f47819,Groww,com.nextbillion.groww,google_play_public_no_login_fetcher
user friendly,,5,2026-08-31,play_store,18.16.1,en,0,46072dfc-a605-4e23-927d-2fe2c8dd0987,Groww,com.nextbillion.groww,google_play_public_no_login_fetcher
very good,,5,2026-08-31,play_store,18.15.1,en,0,d740a068-06cc-4998-b38f-398bc867ad1a,Groww,com.nextbillion.groww,google_play_public_no_login_fetcher
best,,5,2026-08-31,play_store,,en,0,5ae78c24-da3f-4006-9b04-d62a520dd451,Groww,com.nextbillion.groww,google_play_public_no_login_fetcher
to Good,,5,2026-08-31,play_store,18.16.0,en,0,e23fcc18-dfb0-4912-ae05-c3625218aa1e,Groww,com.nextbillion.groww,google_play_public_no_login_fetcher
easy to use app,,5,2026-08-31,play_store,18.16.1,en,0,88b67223-d5ef-4397-9e4e-0791ee9eb8a0,Groww,com.nextbillion.groww,google_play_public_no_login_fetcher
Ease of Use.,,5,2026-08-31,play_store,18.16.1,en,0,cbf9f170-bf6c-4a04-b778-8e0b025bcde5,Groww,com.nextbillion.groww,google_play_public_no_login_fetcher
nice,,5,2026-08-31,play_store,18.13.2,en,0,b16e3364-2538-4d50-9ab3-10622732ee4d,Groww,com.nextbillion.groww,google_play_public_no_login_fetcher
best,,5,2026-08-31,play_store,18.15.1,en,0,66c8dfd9-24d1-4f1a-aaf8-a273cc7457cf,Groww,com.nextbillion.groww,google_play_public_no_login_fetcher
so nice good service and information,,5,2026-08-31,play_store,18.16.1,en,0,65e93047-3daa-4c5e-b144-e473b657a5a9,Groww,com.nextbillion.groww,google_play_public_no_login_fetcher
best broker,,5,2026-08-31,play_store,18.16.1,en,0,3dd5d7d3-e11c-4e85-b3f4-647fd3917332,Groww,com.nextbillion.groww,google_play_public_no_login_fetcher
simple and good interface for beginners,,4,2026-08-31,play_store,18.16.1,en,2,b2c91521-4cfb-4d19-92e0-e15234cd1a51,Groww,com.nextbillion.groww,google_play_public_no_login_fetcher
bahut badhiya hai ba thoda broker charge jyada hai,,5,2026-08-31,play_store,18.15.1,en,0,6f6d428b-0698-4394-b647-d4cad68c379f,Groww,com.nextbillion.groww,google_play_public_no_login_fetcher
ok,,5,2026-08-31,play_store,18.15.1,en,0,0fc12a15-9f2a-4f38-80ee-2d8144e5561f,Groww,com.nextbillion.groww,google_play_public_no_login_fetcher
Good,,4,2026-08-31,play_store,18.16.1,en,0,697075ad-2ee8-440c-8144-b280ef331936,Groww,com.nextbillion.groww,google_play_public_no_login_fetcher
thanks OK,,5,2026-08-31,play_store,18.16.1,en,0,18ec0972-d0fe-4abe-95c7-f963806c3c63,Groww,com.nextbillion.groww,google_play_public_no_login_fetcher
good,,5,2026-08-31,play_store,18.15.1,en,0,5084261c-1923-4c1c-9ca0-e260c3a4a59e,Groww,com.nextbillion.groww,google_play_public_no_login_fetcher
good,,5,2026-08-31,play_store,18.16.1,en,0,18c2cca2-3bcd-45ad-a092-f542e2e95e8f,Groww,com.nextbillion.groww,google_play_public_no_login_fetcher
good 👍,,5,2026-08-31,play_store,,en,0,a8e32f4a-0c7b-4d24-afd6-c318f03c6330,Groww,com.nextbillion.groww,google_play_public_no_login_fetcher
good for everyone,,4,2026-08-31,play_store,18.16.1,en,0,e5ba1912-3b9d-4eb5-8b41-4fccc5dbba3b,Groww,com.nextbillion.groww,google_play_public_no_login_fetcher
good 👍,,4,2026-08-31,play_store,18.16.1,en,0,c3e71185-7234-4182-86cc-c81b675bf912,Groww,com.nextbillion.groww,google_play_public_no_login_fetcher
good,,5,2026-08-31,play_store,18.16.1,en,0,21ee411d-604b-4e91-ab95-65c32770c6a1,Groww,com.nextbillion.groww,google_play_public_no_login_fetcher
good,,5,2026-08-31,play_store,,en,0,94108326-774c-40c6-95f9-56878f4e0656,Groww,com.nextbillion.groww,google_play_public_no_login_fetcher
nice 👍,,5,2026-08-31,play_store,18.14.1,en,0,74387732-6635-4324-99cc-116b0ecba454,Groww,com.nextbillion.groww,google_play_public_no_login_fetcher
good,,5,2026-08-31,play_store,18.16.1,en,0,563663e7-95a7-4163-ad9c-baee5f8b372e,Groww,com.nextbillion.groww,google_play_public_no_login_fetcher
excellent,,5,2026-08-31,play_store,18.16.0,en,0,f2b1c166-4519-48a8-aede-04afd8eecad3,Groww,com.nextbillion.groww,google_play_public_no_login_fetcher
The app keeps crashing continuously after the recent update. Kindly fix that!,,1,2026-08-31,play_store,,en,0,d7694cd9-dcad-43c0-8cc3-c7bb3ff88c46,Groww,com.nextbillion.groww,google_play_public_no_login_fetcher
very good,,5,2026-08-31,play_store,18.14.2,en,0,4e766abb-b45b-4bba-a19b-715200ed99c5,Groww,com.nextbillion.groww,google_play_public_no_login_fetcher
"in charts mode the scalper option is irritating please remove it, or place it on other side",,1,2026-08-31,play_store,18.16.1,en,0,ddeaf357-353e-490d-a718-09f286a1f604,Groww,com.nextbillion.groww,google_play_public_no_login_fetcher
Experience good,,5,2026-08-31,play_store,18.16.1,en,0,d2aa19fb-d0df-4290-b171-3c69a4b0ceb2,Groww,com.nextbillion.groww,google_play_public_no_login_fetcher
groww supper,,5,2026-08-31,play_store,18.16.1,en,0,1f4030be-3aa3-48ca-ac19-58213a08eb09,Groww,com.nextbillion.groww,google_play_public_no_login_fetcher
"After recent update, Back button disappears in the bottom once u Enter into Trading view.",,1,2026-08-31,play_store,18.11.1,en,0,4c19b9f3-2f87-4365-9960-328f876dedab,Groww,com.nextbillion.groww,google_play_public_no_login_fetcher
good,,5,2026-08-31,play_store,18.15.1,en,0,30f8bbcc-a554-455f-a07f-68021865754d,Groww,com.nextbillion.groww,google_play_public_no_login_fetcher
good,,3,2026-08-31,play_store,18.15.1,en,0,ac019ce5-daf9-414e-bcac-1cfb6dc070a3,Groww,com.nextbillion.groww,google_play_public_no_login_fetcher
totally apko bhkane wali app h koi sip 2 sal se minus m return de rhi h or dikhate h 30 % return,,1,2026-08-31,play_store,18.14.1,en,0,399bdfbe-ca70-42e0-8475-cf755e3f53fd,Groww,com.nextbillion.groww,google_play_public_no_login_fetcher
very smart now,,5,2026-08-31,play_store,18.16.1,en,0,8b150392-0c1a-4374-8e77-f78263f2e6bf,Groww,com.nextbillion.groww,google_play_public_no_login_fetcher
good,,5,2026-08-31,play_store,18.16.1,en,0,0509f4cf-b23e-4721-be07-2a3fcf1bb8c7,Groww,com.nextbillion.groww,google_play_public_no_login_fetcher
very very good 👍,,5,2026-08-31,play_store,18.16.1,en,0,d5b0ac58-e379-43a9-8f78-4c0206520df1,Groww,com.nextbillion.groww,google_play_public_no_login_fetcher
v good,,5,2026-08-31,play_store,18.15.1,en,0,4138d375-036a-4fab-bd33-2d1c30c2840c,Groww,com.nextbillion.groww,google_play_public_no_login_fetcher
good 💯,,5,2026-08-31,play_store,18.16.1,en,0,f361fa2d-95cf-46f7-8926-aec538f51bea,Groww,com.nextbillion.groww,google_play_public_no_login_fetcher
jordar,,5,2026-08-31,play_store,,en,1,aa404bfc-4bb6-488a-be1d-39687f7ab391,Groww,com.nextbillion.groww,google_play_public_no_login_fetcher
really fantastic platform,,5,2026-08-31,play_store,18.15.1,en,0,0ec2fe34-c3ba-4a21-bf20-a15c440c198f,Groww,com.nextbillion.groww,google_play_public_no_login_fetcher
good 😊,,5,2026-08-31,play_store,18.16.1,en,0,13136b28-0d7e-49d5-a6bd-64cf23c0514e,Groww,com.nextbillion.groww,google_play_public_no_login_fetcher
good experience...,,5,2026-08-31,play_store,18.16.1,en,0,79b2c50a-e511-4779-9cc1-d9a3b5a974b6,Groww,com.nextbillion.groww,google_play_public_no_login_fetcher
add advance order feature for allotted ipos.... it's the feature all ur major competitors have just not you... how come ur technical team didn't notice this earlier....,,1,2026-08-31,play_store,18.16.1,en,4,30673047-7ac3-4bd5-803b-71503f5472d8,Groww,com.nextbillion.groww,google_play_public_no_login_fetcher
good,,5,2026-08-31,play_store,18.16.1,en,0,105898ee-f27a-4914-9b9e-675d96474bb4,Groww,com.nextbillion.groww,google_play_public_no_login_fetcher
Good aap for investment for long-term,,5,2026-08-31,play_store,18.16.1,en,1,3c29228a-c743-47db-a1ca-c24882063389,Groww,com.nextbillion.groww,google_play_public_no_login_fetcher
very nice,,4,2026-08-31,play_store,18.15.1,en,0,c833aaec-31b8-46ca-aace-a5c8310873bb,Groww,com.nextbillion.groww,google_play_public_no_login_fetcher
🙏,,5,2026-08-31,play_store,,en,0,334334cc-9d79-439d-bc02-c35eb2d9609e,Groww,com.nextbillion.groww,google_play_public_no_login_fetcher
good,,5,2026-08-31,play_store,18.16.1,en,0,b9b19877-9a90-4396-91b8-7f601df8c32a,Groww,com.nextbillion.groww,google_play_public_no_login_fetcher
easy run app,,5,2026-08-31,play_store,,en,0,5d819861-05e8-4200-a2c6-77afabfc8f6c,Groww,com.nextbillion.groww,google_play_public_no_login_fetcher
rubbish,,1,2026-08-31,play_store,18.16.1,en,0,9da3c924-9e00-4b54-8d93-be5c3e035503,Groww,com.nextbillion.groww,google_play_public_no_login_fetcher
good,,5,2026-08-31,play_store,18.15.1,en,0,1074588b-7898-4b69-93a2-f15e2e599f5d,Groww,com.nextbillion.groww,google_play_public_no_login_fetcher
some times very lagged we refresh every minute,,1,2026-08-31,play_store,18.16.1,en,1,a847d278-7368-4c4b-b828-ad4ecf84f563,Groww,com.nextbillion.groww,google_play_public_no_login_fetcher
good experience and essay stocks buy and sell i like this application,,5,2026-08-31,play_store,18.16.1,en,2,93321fd7-4639-4751-a6a4-fef041dc0ca9,Groww,com.nextbillion.groww,google_play_public_no_login_fetcher
"hello sir please option chain me hi resistance support oi ko highlighted kijiye ,key level indicator ploting add kijiye",,5,2026-08-31,play_store,18.16.1,en,2,5b4fd2fc-b735-4613-aaa6-8e9b51c7b97a,Groww,com.nextbillion.groww,google_play_public_no_login_fetcher
best,,5,2026-08-31,play_store,,en,0,4345373c-4f19-4977-8dfb-910a75f86a89,Groww,com.nextbillion.groww,google_play_public_no_login_fetcher
nice app & improve day by day,,5,2026-08-31,play_store,18.16.1,en,0,eca273ac-d5f1-45c2-a33e-975c4cf7b00e,Groww,com.nextbillion.groww,google_play_public_no_login_fetcher
"New features like screener, volume shockers etc added made easy to filter the stocks. Keep improving......",,5,2026-08-31,play_store,18.16.1,en,4,67278cf1-89c0-4d85-a731-3bae108ac41f,Groww,com.nextbillion.groww,google_play_public_no_login_fetcher
good,,5,2026-08-31,play_store,18.14.0,en,0,6b0cc529-00eb-4232-81ff-0a61f987df33,Groww,com.nextbillion.groww,google_play_public_no_login_fetcher
suppr,,5,2026-08-31,play_store,18.16.1,en,0,9580934a-0ba0-4e65-afa1-cb0fde9b596a,Groww,com.nextbillion.groww,google_play_public_no_login_fetcher
good,,4,2026-08-31,play_store,18.15.1,en,0,1a91ca7f-c796-451a-aeba-21200f16a404,Groww,com.nextbillion.groww,google_play_public_no_login_fetcher
It's been a week since I requested to close my Demat account but there has been no response.,,1,2026-08-31,play_store,18.16.1,en,1,3ad06c69-9375-4dc8-a886-74b50fd08870,Groww,com.nextbillion.groww,google_play_public_no_login_fetcher
Good service,,5,2026-08-31,play_store,18.16.1,en,0,c827b946-a790-400a-9b75-146883918f93,Groww,com.nextbillion.groww,google_play_public_no_login_fetcher
एक्सीलेंट,,5,2026-08-30,play_store,18.15.1,en,0,63630e7f-94d8-4195-9479-54c75733e91c,Groww,com.nextbillion.groww,google_play_public_no_login_fetcher
nice,,5,2026-08-30,play_store,18.15.1,en,0,30dbabd6-4846-4da4-a45f-4e191a3c07fe,Groww,com.nextbillion.groww,google_play_public_no_login_fetcher
only Hindi Language sir please.,,3,2026-08-30,play_store,18.16.1,en,0,e6c50dfc-c45e-4140-915f-92c58ec1f735,Groww,com.nextbillion.groww,google_play_public_no_login_fetcher
good,,5,2026-08-30,play_store,18.13.2,en,0,901814ca-4ad0-4655-a269-1c993fcac58d,Groww,com.nextbillion.groww,google_play_public_no_login_fetcher
gud,,5,2026-08-30,play_store,18.16.1,en,0,9b177138-e805-4f0d-b6e2-c74b3f57c34d,Groww,com.nextbillion.groww,google_play_public_no_login_fetcher
very trusted,,5,2026-08-30,play_store,18.16.1,en,0,d871a32a-8552-460e-a277-bfa23bd2fbb8,Groww,com.nextbillion.groww,google_play_public_no_login_fetcher
good 👍,,5,2026-08-30,play_store,18.16.1,en,0,04669aca-60e5-4759-8e44-63d853aae643,Groww,com.nextbillion.groww,google_play_public_no_login_fetcher
best ❣️,,5,2026-08-30,play_store,,en,0,24850b66-aa89-4e4a-8638-257f49c6cadd,Groww,com.nextbillion.groww,google_play_public_no_login_fetcher
good app,,5,2026-08-30,play_store,,en,0,18032db5-ecf7-44bd-92b1-6e848db78bee,Groww,com.nextbillion.groww,google_play_public_no_login_fetcher
super easy to use,,5,2026-08-30,play_store,18.16.1,en,1,3435bfbc-727d-40f6-8c87-2db5038606ab,Groww,com.nextbillion.groww,google_play_public_no_login_fetcher
best app,,5,2026-08-30,play_store,18.16.1,en,0,101bee7b-3e7d-45b7-a20c-b7f8af991de6,Groww,com.nextbillion.groww,google_play_public_no_login_fetcher
Best for beginners to Experience,,5,2026-08-30,play_store,18.16.0,en,1,2e39f635-9e64-4d75-9912-2b889668c027,Groww,com.nextbillion.groww,google_play_public_no_login_fetcher
extremely good experience with Grow application..,,5,2026-08-30,play_store,18.14.0,en,0,f0508e02-1cff-4ed7-b4d5-de0994d2fce3,Groww,com.nextbillion.groww,google_play_public_no_login_fetcher
Love the UI and design! It's simple to understand having all functionalities a trader should need! My only Investment app for future 😊,,5,2026-08-30,play_store,18.16.1,en,4,49193bbc-e305-469b-9091-9d9f416a041f,Groww,com.nextbillion.groww,google_play_public_no_login_fetcher
highly satisfied.,,5,2026-08-30,play_store,18.16.1,en,0,56b557a3-8ded-467f-86ec-e5d92dad2c5d,Groww,com.nextbillion.groww,google_play_public_no_login_fetcher
best app for sip♥️😊,,5,2026-08-30,play_store,18.15.1,en,0,9dddc13b-c81f-4a7a-81a2-c91a71615693,Groww,com.nextbillion.groww,google_play_public_no_login_fetcher
very good,,5,2026-08-30,play_store,18.13.2,en,0,2e9e7961-c505-4edf-b9d8-cd3418e6f4ab,Groww,com.nextbillion.groww,google_play_public_no_login_fetcher
recently many apps have been a headache to me and I'm glad to say this ain't it,,4,2026-08-30,play_store,,en,0,120108b2-b455-48ae-bf7d-7072c3d51ea1,Groww,com.nextbillion.groww,google_play_public_no_login_fetcher
I will be satisfied 😀 simple easy to use,,5,2026-08-30,play_store,18.16.1,en,1,fc396012-38af-44b1-bd8c-8f71c3f03804,Groww,com.nextbillion.groww,google_play_public_no_login_fetcher
Add new functions such as (index +call/put) layout to appear on the same screen,,5,2026-08-30,play_store,18.16.1,en,0,8bbe4a0c-ad4a-473e-b375-c457c9eba837,Groww,com.nextbillion.groww,google_play_public_no_login_fetcher
that's good app,,5,2026-08-30,play_store,18.15.1,en,0,bb8c02b9-c800-4eed-a16d-c6145f7d59b2,Groww,com.nextbillion.groww,google_play_public_no_login_fetcher
"overall good experience, hight tax",,4,2026-08-30,play_store,18.15.1,en,0,83a9967b-54e4-46fd-96aa-cf3319654371,Groww,com.nextbillion.groww,google_play_public_no_login_fetcher
One of the best apps,,5,2026-08-30,play_store,18.16.1,en,0,6b99c249-1712-4c1b-996c-f8029023721f,Groww,com.nextbillion.groww,google_play_public_no_login_fetcher
very good 👍,,5,2026-08-30,play_store,18.16.0,en,0,7a55dfd9-851f-464c-b75c-1bbcf351d683,Groww,com.nextbillion.groww,google_play_public_no_login_fetcher
"great app, and interface",,5,2026-08-30,play_store,18.16.1,en,0,bdd0112b-0e72-4e2b-a5dc-7bf3d8664ba5,Groww,com.nextbillion.groww,google_play_public_no_login_fetcher
nice,,5,2026-08-30,play_store,18.16.0,en,0,16e0d260-b456-4ba8-8c9c-3b62ac2b39d9,Groww,com.nextbillion.groww,google_play_public_no_login_fetcher
🔝,,5,2026-08-30,play_store,18.15.1,en,0,6f48d122-fec1-407a-9c32-801f012d09ef,Groww,com.nextbillion.groww,google_play_public_no_login_fetcher
excellent,,5,2026-08-30,play_store,,en,0,c8ad65fb-3fd0-407e-8f02-91bb636c587b,Groww,com.nextbillion.groww,google_play_public_no_login_fetcher
Nice aap for stocks & mutual funds excellent service.,,5,2026-08-30,play_store,18.14.1,en,0,360d52ec-f19d-4f03-b0a3-8d57399cd414,Groww,com.nextbillion.groww,google_play_public_no_login_fetcher
benefit Hai benefit,,5,2026-08-30,play_store,,en,0,0074034b-49bb-4c53-a2d4-5da6d22cdbc5,Groww,com.nextbillion.groww,google_play_public_no_login_fetcher
it lags a lot,,1,2026-08-30,play_store,18.15.1,en,0,8d1cbed7-a561-48c8-854a-430e421146ee,Groww,com.nextbillion.groww,google_play_public_no_login_fetcher
good app,,5,2026-08-30,play_store,18.15.1,en,0,cbad90d8-70dc-485b-9c36-faf911a19164,Groww,com.nextbillion.groww,google_play_public_no_login_fetcher
Great,,4,2026-08-30,play_store,18.15.1,en,0,fdec5ad9-1133-46e9-a34e-1fcb5f81f334,Groww,com.nextbillion.groww,google_play_public_no_login_fetcher
nice🤩,,5,2026-08-30,play_store,18.15.1,en,0,367676ae-5f60-4718-9ee2-755da2ff312e,Groww,com.nextbillion.groww,google_play_public_no_login_fetcher
very third class update its not installed,,1,2026-08-30,play_store,,en,0,534c253c-ab4e-4ac6-afc9-e1e5f41929c3,Groww,com.nextbillion.groww,google_play_public_no_login_fetcher
broken charges are too high,,1,2026-08-30,play_store,18.16.1,en,2,1f6437ba-cb4a-4329-80ee-9b09f29157fb,Groww,com.nextbillion.groww,google_play_public_no_login_fetcher
bad aap,,1,2026-08-30,play_store,18.16.1,en,0,2504ab90-a8ee-4e48-b0cc-ca29996c8563,Groww,com.nextbillion.groww,google_play_public_no_login_fetcher
good,,5,2026-08-30,play_store,18.16.1,en,0,073575e7-dcf8-477a-9893-c403ac18cd76,Groww,com.nextbillion.groww,google_play_public_no_login_fetcher
good,,5,2026-08-30,play_store,18.16.1,en,0,8b079a3c-6270-446a-bc0d-2c79c2c02518,Groww,com.nextbillion.groww,google_play_public_no_login_fetcher
no customer service support 😠,,1,2026-08-30,play_store,18.16.1,en,0,27571eb6-e025-4ae3-8e83-140a31eda992,Groww,com.nextbillion.groww,google_play_public_no_login_fetcher
my holding is loss 10000 but i will happy,,5,2026-08-30,play_store,18.15.1,en,0,c66144bd-1909-4eae-acff-439c19a4b2be,Groww,com.nextbillion.groww,google_play_public_no_login_fetcher
supar,,5,2026-08-30,play_store,18.14.2,en,0,245133a0-5119-4ab3-9651-f0cf486cdd5b,Groww,com.nextbillion.groww,google_play_public_no_login_fetcher
Good trading,,3,2026-08-30,play_store,17.85,en,1,8ac48dc5-dcfd-42ed-b987-f0c2a84716f0,Groww,com.nextbillion.groww,google_play_public_no_login_fetcher
v good,,5,2026-08-30,play_store,18.16.1,en,0,74d2acfb-8117-4992-bf97-986a8764bdb8,Groww,com.nextbillion.groww,google_play_public_no_login_fetcher
ai button at the top was available before but after updating the app it is remove. why!,,1,2026-08-30,play_store,18.16.1,en,0,43b854f7-7c6e-4f74-a81f-dfd337a908dd,Groww,com.nextbillion.groww,google_play_public_no_login_fetcher
best App,,5,2026-08-30,play_store,,en,0,643edb12-abf7-4dce-9c19-4d5a99f2848d,Groww,com.nextbillion.groww,google_play_public_no_login_fetcher
Good Luck 👍,,5,2026-08-30,play_store,18.16.1,en,0,6a23a62c-f9fd-4450-b661-89f06ab7b0de,Groww,com.nextbillion.groww,google_play_public_no_login_fetcher
one of the best trading platform or investment 😇,,5,2026-08-30,play_store,18.11.1,en,0,d1ceece6-3035-4b79-8062-d3af7398edb1,Groww,com.nextbillion.groww,google_play_public_no_login_fetcher
"Groww is very easy to use compared to many apps, which I really like. However, there is no separate category or dedicated section for International Mutual Funds, making it difficult to find all available funds. I’ve also noticed that international funds currently not accepting new SIPs or lump-sum investments don’t even appear when searched in the app. This is very disappointing and frustrating. Because of these issues, I’m giving Groww a 1-star review.",,1,2026-08-30,play_store,18.16.1,en,3,370afd8b-f51f-47fa-a662-b51a6be2e0a8,Groww,com.nextbillion.groww,google_play_public_no_login_fetcher
I am not understand system,,2,2026-08-30,play_store,18.15.1,en,0,171aae39-b58e-415a-a1c8-37546409388c,Groww,com.nextbillion.groww,google_play_public_no_login_fetcher
ok,,5,2026-08-30,play_store,18.14.0,en,0,452a11df-3371-4e07-a8ca-aba99f8ebfd2,Groww,com.nextbillion.groww,google_play_public_no_login_fetcher
good trading app,,5,2026-08-30,play_store,18.16.0,en,0,5fc36285-e4dc-48ca-9211-9e4e646ccd17,Groww,com.nextbillion.groww,google_play_public_no_login_fetcher
good,,5,2026-08-30,play_store,18.16.1,en,0,9ee1a9e6-c919-442c-aa13-016d1a715d87,Groww,com.nextbillion.groww,google_play_public_no_login_fetcher
Good Platform And Super Fast Growth,,5,2026-08-30,play_store,18.16.1,en,1,321a3c3f-b6e6-40ca-8807-2380d178e8af,Groww,com.nextbillion.groww,google_play_public_no_login_fetcher
good,,4,2026-08-30,play_store,18.15.1,en,0,5163c8ee-cddc-4b83-b0cd-f8e485b2f61c,Groww,com.nextbillion.groww,google_play_public_no_login_fetcher
this account is safe and secure,,5,2026-08-30,play_store,18.16.1,en,0,b39bf213-546b-4935-aeec-f818282d95bf,Groww,com.nextbillion.groww,google_play_public_no_login_fetcher
easy to prosess,,5,2026-08-30,play_store,18.15.1,en,0,4a71ba34-ba82-410d-87f4-ba2efddfd3bd,Groww,com.nextbillion.groww,google_play_public_no_login_fetcher
supar 👌🏻👌🏻👌🏻,,5,2026-08-30,play_store,18.16.1,en,0,b2f16485-c921-43b0-8be5-7bf44c9a7d71,Groww,com.nextbillion.groww,google_play_public_no_login_fetcher
good,,5,2026-08-30,play_store,18.16.0,en,0,6fb76069-b2c2-4be2-8222-3cb0808636a6,Groww,com.nextbillion.groww,google_play_public_no_login_fetcher
very Good work,,4,2026-08-30,play_store,18.16.1,en,1,10070ee9-b897-432c-99bc-55aecc023232,Groww,com.nextbillion.groww,google_play_public_no_login_fetcher
very good 👍👍,,5,2026-08-30,play_store,18.13.2,en,0,c9ff6221-238e-4abf-bbb9-a5d7cafb3a65,Groww,com.nextbillion.groww,google_play_public_no_login_fetcher
Groww के होम पेज पर जो राइट साइड में लोन का ऑप्शन दिख रहा है उसे बदल दीजिए वहां पर UPI का ऑप्शन दीजिए और जहां UPI है वहां इस लोन का ऑप्शन कर दीजिए बेहतर रहेगा पेमेंट करने में दिक्कत नहीं आएगी बहुत दिक्कत हो रहा है पेमेंट करने में 👍,,5,2026-08-30,play_store,18.16.1,en,0,7d8b17ac-8b64-4bd8-8de1-d5661cad5f84,Groww,com.nextbillion.groww,google_play_public_no_login_fetcher
great,,5,2026-08-30,play_store,18.14.1,en,0,ceda115d-e26f-4144-8999-c9622150a33f,Groww,com.nextbillion.groww,google_play_public_no_login_fetcher
సూపర్,,4,2026-08-30,play_store,,en,0,24051439-2225-42c8-b255-475dcea86290,Groww,com.nextbillion.groww,google_play_public_no_login_fetcher
Tredline. Fibonachi. Tred andgl no . I request aadd,,5,2026-08-30,play_store,18.16.1,en,1,8a662011-83e8-48ea-856b-67c850771342,Groww,com.nextbillion.groww,google_play_public_no_login_fetcher
easy to use,,4,2026-08-30,play_store,18.14.2,en,0,c1b08b65-2254-4712-ba0d-50fbe169f5e9,Groww,com.nextbillion.groww,google_play_public_no_login_fetcher
good app 👍,,5,2026-08-30,play_store,18.15.1,en,0,6c9e1161-4726-4ae0-a859-4d4c92c4de6e,Groww,com.nextbillion.groww,google_play_public_no_login_fetcher
very easy and friendly,,5,2026-08-30,play_store,18.16.1,en,0,3342ce0e-12ef-49bb-9ed9-1433c35946fe,Groww,com.nextbillion.groww,google_play_public_no_login_fetcher
darun app,,5,2026-08-30,play_store,18.16.1,en,0,da963a31-4b7c-49dc-88fe-e7c5ee1fc7c7,Groww,com.nextbillion.groww,google_play_public_no_login_fetcher
best,,5,2026-08-30,play_store,18.16.1,en,0,bad915e1-d65c-46e0-b58b-a114e392c583,Groww,com.nextbillion.groww,google_play_public_no_login_fetcher
very good,,5,2026-08-30,play_store,18.16.0,en,0,c0a95a3c-7c52-4a72-8359-3a586a9d06ae,Groww,com.nextbillion.groww,google_play_public_no_login_fetcher
good broker good platform,,5,2026-08-30,play_store,18.16.1,en,1,22d95ddd-dbd3-4d49-81c2-7d1fea2c5d78,Groww,com.nextbillion.groww,google_play_public_no_login_fetcher
"please don't download this app , because they have worst support system. my experience: I called their support team for email changing problem due to its locked for some reason,they told it's may take 2/3 working days but even after 10 days their is no response from them ,i also raised ticket but nothing changes,still no response, it's time to change app",,1,2026-08-30,play_store,18.16.1,en,3,f25c3d3f-7f80-4d93-8c58-26aa07157233,Groww,com.nextbillion.groww,google_play_public_no_login_fetcher
good 😊,,5,2026-08-30,play_store,18.16.1,en,0,c02bc41a-5f1e-456a-b787-7753e55747a1,Groww,com.nextbillion.groww,google_play_public_no_login_fetcher
its good,,5,2026-08-30,play_store,18.15.1,en,0,bcf3142d-2f03-4f2d-a4d5-e7521a6f348b,Groww,com.nextbillion.groww,google_play_public_no_login_fetcher
very good user friendly but brocarge charage is little high,,5,2026-08-30,play_store,18.16.1,en,3,2b8a9742-0052-4934-9244-58434e6b47a4,Groww,com.nextbillion.groww,google_play_public_no_login_fetcher
they cut a money,,1,2026-08-30,play_store,18.16.0,en,0,84a80407-022f-4411-8a0c-7f3c8c9e8c57,Groww,com.nextbillion.groww,google_play_public_no_login_fetcher
good app easily creat demat acc,,5,2026-08-30,play_store,18.16.0,en,0,7d90abe2-470c-497c-ad05-8e5b81d670e2,Groww,com.nextbillion.groww,google_play_public_no_login_fetcher
Easy to use. Simple UI. Quick and Responsive.,,5,2026-08-30,play_store,,en,0,dbf773cd-176d-495c-82b1-8c14aaba5066,Groww,com.nextbillion.groww,google_play_public_no_login_fetcher
good,,5,2026-08-30,play_store,18.15.1,en,0,de1a86d9-7b7e-45a6-9074-022aca15355b,Groww,com.nextbillion.groww,google_play_public_no_login_fetcher
"app deserves 5 stars for its user friendly interface, because there's no bond market viewing and trading, and still we can buy bonds feels that something is lacking, please update this issue soon.",,4,2026-08-30,play_store,18.16.0,en,15,2a4cad04-c9c1-4699-a0be-ef8203bca7f3,Groww,com.nextbillion.groww,google_play_public_no_login_fetcher
kal mera first trade hai dhekhte hai kya hota hai jay shree ram ❤️,,5,2026-08-30,play_store,,en,0,3add23bf-dc18-42f9-9718-2e956f0cf30a,Groww,com.nextbillion.groww,google_play_public_no_login_fetcher
good,,1,2026-08-30,play_store,18.16.0,en,0,2db292de-b6e6-4cec-bd47-cf6dbb5a668e,Groww,com.nextbillion.groww,google_play_public_no_login_fetcher
good experience with this app.,,5,2026-08-30,play_store,18.16.0,en,0,f0b677f1-e8f8-4d5f-b0ef-567e3eef25ca,Groww,com.nextbillion.groww,google_play_public_no_login_fetcher
good👍,,4,2026-08-30,play_store,18.16.0,en,0,c6f152f7-674e-4390-95dd-a3ce62f2ba5b,Groww,com.nextbillion.groww,google_play_public_no_login_fetcher
very well app,,5,2026-08-30,play_store,18.16.1,en,0,eaab1b4d-4571-4153-bcd4-b4c24788754d,Groww,com.nextbillion.groww,google_play_public_no_login_fetcher
your Instant exit in options not working so many time thats why facing losses you take Responsibility of that sometimes it's lacking too much who take Responsibility incase of Brokerage you charge massive amount what facilities???,,1,2026-08-30,play_store,18.16.1,en,3,efd20984-7d14-4ec5-a934-ba2645f240e8,Groww,com.nextbillion.groww,google_play_public_no_login_fetcher
okay 👍,,5,2026-08-30,play_store,18.16.1,en,0,b94cc58e-fb88-4149-aba3-75f9a44622dc,Groww,com.nextbillion.groww,google_play_public_no_login_fetcher
Just like profit transactions indicated by GREEN 💚 color. I suggested groww team to indicate loss transactions by RED ♥️ color. still not updated.,,1,2026-08-30,play_store,18.16.1,en,2,aa45c583-0670-44aa-9406-23016c5ab79b,Groww,com.nextbillion.groww,google_play_public_no_login_fetcher
sell money delivery delay for bank account,,5,2026-08-30,play_store,18.16.1,en,0,cca8125f-65ed-4563-afab-5ee833f8f403,Groww,com.nextbillion.groww,google_play_public_no_login_fetcher
good,,4,2026-08-30,play_store,18.16.0,en,0,703e63fa-dde8-4c63-aec9-7add4f47da7b,Groww,com.nextbillion.groww,google_play_public_no_login_fetcher
"can you please add review portfolio facility feature to the app, like ind money and power up aap..this will be great help tp existing user",,3,2026-08-30,play_store,18.15.1,en,0,df45589d-24f8-4d64-b69c-326bed2e2ff8,Groww,com.nextbillion.groww,google_play_public_no_login_fetcher
supb🥰😍,,4,2026-08-30,play_store,18.15.1,en,0,1d1b5688-c5f7-46e5-a4d6-3f1145b89bc9,Groww,com.nextbillion.groww,google_play_public_no_login_fetcher
thik thak hai,,3,2026-08-30,play_store,18.15.1,en,0,84c221dd-3336-40cd-97ff-a7f2e5cba601,Groww,com.nextbillion.groww,google_play_public_no_login_fetcher
"very good, I am very impressed by using this app... very simple to use...",,5,2026-08-30,play_store,18.16.0,en,2,3d52ca8f-4fad-4fa5-a8fc-75bbf44ddb26,Groww,com.nextbillion.groww,google_play_public_no_login_fetcher
the app has become too slow. and heavy. earlier it was lite and superfast.,,1,2026-08-30,play_store,18.16.0,en,0,c640b8f2-e6b7-4d19-9251-a840724507e0,Groww,com.nextbillion.groww,google_play_public_no_login_fetcher
Nice app,,5,2026-08-30,play_store,18.16.0,en,0,c645379f-8e5f-4605-b643-e4d3aad2d9d1,Groww,com.nextbillion.groww,google_play_public_no_login_fetcher
High brokerage,,2,2026-08-30,play_store,18.16.0,en,0,b35500db-458f-4833-8172-055fbb996520,Groww,com.nextbillion.groww,google_play_public_no_login_fetcher
Good,,5,2026-08-30,play_store,,en,0,6e90b407-c81e-4fca-8d22-b1a3b6a7b2f9,Groww,com.nextbillion.groww,google_play_public_no_login_fetcher
Best team working support for interest,,5,2026-08-30,play_store,18.13.2,en,0,e39f19ed-6bc8-4363-96ea-7468ee795bef,Groww,com.nextbillion.groww,google_play_public_no_login_fetcher
good,,5,2026-08-30,play_store,18.15.1,en,0,58abe9cb-ef4c-46a9-8d90-ce66cb5e7e89,Groww,com.nextbillion.groww,google_play_public_no_login_fetcher
excellent,,5,2026-08-30,play_store,,en,0,b691946d-f492-4c9a-a1d0-6f474676f70e,Groww,com.nextbillion.groww,google_play_public_no_login_fetcher
good experience with groww,,5,2026-08-30,play_store,,en,0,d8eb630f-cdf8-46f4-a69f-a520b761ef3d,Groww,com.nextbillion.groww,google_play_public_no_login_fetcher
"I don't like the current way of showing income and profit of companies , please update back to the previous design.",,5,2026-08-30,play_store,18.16.0,en,9,ce3d5f8d-73c8-4c4f-bdd0-4799b57b3f48,Groww,com.nextbillion.groww,google_play_public_no_login_fetcher
"Using Groww since 2018 for both swing trading and long-term investments, including mutual funds. The app is super user-friendly with fast order execution. I really love the clean interface—it doesn't clutter the screen with unnecessary data, making it very easy to understand everything at a glance. Highly recommended.",,5,2026-08-30,play_store,18.16.1,en,4,824b6a7c-ac0c-48a5-90e3-f72f9684c339,Groww,com.nextbillion.groww,google_play_public_no_login_fetcher
nice,,4,2026-08-30,play_store,18.15.1,en,0,81d17ce1-369a-443d-85be-67a26a5c09e4,Groww,com.nextbillion.groww,google_play_public_no_login_fetcher
very good,,5,2026-08-30,play_store,18.15.0,en,0,8ecaa9f4-586c-48bd-befa-e0e8f4cb9be2,Groww,com.nextbillion.groww,google_play_public_no_login_fetcher
too much hidden charges,,2,2026-08-30,play_store,18.16.0,en,1,3f908e98-54cf-45bf-abfe-f45cc405eb88,Groww,com.nextbillion.groww,google_play_public_no_login_fetcher
veri nice app bahut simple and bahut bahut iji investment and mutual fund thank you,,5,2026-08-30,play_store,18.15.1,en,1,1ce1ee26-d703-4254-b0f5-9b82c44301b8,Groww,com.nextbillion.groww,google_play_public_no_login_fetcher
nice,,5,2026-08-30,play_store,,en,0,8dc1e6af-2347-430e-aa21-20e7c3a97b87,Groww,com.nextbillion.groww,google_play_public_no_login_fetcher
"The app is super user friendly, and is an easy recco for all beginners.",,5,2026-08-30,play_store,18.16.1,en,2,f20f9eb6-8500-4078-b284-2581e46436fa,Groww,com.nextbillion.groww,google_play_public_no_login_fetcher
easy to use,,5,2026-08-30,play_store,18.16.1,en,0,2afa0a37-5778-4cdc-a073-bb8b9724bac6,Groww,com.nextbillion.groww,google_play_public_no_login_fetcher
Abhi Tak start Nhi Hua But star De Deta Hu Kya Pta Hai Ishki,,5,2026-08-30,play_store,18.16.0,en,0,f25aa170-4e3f-4217-a7d8-22ab0fa715c2,Groww,com.nextbillion.groww,google_play_public_no_login_fetcher
very good,,5,2026-08-30,play_store,18.16.0,en,0,0e3e5ad4-6ca6-4748-be0a-c190fcd19ef8,Groww,com.nextbillion.groww,google_play_public_no_login_fetcher
help in investment,,5,2026-08-30,play_store,18.15.1,en,0,8820aadf-c7d4-4193-90c7-e15ac9977486,Groww,com.nextbillion.groww,google_play_public_no_login_fetcher
Good,,5,2026-08-30,play_store,18.15.1,en,0,6129b714-5319-4bfc-a08c-fb672148d867,Groww,com.nextbillion.groww,google_play_public_no_login_fetcher
good,,3,2026-08-30,play_store,18.16.0,en,0,60583bec-cba7-47cf-adb8-24620d68a1cf,Groww,com.nextbillion.groww,google_play_public_no_login_fetcher
good,,1,2026-08-30,play_store,,en,0,91ec7874-585c-409f-9c01-5af91819fd7d,Groww,com.nextbillion.groww,google_play_public_no_login_fetcher
Nice experience,,5,2026-08-30,play_store,,en,0,2d1dd875-c6ef-4a4a-b869-251a1ba2a7b1,Groww,com.nextbillion.groww,google_play_public_no_login_fetcher
good service,,4,2026-08-30,play_store,18.16.1,en,1,38313939-6cbe-4f60-bcba-4661765ece71,Groww,com.nextbillion.groww,google_play_public_no_login_fetcher
Very Good app,,5,2026-08-30,play_store,18.15.0,en,0,f12c50ab-2b9e-4aeb-bd00-f9edf00f7787,Groww,com.nextbillion.groww,google_play_public_no_login_fetcher
best trading app,,5,2026-08-30,play_store,18.16.1,en,0,ca1108f0-b1b9-436b-bc56-9e5cddc2e568,Groww,com.nextbillion.groww,google_play_public_no_login_fetcher
Easy to use.. Bahut hi helpfully application h.. Sari chije easy way m h jldi smjh ajata h or information bhi milti rahti h. Account information.. Fund.. Account statement sb chij smy s ho jati h mujhe bahut pasand aya yh application,,5,2026-08-30,play_store,18.16.1,en,0,9b559eb9-107c-4977-822d-2af2a2775585,Groww,com.nextbillion.groww,google_play_public_no_login_fetcher
Best for trading,,5,2026-08-30,play_store,18.15.1,en,0,330d03eb-5916-4e86-b809-f58eca3931ba,Groww,com.nextbillion.groww,google_play_public_no_login_fetcher
good,,5,2026-08-30,play_store,18.14.2,en,0,17e38e45-6d5c-4e35-84c0-872d35fbc2a5,Groww,com.nextbillion.groww,google_play_public_no_login_fetcher
it is easy to use,,5,2026-08-30,play_store,18.13.2,en,0,f4b50c67-b744-4530-b58e-7cb1d20978ef,Groww,com.nextbillion.groww,google_play_public_no_login_fetcher
good 😊.,,5,2026-08-30,play_store,18.14.2,en,0,972e5d99-1b2a-43f8-a150-7943a1318a54,Groww,com.nextbillion.groww,google_play_public_no_login_fetcher
nice,,5,2026-08-30,play_store,18.16.1,en,0,79bf33c0-cfef-4b7d-a4b4-fa6ceaa8847b,Groww,com.nextbillion.groww,google_play_public_no_login_fetcher
good 👍,,5,2026-08-30,play_store,18.14.1,en,1,ebe9b923-7955-4f06-80e8-77f92eb0c5fc,Groww,com.nextbillion.groww,google_play_public_no_login_fetcher
Add Notes Options in Watchlist as other brokers given. please reduce brokerage charges as it is costlier in charges.,,4,2026-08-30,play_store,18.16.1,en,7,b2901deb-0355-4cd1-9952-131ac55f6de3,Groww,com.nextbillion.groww,google_play_public_no_login_fetcher
very good,,5,2026-08-30,play_store,18.16.0,en,0,9c44b0ca-1b22-4858-bd0c-f9f62a2da23d,Groww,com.nextbillion.groww,google_play_public_no_login_fetcher
Excellent...But not smooth candle stick formation,,5,2026-08-30,play_store,18.15.1,en,1,0d6bf566-fd38-4bab-9042-54064b40e5ad,Groww,com.nextbillion.groww,google_play_public_no_login_fetcher
good,,5,2026-08-30,play_store,,en,0,7861ce20-3629-45a4-8ff1-102076bb147e,Groww,com.nextbillion.groww,google_play_public_no_login_fetcher
nice,,5,2026-08-30,play_store,18.16.1,en,0,058cf044-baa3-45ac-8752-07ae0aa13e65,Groww,com.nextbillion.groww,google_play_public_no_login_fetcher
Nice app,,5,2026-08-30,play_store,18.15.1,en,0,fcf8d161-89da-4224-a2f8-1b61bc19bc38,Groww,com.nextbillion.groww,google_play_public_no_login_fetcher
any time app show update just 15 days ago I updated but recently I show new update,,2,2026-08-30,play_store,18.15.1,en,1,a0f27e48-0b10-417e-aa8a-006a4c3a8290,Groww,com.nextbillion.groww,google_play_public_no_login_fetcher
🙃,,5,2026-08-30,play_store,18.6.1,en,0,a379be89-62fd-4913-b1ff-b7c9486c1ac6,Groww,com.nextbillion.groww,google_play_public_no_login_fetcher
ok,,5,2026-08-30,play_store,18.14.2,en,0,49f44dd7-b858-48ad-ac40-417c4d6ea6e1,Groww,com.nextbillion.groww,google_play_public_no_login_fetcher
good experience on 23/01/2024,,5,2026-08-30,play_store,18.16.0,en,1,b9ecb91c-0d81-471a-86cc-615d1f6a8244,Groww,com.nextbillion.groww,google_play_public_no_login_fetcher
good,,5,2026-08-30,play_store,18.16.1,en,0,a691c9a2-02e7-4a64-92d0-230205d42592,Groww,com.nextbillion.groww,google_play_public_no_login_fetcher
super,,5,2026-08-30,play_store,,en,0,099c5921-3c4b-4a89-88eb-844606c91f74,Groww,com.nextbillion.groww,google_play_public_no_login_fetcher
nice 👍,,5,2026-08-30,play_store,18.15.1,en,0,a77c122e-7f70-455b-a27d-61c1ac6f005c,Groww,com.nextbillion.groww,google_play_public_no_login_fetcher
good work,,5,2026-08-30,play_store,,en,0,4ed0504d-a37c-4690-87cc-468718534086,Groww,com.nextbillion.groww,google_play_public_no_login_fetcher
Best,,5,2026-08-30,play_store,18.15.1,en,0,ec51879f-3f27-4108-870b-9b365b3e2330,Groww,com.nextbillion.groww,google_play_public_no_login_fetcher
I'm using this app for a year . It is excellent for beginners like me 😄,,5,2026-08-30,play_store,18.16.1,en,1,a1111e65-089b-4bcb-a449-c3e96608487f,Groww,com.nextbillion.groww,google_play_public_no_login_fetcher
charges is so much high and no any help,,1,2026-08-30,play_store,18.16.1,en,2,eb213c8d-53b9-4503-b521-e880bfd16431,Groww,com.nextbillion.groww,google_play_public_no_login_fetcher
Nice new app,,5,2026-08-30,play_store,17.22,en,0,337e3ec9-740a-420a-8928-d8a091c6f8ae,Groww,com.nextbillion.groww,google_play_public_no_login_fetcher
app is not installing after update and there is some problem while installing from playstore askin to delete most of the apps from my mobile please solve the problem or install previous app,,1,2026-08-30,play_store,18.13.2,en,0,d9b38e6f-194c-435a-b812-b3ecf368a289,Groww,com.nextbillion.groww,google_play_public_no_login_fetcher
exchange charge ka pata hi nahi chalne deta bahut jyada kat leta he,,1,2026-08-30,play_store,18.14.2,en,0,f3da9ce4-d6ec-4368-b920-f976f03270a3,Groww,com.nextbillion.groww,google_play_public_no_login_fetcher
good,,3,2026-08-30,play_store,18.15.1,en,1,da33cd97-21d2-45df-9d0c-72c204b9050f,Groww,com.nextbillion.groww,google_play_public_no_login_fetcher
"Good app , thanks all groww team for continuous improving and new technology features.i want one More feature. When we set alert for Nifty, if the Nifty spot price triggers that alert, the option trade should be executed automatically.",,5,2026-08-30,play_store,18.16.1,en,5,ce92dfb1-0eec-4168-887e-4ac8280c6b52,Groww,com.nextbillion.groww,google_play_public_no_login_fetcher
easy to operate and give update.,,5,2026-08-30,play_store,,en,0,1b211f32-abd1-4500-a813-65bcb78651d1,Groww,com.nextbillion.groww,google_play_public_no_login_fetcher
good 👏,,1,2026-08-30,play_store,18.15.1,en,0,4b2524f6-befd-42ff-8578-08324921ae1a,Groww,com.nextbillion.groww,google_play_public_no_login_fetcher
good,,2,2026-08-30,play_store,18.16.0,en,0,f2b35390-f19f-475d-a2e7-46ee098e36fd,Groww,com.nextbillion.groww,google_play_public_no_login_fetcher
nice,,4,2026-08-30,play_store,18.15.1,en,1,ece6b3bd-3c3d-4e76-b3ca-17fcd1562f0e,Groww,com.nextbillion.groww,google_play_public_no_login_fetcher
very good👍,,5,2026-08-30,play_store,,en,0,f5e7581b-7e7f-4857-afa2-76683794dba6,Groww,com.nextbillion.groww,google_play_public_no_login_fetcher
"nice app, but they may think about their brokkerages.... it's to higher than others",,4,2026-08-30,play_store,18.16.0,en,0,eee5b661-fea3-442d-951f-d7444bf18356,Groww,com.nextbillion.groww,google_play_public_no_login_fetcher
brokrege fee jyada lagta hai thoda kam to karo,,5,2026-08-30,play_store,,en,0,c3d4f160-6d7e-40ae-bf4f-c232e2e0f09c,Groww,com.nextbillion.groww,google_play_public_no_login_fetcher
superb,,5,2026-08-30,play_store,18.15.1,en,0,6b6fcc44-9096-4810-a06c-2124f1d2bf71,Groww,com.nextbillion.groww,google_play_public_no_login_fetcher
हिंदुस्तान का बेजोड निवेश app . जय groww जय हिंद चलाने में सबसे ज्यादा आसान app इसकी टक्कर का कोई ओर app नहीं हैं। पूरे भारत में नंबर वन। आसान यूजर फ्रेंडली ऐप। जय हिंद,,5,2026-08-30,play_store,18.15.1,en,0,2d49e63d-7485-45cb-93cc-1a0c97fe3a1e,Groww,com.nextbillion.groww,google_play_public_no_login_fetcher
good,,5,2026-08-30,play_store,18.16.1,en,0,30b6b486-9e33-491b-817d-dacda6200d66,Groww,com.nextbillion.groww,google_play_public_no_login_fetcher
good,,5,2026-08-30,play_store,18.16.0,en,0,82c5c430-8d73-45b2-86b9-dab685d35142,Groww,com.nextbillion.groww,google_play_public_no_login_fetcher
very good,,5,2026-08-30,play_store,18.15.1,en,0,e52c1018-9a26-492f-9da8-4947b7458dcb,Groww,com.nextbillion.groww,google_play_public_no_login_fetcher
good app,,5,2026-08-30,play_store,18.14.2,en,0,75d0252f-ecfa-4349-8efd-b9f651858a78,Groww,com.nextbillion.groww,google_play_public_no_login_fetcher
Niche And beter App Service beter Security team are Beter,,5,2026-08-30,play_store,18.16.1,en,1,3edf839d-337a-4f65-acd6-75d581a41a3b,Groww,com.nextbillion.groww,google_play_public_no_login_fetcher
"good service , can I buy your groww own share it's good for wealth",,5,2026-08-30,play_store,,en,0,212509b3-5688-41ba-9d78-3c97d58801eb,Groww,com.nextbillion.groww,google_play_public_no_login_fetcher
best app,,5,2026-08-30,play_store,18.16.0,en,0,92163b01-e175-44b4-ac6a-3ea89ae6a3a3,Groww,com.nextbillion.groww,google_play_public_no_login_fetcher
yah app Itna achcha hai ki mujhe Jaise Garib ko kam se kam 2 sal mein ek lakh ka fayda karva chuka hai thanks groww app Dil Se 🙏🙏❣️,,5,2026-08-30,play_store,18.16.1,en,1,596c1a41-40ed-41be-b726-672fc0c1976a,Groww,com.nextbillion.groww,google_play_public_no_login_fetcher
"Groww ऐप में Big HNI कैटेगरी के तहत IPO में आवेदन करने का विकल्प उपलब्ध नहीं होना हम जैसे निवेशकों के लिए काफी निराशाजनक है। जबकि हम निवेशक का लगभग 26% तक का app मे use का यूज़ करते है हमें Big HNI कैटेगरी में निवेश करने की सुविधा भी मिलनी चाहिए। Groww एक बड़ा और भरोसेमंद प्लेटफॉर्म है, इसलिए निवेशकों को ऐसी महत्वपूर्ण सुविधा से वंचित रखना उचित नहीं लगता। उम्मीद है कि Groww जल्द से जल्द Big HNI कैटेगरी में IPO आवेदन की सुविधा उपलब्ध कराएगा, ताकि निवेशकों को बेहतर विकल्प और सुविधा मिल सके।",,1,2026-08-30,play_store,18.16.0,en,0,bc700ede-212c-4396-848f-11893f547dcc,Groww,com.nextbillion.groww,google_play_public_no_login_fetcher
"I mean, we already know, it's best...",,5,2026-08-30,play_store,18.15.1,en,0,d6ff0cfc-abb0-485d-92a9-3649dfb65ea6,Groww,com.nextbillion.groww,google_play_public_no_login_fetcher
it's very easy to handle. that's why it's perfect for normal people to use.,,5,2026-08-30,play_store,18.14.2,en,1,265e09df-8d9b-4c5e-ae4c-65129bc0b898,Groww,com.nextbillion.groww,google_play_public_no_login_fetcher
super se bhi uper 👍🧡,,5,2026-08-30,play_store,18.13.2,en,0,db34adf7-a7e9-40b9-96b0-341891dde8d0,Groww,com.nextbillion.groww,google_play_public_no_login_fetcher
Simpal ओर easy ऐप Grow is tha bast app,,5,2026-08-30,play_store,18.16.1,en,0,17ca68a1-08a4-4510-b09d-01ff6d9e3b6f,Groww,com.nextbillion.groww,google_play_public_no_login_fetcher
Good Service,,5,2026-08-30,play_store,18.15.1,en,0,0309c59f-5d1a-489c-bf33-3c0d24fff441,Groww,com.nextbillion.groww,google_play_public_no_login_fetcher
fantastic 😍,,5,2026-08-30,play_store,17.96.7,en,0,03987ba4-21c5-4001-abb0-e6ddb67b3801,Groww,com.nextbillion.groww,google_play_public_no_login_fetcher
good 👍,,5,2026-08-30,play_store,18.15.1,en,0,693bc8d1-b6a9-4807-9b74-67b9ae48572b,Groww,com.nextbillion.groww,google_play_public_no_login_fetcher
Best,,5,2026-08-30,play_store,18.14.2,en,0,756b26c5-d73b-43c6-a145-437473d35195,Groww,com.nextbillion.groww,google_play_public_no_login_fetcher
👍,,5,2026-08-30,play_store,18.16.1,en,0,6304f14a-ede0-4e41-83ee-a2e0cfafdac6,Groww,com.nextbillion.groww,google_play_public_no_login_fetcher
Best app and Customer Support Services,,5,2026-08-30,play_store,18.16.1,en,1,0cec9df3-6df4-4531-8733-ba97bb2c1429,Groww,com.nextbillion.groww,google_play_public_no_login_fetcher
very good,,5,2026-08-30,play_store,18.16.0,en,0,92095834-ec0c-40ed-8a87-4cb6eb4f3331,Groww,com.nextbillion.groww,google_play_public_no_login_fetcher
Best broker,,5,2026-08-30,play_store,18.16.0,en,0,5cbfb87e-7837-4fe3-a27c-a6bc502fcc33,Groww,com.nextbillion.groww,google_play_public_no_login_fetcher
Great Platform,,5,2026-08-30,play_store,18.16.1,en,0,5a30144d-34a9-49be-aea9-1ea2d149f77a,Groww,com.nextbillion.groww,google_play_public_no_login_fetcher
Double my money,,5,2026-08-30,play_store,18.15.1,en,0,2681da15-86d5-4cab-b0ff-13528d1926c9,Groww,com.nextbillion.groww,google_play_public_no_login_fetcher
"I want ""LINE WITH MARKERS"" tool in this app",,1,2026-08-30,play_store,18.16.0,en,0,cb6cf331-3d31-4e61-a189-511e4a28d186,Groww,com.nextbillion.groww,google_play_public_no_login_fetcher
high commission taking,,1,2026-08-30,play_store,,en,0,d759079e-22a9-45de-b303-5594b463602d,Groww,com.nextbillion.groww,google_play_public_no_login_fetcher
very easy us aplication,,5,2026-08-30,play_store,18.15.1,en,0,1a0eb5b7-b569-48c2-94ea-e6f503c6b25b,Groww,com.nextbillion.groww,google_play_public_no_login_fetcher
sapne dikha ke logo ke paise lootna,,1,2026-08-30,play_store,17.52,en,0,83275873-483e-4af3-b22d-3977a01e7add,Groww,com.nextbillion.groww,google_play_public_no_login_fetcher
good,,5,2026-08-30,play_store,18.15.1,en,0,efaeaf6e-9c36-425a-8b3d-4ad67154f61d,Groww,com.nextbillion.groww,google_play_public_no_login_fetcher
very good broker app,,5,2026-08-30,play_store,,en,0,627648ab-0442-4751-93d2-a32f2b4b5bd2,Groww,com.nextbillion.groww,google_play_public_no_login_fetcher
Excellent Trading Platform,,5,2026-08-30,play_store,18.16.1,en,0,19e0c59b-7ce4-47ad-8835-743a8f703ec1,Groww,com.nextbillion.groww,google_play_public_no_login_fetcher
slow and cahrt sticks while going from one share to another,,1,2026-08-30,play_store,,en,0,afefbbf7-9a66-4d43-93b0-817d6321ac24,Groww,com.nextbillion.groww,google_play_public_no_login_fetcher
good,,5,2026-08-30,play_store,18.16.1,en,0,0ee694d3-e4f2-4ae2-8166-76b804f407bb,Groww,com.nextbillion.groww,google_play_public_no_login_fetcher
great app,,5,2026-08-30,play_store,,en,0,6bf02608-d1e4-4682-b0d9-d9fbb362957b,Groww,com.nextbillion.groww,google_play_public_no_login_fetcher
good,,5,2026-08-30,play_store,18.16.0,en,0,2708c0a0-f9f7-4457-9f82-e19c6a809e0b,Groww,com.nextbillion.groww,google_play_public_no_login_fetcher
like it,,4,2026-08-30,play_store,18.15.1,en,0,b0488d8a-9244-4709-ae71-f13fce67afce,Groww,com.nextbillion.groww,google_play_public_no_login_fetcher
good,,5,2026-08-30,play_store,18.16.0,en,0,95129af4-499a-43e5-99f8-8e6c6ae387e2,Groww,com.nextbillion.groww,google_play_public_no_login_fetcher
very good,,5,2026-08-30,play_store,18.16.1,en,0,ee84b30f-efa1-4a26-9758-150696f98263,Groww,com.nextbillion.groww,google_play_public_no_login_fetcher
बहुत अच्छा सर्विस और बहुत बढ़िया चला यह एवं और इसमें रुपया निकालने में कोई परेशानी नहीं होती है और डालने में तो कोई दिक्कत नहीं है,,5,2026-08-30,play_store,,en,0,c1847dfe-f425-44f2-8619-69e197252f00,Groww,com.nextbillion.groww,google_play_public_no_login_fetcher
mast,,5,2026-08-30,play_store,18.16.0,en,0,d90f9e86-7dee-434f-ab8e-8345f44634f4,Groww,com.nextbillion.groww,google_play_public_no_login_fetcher
best,,5,2026-08-30,play_store,18.16.1,en,0,b0148a83-2d57-4792-9f59-81e2a2959e23,Groww,com.nextbillion.groww,google_play_public_no_login_fetcher
nice,,5,2026-08-30,play_store,18.15.1,en,0,b5bb265d-2b04-46e4-af0d-6babb284d556,Groww,com.nextbillion.groww,google_play_public_no_login_fetcher
"Very poor customer support, practically no help desk. The available AI help is of no use and infact irritating at a time of need of help. The instantly available AI help literally sucks the mind without any meaningful delivery of result.",,3,2026-08-30,play_store,18.9.0,en,0,b43229e9-951c-4105-895c-c98645a8d856,Groww,com.nextbillion.groww,google_play_public_no_login_fetcher
options brokerage jada hai,,3,2026-08-30,play_store,18.15.1,en,0,73fcaeb0-e2b3-4a89-87b1-653a649eaf29,Groww,com.nextbillion.groww,google_play_public_no_login_fetcher
Great for mutual fund and stocks,,5,2026-08-30,play_store,18.16.1,en,2,985bf947-75f7-4cba-a68b-068bc6717d1d,Groww,com.nextbillion.groww,google_play_public_no_login_fetcher
ok,,4,2026-08-30,play_store,18.16.0,en,0,a730aaa8-f9cf-4a52-af68-5bbcec55e08b,Groww,com.nextbillion.groww,google_play_public_no_login_fetcher
Excellent apps,,5,2026-08-30,play_store,18.15.1,en,0,d084f9f7-9a71-4d70-a8e3-13becb0e6df3,Groww,com.nextbillion.groww,google_play_public_no_login_fetcher
🤩nice,,4,2026-08-30,play_store,18.15.1,en,0,13b01110-c4aa-44bf-876f-39a2a94e6551,Groww,com.nextbillion.groww,google_play_public_no_login_fetcher
very nice,,5,2026-08-30,play_store,18.15.1,en,0,206bf2e3-3e6b-4c14-ac37-6d0ff4248c86,Groww,com.nextbillion.groww,google_play_public_no_login_fetcher
great app,,4,2026-08-30,play_store,18.15.1,en,0,94f37545-102d-4b01-b5ef-31385732366d,Groww,com.nextbillion.groww,google_play_public_no_login_fetcher
now improved app performance and speed,,5,2026-08-30,play_store,18.16.1,en,1,84225f77-cda4-4424-85eb-3fc9cd1c5e3e,Groww,com.nextbillion.groww,google_play_public_no_login_fetcher
"im using aap grow so, very useful aaps so...Thanku grow",,5,2026-08-30,play_store,18.15.1,en,0,08bf8cdb-6f74-49e2-a245-90f8105b285f,Groww,com.nextbillion.groww,google_play_public_no_login_fetcher
application developer only increase number of download ke liye bar bar application update de raha hai or kuch nahi kar rahe update ke name per,,1,2026-08-30,play_store,18.15.1,en,0,bf8cdec9-880f-4ab8-aac4-e644c02098e5,Groww,com.nextbillion.groww,google_play_public_no_login_fetcher
very easy to use for freshers,,5,2026-08-30,play_store,18.13.2,en,0,cea41391-8955-40ab-adaf-d4ff28d6ffd7,Groww,com.nextbillion.groww,google_play_public_no_login_fetcher
"its a basic app dont use this, use zedrodha or angelone",,1,2026-08-30,play_store,18.16.1,en,1,9d8127de-ab5b-47f2-abd3-fa2738e25413,Groww,com.nextbillion.groww,google_play_public_no_login_fetcher
very good for investing and also grow your experience,,4,2026-08-30,play_store,,en,1,12602006-a964-4da3-b50a-ff92a8877eeb,Groww,com.nextbillion.groww,google_play_public_no_login_fetcher
good,,5,2026-08-30,play_store,18.13.2,en,0,1431bb11-0b7f-4e02-b4df-c19acceb984a,Groww,com.nextbillion.groww,google_play_public_no_login_fetcher
good,,5,2026-08-30,play_store,18.16.0,en,0,f9995ee9-d6d9-42a2-bd02-69b06bb28253,Groww,com.nextbillion.groww,google_play_public_no_login_fetcher
payment nice,,5,2026-08-30,play_store,18.16.1,en,0,ba70b68a-af17-4a73-9185-b3066fffeaf1,Groww,com.nextbillion.groww,google_play_public_no_login_fetcher
very good 😊,,5,2026-08-30,play_store,18.15.1,en,0,4d9ffce1-2f56-4510-8aed-fa9d9180ba0d,Groww,com.nextbillion.groww,google_play_public_no_login_fetcher
good and smooth and also simple,,5,2026-08-30,play_store,18.16.1,en,1,a0b141e7-6413-4128-a0f1-cc4e757419b1,Groww,com.nextbillion.groww,google_play_public_no_login_fetcher
best app,,4,2026-08-30,play_store,,en,0,d5fc1459-e40d-4982-9eaf-c4fd19add803,Groww,com.nextbillion.groww,google_play_public_no_login_fetcher
good,,5,2026-08-30,play_store,18.15.1,en,0,4ce5c0d0-4094-4aed-a735-76481e8c3714,Groww,com.nextbillion.groww,google_play_public_no_login_fetcher
"Excellent:- Stock market steps to loose money. My losses above 27 lakh. Preparing Demat Account means start to loose hard earned money without any hesitation. Post office and bank fix deposit is the Supreme work. If you want to defeat inflation. Loose all money in stock market, than no fear of inflation. Buy land,invest for business practices and if you are unable to do any business than fix deposit much Supreme work. I don't trust stock market as stocks,mutual funds or option trading etc",,5,2026-08-30,play_store,,en,0,1708f62d-cbc8-4ce3-a1c3-acd17eac1079,Groww,com.nextbillion.groww,google_play_public_no_login_fetcher
"when I open the chart most of the space is blocked by the terminal, etc chart space is very small also when you open the chart full screen the buy and sell button is not working.",,1,2026-08-30,play_store,18.16.1,en,2,a0de9bd6-a2e4-4d3d-ac98-5c99189bda60,Groww,com.nextbillion.groww,google_play_public_no_login_fetcher
good,,5,2026-08-30,play_store,,en,0,a1bafb81-f91d-4318-9038-4029fc09a8ee,Groww,com.nextbillion.groww,google_play_public_no_login_fetcher
good app,,5,2026-08-30,play_store,18.13.2,en,0,8edc3748-8c5f-4580-9640-b6caee8c9a43,Groww,com.nextbillion.groww,google_play_public_no_login_fetcher
Great,,4,2026-08-30,play_store,18.15.1,en,0,680f7929-46cb-4298-a62e-73c7896c2bb5,Groww,com.nextbillion.groww,google_play_public_no_login_fetcher
good,,4,2026-08-30,play_store,18.16.1,en,1,60994a2b-f202-45c8-9b5f-3b91158b7ee7,Groww,com.nextbillion.groww,google_play_public_no_login_fetcher
best of best,,5,2026-08-30,play_store,18.16.0,en,0,73252a42-c930-4d99-903c-c2bde9ac653d,Groww,com.nextbillion.groww,google_play_public_no_login_fetcher
very bed app,,1,2026-08-30,play_store,18.6.1,en,0,cc36e73e-766f-4748-ad69-19399e59e092,Groww,com.nextbillion.groww,google_play_public_no_login_fetcher
good,,4,2026-08-30,play_store,18.16.1,en,0,98113926-9087-4f28-8a27-31905e76e3c0,Groww,com.nextbillion.groww,google_play_public_no_login_fetcher
amazing experience,,5,2026-08-30,play_store,18.16.0,en,0,c0d738f5-7079-4c13-9ad7-045297687349,Groww,com.nextbillion.groww,google_play_public_no_login_fetcher
Nice,,5,2026-08-30,play_store,18.16.0,en,0,d956324a-a531-4f91-9bfc-02e8febbb7aa,Groww,com.nextbillion.groww,google_play_public_no_login_fetcher
Nice,,5,2026-08-30,play_store,18.15.1,en,0,db8b165e-83ad-4363-b082-276343df25a0,Groww,com.nextbillion.groww,google_play_public_no_login_fetcher
good,,4,2026-08-30,play_store,18.14.0,en,0,600f67b5-f6f5-409e-9d23-fa0fef569a3c,Groww,com.nextbillion.groww,google_play_public_no_login_fetcher
excellent app for invester,,5,2026-08-30,play_store,,en,0,70e47b4c-f929-4418-93bb-7c025933ffd7,Groww,com.nextbillion.groww,google_play_public_no_login_fetcher
is very use full app and vary faster⚡,,5,2026-08-30,play_store,18.16.0,en,0,de2d8126-70b0-482d-9c18-2fef2210372c,Groww,com.nextbillion.groww,google_play_public_no_login_fetcher
details information/news on commodities is needed,,4,2026-08-30,play_store,18.16.1,en,0,f4c03142-6032-4145-88b0-ae1da3286c9e,Groww,com.nextbillion.groww,google_play_public_no_login_fetcher
very nice 👌,,5,2026-08-30,play_store,,en,0,9f3bd999-1721-4667-ab72-0e124a759c05,Groww,com.nextbillion.groww,google_play_public_no_login_fetcher
good jordaar OK,,5,2026-08-30,play_store,18.15.1,en,0,da41f55b-866d-4ec2-acd5-ecee39018e38,Groww,com.nextbillion.groww,google_play_public_no_login_fetcher
very slow,,1,2026-08-30,play_store,18.16.1,en,0,b34ce0c6-edeb-4a88-ab3f-bdbf25125a3c,Groww,com.nextbillion.groww,google_play_public_no_login_fetcher
good performance,,3,2026-08-30,play_store,18.15.1,en,0,3557f0d7-7401-4cf8-b2a7-042a1adbf3ce,Groww,com.nextbillion.groww,google_play_public_no_login_fetcher
nice app,,5,2026-08-30,play_store,18.16.1,en,0,04d23235-d877-475a-8994-5f3936cac4ea,Groww,com.nextbillion.groww,google_play_public_no_login_fetcher
good 👍,,5,2026-08-30,play_store,18.16.1,en,0,d725050e-4dc6-4c95-ba60-71970a5f54a2,Groww,com.nextbillion.groww,google_play_public_no_login_fetcher
"very nice and great app working right now, I love it",,4,2026-08-30,play_store,18.16.1,en,3,71291787-658b-472c-8310-ca4b64e724c8,Groww,com.nextbillion.groww,google_play_public_no_login_fetcher
this aap is nice,,5,2026-08-30,play_store,18.16.1,en,0,33219ea0-9a06-4957-a7da-aab7597399ef,Groww,com.nextbillion.groww,google_play_public_no_login_fetcher
👍👍👍,,5,2026-08-30,play_store,18.15.0,en,0,6ea1a8d6-e2ee-4a5f-b56c-a5e137e73692,Groww,com.nextbillion.groww,google_play_public_no_login_fetcher
very good 💯,,5,2026-08-30,play_store,18.16.0,en,0,41acc7a5-2334-4667-8817-2f5b0231cd26,Groww,com.nextbillion.groww,google_play_public_no_login_fetcher
Charges are more,,1,2026-08-30,play_store,18.16.0,en,0,7294a6d3-4c8a-461d-b031-154adc8a508a,Groww,com.nextbillion.groww,google_play_public_no_login_fetcher
good UI and user friendly but needs improvement in charts part,,4,2026-08-30,play_store,18.14.2,en,1,d25d008a-fc9f-4aba-8746-ae08c110a2e0,Groww,com.nextbillion.groww,google_play_public_no_login_fetcher
nice,,5,2026-08-30,play_store,18.16.0,en,0,edb236a8-7e6c-4d94-bf05-78bd5a4b2f4d,Groww,com.nextbillion.groww,google_play_public_no_login_fetcher
good,,5,2026-08-30,play_store,18.15.1,en,0,9f084081-a6fa-4717-a831-9f417aee864b,Groww,com.nextbillion.groww,google_play_public_no_login_fetcher
good,,5,2026-08-30,play_store,18.16.1,en,0,5c8f648a-d055-419e-adca-58d621305fa3,Groww,com.nextbillion.groww,google_play_public_no_login_fetcher
good,,5,2026-08-30,play_store,,en,0,c87c3d91-59fb-4131-abae-d1cd03f88963,Groww,com.nextbillion.groww,google_play_public_no_login_fetcher
good,,5,2026-08-30,play_store,,en,0,ca6536d4-0db0-41d6-a3a5-4f84fa7ad739,Groww,com.nextbillion.groww,google_play_public_no_login_fetcher
The best and most user friendly trading app!,,5,2026-08-30,play_store,18.16.1,en,5,8e715c5f-5e40-49e9-b1c3-647cf7d4d599,Groww,com.nextbillion.groww,google_play_public_no_login_fetcher
grow together,,5,2026-08-30,play_store,18.16.1,en,0,a0aeeec5-d10d-4dce-9185-9fce9ed611e2,Groww,com.nextbillion.groww,google_play_public_no_login_fetcher
App user interface is good. But har 2-4 din mai update aa jata h ye bahot irritating lagta h. samjh nahi ata daily basis pe konsa update hota h app mai.,,4,2026-08-30,play_store,18.15.1,en,0,bcb9b7d8-f524-4cd3-9ef4-1daae66395ec,Groww,com.nextbillion.groww,google_play_public_no_login_fetcher
wldone,,5,2026-08-30,play_store,18.15.1,en,0,37a20e03-ab9a-4839-94f9-d4f5eb8fd57c,Groww,com.nextbillion.groww,google_play_public_no_login_fetcher
good,,5,2026-08-30,play_store,,en,0,f73a5d05-1fb2-4990-b96b-fe1c5e6613d5,Groww,com.nextbillion.groww,google_play_public_no_login_fetcher
"best app for investment, easy to understand and easy transaction options, easy to understand a stock movement from its beginning to right now at glance only. super and thanks to team grow.",,5,2026-08-30,play_store,18.16.1,en,5,c212c5d0-aa14-49cc-bc56-0aa2d66de5c9,Groww,com.nextbillion.groww,google_play_public_no_login_fetcher
good,,5,2026-08-30,play_store,18.15.1,en,0,77608677-c99a-415d-a17e-b63c8d425790,Groww,com.nextbillion.groww,google_play_public_no_login_fetcher
"using this app since 2020,,, soo mast",,5,2026-08-30,play_store,18.13.2,en,0,c53aa26d-1b9a-4607-a5a0-a59424e92ea8,Groww,com.nextbillion.groww,google_play_public_no_login_fetcher
Easy to use,,5,2026-08-30,play_store,18.16.0,en,0,06217e2b-2f94-481f-88f2-f8eda7aed5e4,Groww,com.nextbillion.groww,google_play_public_no_login_fetcher
good,,5,2026-08-30,play_store,18.15.1,en,0,d7a976ba-0d78-44a3-9912-8f185e847034,Groww,com.nextbillion.groww,google_play_public_no_login_fetcher
very disappointed,,2,2026-08-30,play_store,,en,1,59161d2d-a842-4d03-b4b3-3334bf0d0e4a,Groww,com.nextbillion.groww,google_play_public_no_login_fetcher
Main purchasing or selling time always has their technical issues. Disgusting...,,3,2026-08-30,play_store,18.16.1,en,3,b29a0b68-036f-4d58-b2ab-a70aaa55f23a,Groww,com.nextbillion.groww,google_play_public_no_login_fetcher
Groww is amazing stock broker and easy to handle also gives market related news. So I will recommend for this one.,,5,2026-08-30,play_store,18.16.1,en,4,c5ef6977-3b3b-4647-8039-40b54b880f40,Groww,com.nextbillion.groww,google_play_public_no_login_fetcher
cause delays during FnO,,1,2026-08-30,play_store,18.15.1,en,0,5aab84e0-1626-42d2-862e-c8449754b452,Groww,com.nextbillion.groww,google_play_public_no_login_fetcher
good,,4,2026-08-30,play_store,18.16.0,en,0,ffdad877-9655-48a0-bfa0-c69fd50e681b,Groww,com.nextbillion.groww,google_play_public_no_login_fetcher
"I have been using this app for last 20 days. As a beginner I'm very satisfied with their service. App is pretty fast. Especially IPO application process happens at lightning speed. They provide tons of information on stock market. I have been using GROWW for 3 years and there is a continuous all round improvement, hence never felt to try to some other app.",,5,2026-08-30,play_store,18.16.0,en,9,77eca09b-6625-4061-a02d-a6126a396eab,Groww,com.nextbillion.groww,google_play_public_no_login_fetcher
Good,,2,2026-08-30,play_store,18.16.0,en,0,cac4f018-2120-411b-8a28-a5b36885e1ab,Groww,com.nextbillion.groww,google_play_public_no_login_fetcher
good,,5,2026-08-30,play_store,18.16.1,en,0,b08d2ba9-84fe-48d0-80b5-2f9f09a5181b,Groww,com.nextbillion.groww,google_play_public_no_login_fetcher
ok,,3,2026-08-30,play_store,18.15.1,en,0,70a71858-51ad-43a3-9c2e-63b1b60a8bf9,Groww,com.nextbillion.groww,google_play_public_no_login_fetcher
nice Groww app,,5,2026-08-30,play_store,18.15.1,en,0,2b102152-ef74-423a-8991-78f3e54dac05,Groww,com.nextbillion.groww,google_play_public_no_login_fetcher
Excellent,,5,2026-08-30,play_store,18.16.1,en,0,2029eecd-80de-408a-a3fa-cb2633e8b50e,Groww,com.nextbillion.groww,google_play_public_no_login_fetcher
nice,,5,2026-08-30,play_store,18.16.1,en,1,0583ef71-69b5-43b2-b375-3d9eb02da5e0,Groww,com.nextbillion.groww,google_play_public_no_login_fetcher
Best App I have ever used. ❣️,,5,2026-08-30,play_store,,en,0,5f525197-ae7e-4002-8e09-806c727052eb,Groww,com.nextbillion.groww,google_play_public_no_login_fetcher
Brokerage is very high.,,1,2026-08-30,play_store,18.16.1,en,2,58354231-dd00-4c3c-beb8-1b7e6192e752,Groww,com.nextbillion.groww,google_play_public_no_login_fetcher
too much charges even on equity par bhi charges hai jab ki competitors free of cost de rahe hai,,2,2026-08-30,play_store,18.16.1,en,1,efbff13f-d74c-47f8-bede-8ae28bf3499d,Groww,com.nextbillion.groww,google_play_public_no_login_fetcher
super,,5,2026-08-30,play_store,,en,0,b2daaa4a-d16e-48e7-9c59-78be3f99d237,Groww,com.nextbillion.groww,google_play_public_no_login_fetcher
superb,,5,2026-08-30,play_store,18.16.1,en,0,9119925c-6825-48cb-ba0b-ec9325216aac,Groww,com.nextbillion.groww,google_play_public_no_login_fetcher
good experience,,5,2026-08-30,play_store,18.16.0,en,0,45fc256d-99d0-4dfb-a7b0-44364befede6,Groww,com.nextbillion.groww,google_play_public_no_login_fetcher
very good,,5,2026-08-30,play_store,18.15.1,en,0,4b52aba8-bc38-4d9b-9344-6bfa39469ceb,Groww,com.nextbillion.groww,google_play_public_no_login_fetcher
amazing,,5,2026-08-30,play_store,18.15.1,en,0,b992e4c8-2ce0-4fc6-89e2-8ae51d086a8c,Groww,com.nextbillion.groww,google_play_public_no_login_fetcher
nice,,5,2026-08-30,play_store,18.16.0,en,0,6209130c-674b-43c1-86fb-f6b87a35ed85,Groww,com.nextbillion.groww,google_play_public_no_login_fetcher
nice 👍🏿,,3,2026-08-30,play_store,18.15.1,en,0,bab2c882-7ace-4e4e-a3e8-8f4a996fb3b7,Groww,com.nextbillion.groww,google_play_public_no_login_fetcher
good,,5,2026-08-30,play_store,18.14.2,en,0,bb4cb5ef-432d-40a0-9b58-94fac0e5eda8,Groww,com.nextbillion.groww,google_play_public_no_login_fetcher
"Too many updates, consuming storage..",,4,2026-08-30,play_store,,en,0,ec3fa737-9a88-4c2a-be09-54ce33f4c2e3,Groww,com.nextbillion.groww,google_play_public_no_login_fetcher
West service I like groww service,,5,2026-08-30,play_store,17.70,en,1,d2918a92-4dcf-4e0f-9f61-1748fb60158f,Groww,com.nextbillion.groww,google_play_public_no_login_fetcher
awesome,,5,2026-08-30,play_store,18.16.0,en,0,c2ddd9db-0f42-44a5-a6d1-335449af8aa9,Groww,com.nextbillion.groww,google_play_public_no_login_fetcher
not live show mutual fund market up down,,1,2026-08-30,play_store,18.16.0,en,0,6ea3365b-5e80-44d9-b5bc-9050c2594d98,Groww,com.nextbillion.groww,google_play_public_no_login_fetcher
best app for trading,,5,2026-08-30,play_store,18.15.1,en,0,6263b9dc-03a7-41e6-9cfa-87065044522a,Groww,com.nextbillion.groww,google_play_public_no_login_fetcher
no.1 treding app,,5,2026-08-30,play_store,18.16.1,en,0,48fecfd5-707d-47eb-a464-93856e91b1e2,Groww,com.nextbillion.groww,google_play_public_no_login_fetcher
nice,,5,2026-08-30,play_store,18.15.1,en,0,f67a941d-b033-4e36-b834-2c8398f6006c,Groww,com.nextbillion.groww,google_play_public_no_login_fetcher
best for beginners. very worthy app,,5,2026-08-30,play_store,18.16.0,en,0,c2818859-f6d0-488b-8ece-c7ef6136ee24,Groww,com.nextbillion.groww,google_play_public_no_login_fetcher
it's working very slow..,,1,2026-08-30,play_store,,en,0,e7813e5b-7911-4e93-b20d-a11f9db440d8,Groww,com.nextbillion.groww,google_play_public_no_login_fetcher
supper,,5,2026-08-30,play_store,,en,0,7a21c277-5f3c-4443-8865-1edd3557ec17,Groww,com.nextbillion.groww,google_play_public_no_login_fetcher
nice app,,5,2026-08-30,play_store,18.16.1,en,0,4db5b663-e5c3-45fd-a49f-f5bdb5656026,Groww,com.nextbillion.groww,google_play_public_no_login_fetcher
best 👍🏻777,,5,2026-08-30,play_store,18.16.0,en,0,584ae591-d23d-4cdf-a63d-5cbd285825b7,Groww,com.nextbillion.groww,google_play_public_no_login_fetcher
scam,,4,2026-08-30,play_store,18.16.0,en,0,216ec1f9-0165-4723-a5f2-fcd996147396,Groww,com.nextbillion.groww,google_play_public_no_login_fetcher
when will groww start slbm mechanism.,,3,2026-08-30,play_store,,en,0,523a38f4-8677-4c8e-9751-93377194af4d,Groww,com.nextbillion.groww,google_play_public_no_login_fetcher
good,,4,2026-08-30,play_store,18.15.1,en,0,8b74d141-0dc2-4962-a106-e096f795b459,Groww,com.nextbillion.groww,google_play_public_no_login_fetcher
wow,,5,2026-08-30,play_store,18.16.0,en,0,fb61c336-13b2-42e1-a077-4597d63a2f6a,Groww,com.nextbillion.groww,google_play_public_no_login_fetcher
The latest update has an issue as it's showing full screen on the chart page which is making it difficult to navigate to the back screen. Please fix.,,2,2026-08-30,play_store,18.16.1,en,4,4830d9d5-82ef-4d97-a52e-07c95f5d421e,Groww,com.nextbillion.groww,google_play_public_no_login_fetcher
good,,5,2026-08-30,play_store,,en,0,384e85cb-1ea6-4d65-b267-c150274521d1,Groww,com.nextbillion.groww,google_play_public_no_login_fetcher
very poor application every time technical glitches during trade,,1,2026-08-30,play_store,18.15.1,en,0,dc193b70-2fed-42cf-a2cf-5de15735504e,Groww,com.nextbillion.groww,google_play_public_no_login_fetcher
nice aap wanderful,,5,2026-08-30,play_store,,en,0,5be86ddc-8926-4971-b254-e40f6ba8e53f,Groww,com.nextbillion.groww,google_play_public_no_login_fetcher
easy to use,,5,2026-08-30,play_store,18.15.1,en,0,364f0d42-255e-40d5-8eb5-c229f84f166a,Groww,com.nextbillion.groww,google_play_public_no_login_fetcher
higher charges compare to other broker,,1,2026-08-30,play_store,,en,0,aff06204-5090-48c8-a403-17c41826255a,Groww,com.nextbillion.groww,google_play_public_no_login_fetcher
bad exprience,,1,2026-08-30,play_store,18.15.1,en,0,08803b57-2223-4ea6-9a5b-60f42143f93e,Groww,com.nextbillion.groww,google_play_public_no_login_fetcher
good,,2,2026-08-30,play_store,,en,1,870ad3b7-edd9-440a-a7ec-f2def7f43c6a,Groww,com.nextbillion.groww,google_play_public_no_login_fetcher
good,,5,2026-08-30,play_store,18.16.0,en,0,f17bae97-df71-41b0-a5ac-1cf4002a8e48,Groww,com.nextbillion.groww,google_play_public_no_login_fetcher
grow charges are there while buy and selling the stock is ₹2 means grow charges ₹5,,4,2026-08-30,play_store,18.16.1,en,1,b2d9a34c-c552-49d1-9aa1-34ed0106bf44,Groww,com.nextbillion.groww,google_play_public_no_login_fetcher
Best user friendly interface.,,5,2026-08-30,play_store,,en,0,166c7855-dc58-4730-840e-61954f387795,Groww,com.nextbillion.groww,google_play_public_no_login_fetcher
very good 👍,,5,2026-08-30,play_store,,en,0,d239bb62-9337-4f71-b312-8c6770230375,Groww,com.nextbillion.groww,google_play_public_no_login_fetcher
The best and faithful app and provides more useful information.,,5,2026-08-30,play_store,18.16.1,en,1,18fd9c7e-86df-4cbf-9dc6-bbf5d8635a8e,Groww,com.nextbillion.groww,google_play_public_no_login_fetcher
very good easy to use,,5,2026-08-30,play_store,18.14.2,en,0,9ba1026f-e0e1-4bb4-a516-8db0c8b3133d,Groww,com.nextbillion.groww,google_play_public_no_login_fetcher
best broker app,,5,2026-08-30,play_store,18.16.0,en,0,2e85e97a-4c70-4784-a0b3-849fb8800db7,Groww,com.nextbillion.groww,google_play_public_no_login_fetcher
best performance apps,,5,2026-08-30,play_store,18.16.0,en,0,e44fa8d0-8d78-4e73-8f82-08a5c7319b7c,Groww,com.nextbillion.groww,google_play_public_no_login_fetcher
excellent tool.....,,5,2026-08-30,play_store,18.16.1,en,0,928da3f7-ad7e-4cc0-b482-b99d13658d5c,Groww,com.nextbillion.groww,google_play_public_no_login_fetcher
ok,,5,2026-08-30,play_store,18.16.1,en,0,2c621398-f072-41ce-b0d3-02236466dfa7,Groww,com.nextbillion.groww,google_play_public_no_login_fetcher
best app for ever,,5,2026-08-30,play_store,18.16.1,en,0,9ab9defd-c4ab-425f-a898-6411f5e1753c,Groww,com.nextbillion.groww,google_play_public_no_login_fetcher
this is very nice app,,5,2026-08-30,play_store,18.16.0,en,0,261b384e-e87f-439d-afd0-8f871e03af0d,Groww,com.nextbillion.groww,google_play_public_no_login_fetcher
best,,5,2026-08-30,play_store,18.15.1,en,1,1617dabf-e264-4e18-b164-670d9f2436ba,Groww,com.nextbillion.groww,google_play_public_no_login_fetcher
it's cool to operate,,5,2026-08-30,play_store,18.16.1,en,0,a110a0ff-db8b-41de-99ee-b517192fc806,Groww,com.nextbillion.groww,google_play_public_no_login_fetcher
Tp he app is great; it provides accurate market information in a timely manner.,,4,2026-08-30,play_store,18.15.0,en,1,574fac27-eee6-41df-be06-61d3aa0d3fa5,Groww,com.nextbillion.groww,google_play_public_no_login_fetcher
I love this app ❤️❤️❤️,,5,2026-08-30,play_store,,en,0,f126801d-9ffe-496c-b488-210205f26f74,Groww,com.nextbillion.groww,google_play_public_no_login_fetcher
"I love the minimal but vast options available in the app, be it stocks, MF, commodity etc but I feel that 1 thing is lacking. In the Groww Web they recently included that feature. I'm talking about Trade directly from charts i.e., like Dhan you can simply drag drop SL and target levels. The feature is there in Groww web but it is not available in mobile. i usually trade from mobile so if they roll out this important feature I'll come back and give it a 5 ⭐ Even Zerodha kite has that feature now",,3,2026-08-30,play_store,18.16.0,en,19,10c8d5c9-6d44-4bc5-8649-8c429f412e93,Groww,com.nextbillion.groww,google_play_public_no_login_fetcher
Best app ever,,5,2026-08-30,play_store,18.16.1,en,0,7dfbc9e8-8f0b-4d23-805f-455987331254,Groww,com.nextbillion.groww,google_play_public_no_login_fetcher
खुप छान,,5,2026-08-30,play_store,18.15.1,en,0,d3427e39-bd24-42bd-b4aa-c8866bf85a00,Groww,com.nextbillion.groww,google_play_public_no_login_fetcher
This platform is very good for investor. This platform is better than Bank 💞,,4,2026-08-30,play_store,18.16.0,en,0,4cc76d0e-b214-4283-9cab-e24700ca0150,Groww,com.nextbillion.groww,google_play_public_no_login_fetcher
yor are the best broker,,5,2026-08-30,play_store,,en,0,5c0fea39-d3db-43ec-8234-3024d92644d6,Groww,com.nextbillion.groww,google_play_public_no_login_fetcher
best,,5,2026-08-30,play_store,18.16.0,en,0,62ef4595-66f0-4045-b9ce-09daa8a3fbda,Groww,com.nextbillion.groww,google_play_public_no_login_fetcher
Nice service,,5,2026-08-30,play_store,,en,0,45c4c993-643f-405b-a6b0-27567e78c060,Groww,com.nextbillion.groww,google_play_public_no_login_fetcher
I am very happy,,5,2026-08-30,play_store,18.15.1,en,0,a1ca9729-b06c-494a-8087-3953835fb4b2,Groww,com.nextbillion.groww,google_play_public_no_login_fetcher
nice,,5,2026-08-30,play_store,18.16.1,en,0,e723d182-5c0f-439c-8360-19709deae0a5,Groww,com.nextbillion.groww,google_play_public_no_login_fetcher
"Groww is a great app, but adding Volume Candles (Volume Candles / Volume Profile) directly to the charts would make technical analysis much easier for active traders. Please consider adding this feature in upcoming updates.",,5,2026-08-30,play_store,18.16.1,en,3,247ea674-b9fb-40e6-900f-804d63e96fc7,Groww,com.nextbillion.groww,google_play_public_no_login_fetcher
vary good app,,5,2026-08-30,play_store,18.16.0,en,0,68790771-31fa-47f8-8be2-f40d5c6cef8f,Groww,com.nextbillion.groww,google_play_public_no_login_fetcher
great experience,,5,2026-08-30,play_store,18.15.1,en,0,5d16464e-c2d7-46a3-bccb-a2fb1634dcd4,Groww,com.nextbillion.groww,google_play_public_no_login_fetcher
nice,,4,2026-08-30,play_store,18.16.0,en,0,50c35a0e-b185-4770-a37e-dc8441027047,Groww,com.nextbillion.groww,google_play_public_no_login_fetcher
good,,5,2026-08-30,play_store,,en,0,54ed6bf6-3f28-41a6-87a8-9ae278d7f667,Groww,com.nextbillion.groww,google_play_public_no_login_fetcher
good app,,3,2026-08-30,play_store,18.16.0,en,0,ee787401-a20c-40c1-8828-aff1459e288c,Groww,com.nextbillion.groww,google_play_public_no_login_fetcher
good,,4,2026-08-30,play_store,18.16.0,en,0,550bb376-98ed-4924-8344-2f50819dd1ae,Groww,com.nextbillion.groww,google_play_public_no_login_fetcher
good,,5,2026-08-30,play_store,18.15.1,en,0,39b03d14-bd23-4b46-af71-5c4c81c7efb1,Groww,com.nextbillion.groww,google_play_public_no_login_fetcher
great experience,,5,2026-08-30,play_store,18.14.1,en,0,c04ba9f6-526f-4594-9719-38e766cf4d88,Groww,com.nextbillion.groww,google_play_public_no_login_fetcher
"Groww must introduce a trailing stoploss feature on the chart. To Groww team , please don't make any delay to introduce this feature. We need this feature by next week",,5,2026-08-30,play_store,18.16.1,en,1,373a517b-9a4a-432d-a003-051b02c3944a,Groww,com.nextbillion.groww,google_play_public_no_login_fetcher
thank you 🌷,,5,2026-08-30,play_store,18.16.1,en,0,741f1eac-5096-469d-9eed-1c98137b35fa,Groww,com.nextbillion.groww,google_play_public_no_login_fetcher
good aap,,5,2026-08-30,play_store,18.16.1,en,0,3e1b7645-9c79-4a6c-9299-172e37454ae2,Groww,com.nextbillion.groww,google_play_public_no_login_fetcher
બ્રોકરેજ ચાર્જીસ બહુ જ છે ઘટાડો કરો તારે સારું રહે,,2,2026-08-30,play_store,18.16.1,en,1,0d69eead-746a-4ce5-8b04-bdd2d7aea6a8,Groww,com.nextbillion.groww,google_play_public_no_login_fetcher
very nice app my first trading start for the grow,,5,2026-08-30,play_store,18.14.2,en,0,9fafe045-cd09-4331-926a-f3c9c29ea4d0,Groww,com.nextbillion.groww,google_play_public_no_login_fetcher
good,,5,2026-08-30,play_store,18.16.1,en,0,06f1f4ef-7bbb-45db-9c90-fb2993d4fce1,Groww,com.nextbillion.groww,google_play_public_no_login_fetcher
"Millions of retail investors, including me, have happily connected with Groww and invested their hard-earned money through the platform. It is encouraging to see the platform continuously growing. We sincerely hope that Groww, along with SEBI, will remain vigilant and take all necessary measures to prevent any kind of scam or fraudulent activity, ensuring the safety and protection of investors’ hard-earned money. Thank you Team Groww",,5,2026-08-30,play_store,18.16.1,en,3,83ca9d2e-fe75-4163-91cb-7bdff2d5e41a,Groww,com.nextbillion.groww,google_play_public_no_login_fetcher
very nice,,5,2026-08-30,play_store,18.16.1,en,0,bc9aa7fc-a957-42de-94aa-44e76c86f3b9,Groww,com.nextbillion.groww,google_play_public_no_login_fetcher
Easy and simple to use.,,5,2026-08-30,play_store,18.16.1,en,3,de32f84b-3987-4b28-b5fb-534ac85efc88,Groww,com.nextbillion.groww,google_play_public_no_login_fetcher
very nice,,5,2026-08-30,play_store,,en,0,bd5a684d-ff3c-490e-9bda-9cdaf09a3cb6,Groww,com.nextbillion.groww,google_play_public_no_login_fetcher
groww app is a best app.,,5,2026-08-30,play_store,18.15.1,en,0,fc57caae-dbac-4b37-9c84-a21047614d7b,Groww,com.nextbillion.groww,google_play_public_no_login_fetcher
bar bar apdate magta he me groww ko delete kar dunga,,1,2026-08-30,play_store,18.16.1,en,0,11d092d2-d44a-41c9-ac25-433bf518730a,Groww,com.nextbillion.groww,google_play_public_no_login_fetcher
Nice app,,4,2026-08-30,play_store,,en,0,d1228bd4-0d87-4565-a811-3e9f4a39f544,Groww,com.nextbillion.groww,google_play_public_no_login_fetcher
good,,5,2026-08-30,play_store,18.16.0,en,0,936124eb-3905-45ca-9376-3f1d18dcbc96,Groww,com.nextbillion.groww,google_play_public_no_login_fetcher
nice app,,5,2026-08-30,play_store,18.16.1,en,0,970351ab-ed86-4b98-bc95-b37eab0c3744,Groww,com.nextbillion.groww,google_play_public_no_login_fetcher
ok,,4,2026-08-30,play_store,18.15.1,en,0,aad4746b-c311-46d1-af3f-fc814b0819ab,Groww,com.nextbillion.groww,google_play_public_no_login_fetcher
best app for traiding.,,5,2026-08-30,play_store,18.16.1,en,1,8f32ee0f-2185-4998-8259-e1c40d9c2049,Groww,com.nextbillion.groww,google_play_public_no_login_fetcher
good,,5,2026-08-30,play_store,,en,0,9f350f55-cfa9-4869-8dd2-8eff1c61bda5,Groww,com.nextbillion.groww,google_play_public_no_login_fetcher
poor,,5,2026-08-30,play_store,18.15.1,en,0,577f5e86-a751-4109-b875-c272209616c0,Groww,com.nextbillion.groww,google_play_public_no_login_fetcher
I don't understand,,1,2026-08-30,play_store,18.15.1,en,0,04802634-bd3c-4824-8218-10afc3f2bfa7,Groww,com.nextbillion.groww,google_play_public_no_login_fetcher
Very very good app,,5,2026-08-30,play_store,18.16.0,en,0,9bc75ab7-aa6e-4373-93dd-b5f3e5d7539f,Groww,com.nextbillion.groww,google_play_public_no_login_fetcher
A One,,4,2026-08-30,play_store,18.16.0,en,0,01596805-99ea-499d-854e-749efdf8368d,Groww,com.nextbillion.groww,google_play_public_no_login_fetcher
Good investment,,5,2026-08-30,play_store,18.16.0,en,0,8045ed94-88a5-440a-83d8-c142525f1e60,Groww,com.nextbillion.groww,google_play_public_no_login_fetcher
ok.,,3,2026-08-30,play_store,18.15.1,en,0,cb90f469-5615-413f-ab70-1a0ba7ec0a39,Groww,com.nextbillion.groww,google_play_public_no_login_fetcher
good app,,4,2026-08-30,play_store,18.16.0,en,0,eb205355-ad0b-4a2f-9065-b695a7c06f48,Groww,com.nextbillion.groww,google_play_public_no_login_fetcher
Not too good,,5,2026-08-30,play_store,18.13.2,en,0,c35bb63a-429e-412c-a82c-f0abeb87b707,Groww,com.nextbillion.groww,google_play_public_no_login_fetcher
very good 😊,,5,2026-08-30,play_store,18.16.1,en,0,c356f504-9a90-4960-b98e-0c3aaad9649d,Groww,com.nextbillion.groww,google_play_public_no_login_fetcher
outstanding,,5,2026-08-30,play_store,18.16.1,en,0,a4279c09-2e90-4f33-9590-89990ecaa5fe,Groww,com.nextbillion.groww,google_play_public_no_login_fetcher
very nice,,5,2026-08-30,play_store,18.16.1,en,0,1729d6ef-13bb-4245-bb6f-8689a65ad920,Groww,com.nextbillion.groww,google_play_public_no_login_fetcher
awesome app,,5,2026-08-29,play_store,18.16.0,en,0,e66c6b0e-ef58-4e61-a628-77e2e409bdec,Groww,com.nextbillion.groww,google_play_public_no_login_fetcher
I am using it continuously and feels happy but some other features of indicators are not available wrt zeroda.,,5,2026-08-29,play_store,18.16.0,en,3,ca7c3c9e-d878-41e3-b5dd-ca62bee290f7,Groww,com.nextbillion.groww,google_play_public_no_login_fetcher
good stuff,,5,2026-08-29,play_store,18.16.0,en,0,f811fef2-3ef9-4039-bdd5-942be1653b73,Groww,com.nextbillion.groww,google_play_public_no_login_fetcher
